_id,speaker full name,thumbnail url
6a034c2435bf06475c27aeb0,Marjan van Aubel,https://pi.tedcdn.com/r/pe.tedcdn.com/images/ted/cdfd75c3861dc23c2a8bc13147f6505b2ef7122a_254x191.jpg?w=255
6a034c2435bf06475c27aebc,Neha Narula,https://pi.tedcdn.com/r/pe.tedcdn.com/images/ted/c267ef04187cef108c2a287d56d228290cc9d093_254x191.jpg?w=255
6a034c2435bf06475c27aece,Sara Ramirez,https://pi.tedcdn.com/r/pe.tedcdn.com/images/ted/bbee39d3ed8d891c34e529c7b14904d643169c7d_254x191.jpg?w=255
6a034c2435bf06475c27aedc,Wendy Troxel,https://pi.tedcdn.com/r/pe.tedcdn.com/images/ted/53428feffae050bab989e15dae2ed735f2d0dd84_254x191.jpg?w=255
6a034c2435bf06475c27af62,Jane Fonda,https://pi.tedcdn.com/r/ted-conferences-speaker-photos-production.s3.amazonaws.com/x9onsieaoahcm3fd4apsfrq4b2xc?w=255
6a034c2435bf06475c27aee7,Alex Keshavarzi,https://pi.tedcdn.com/r/ted-conferences-speaker-photos-production.s3.amazonaws.com/friqhz3ffjzpahlidha94p4oo8gk?w=255
6a034c2437e0c30f44bd1d6e,James Irungu Mwangi,https://pi.tedcdn.com/r/ted-conferences-speaker-photos-production.s3.amazonaws.com/tgp5d5r93apv1lcdo1owb8qhbsvn?w=255
6a034c2435bf06475c27af0b,Coleman Hughes,https://pi.tedcdn.com/r/ted-conferences-speaker-photos-production.s3.amazonaws.com/eo3n0pj1g4pp95q8m6sfawojchkh?w=255
6a034c2435bf06475c27af25,Dayananda Saraswati,https://tedblade-public-assets.s3.us-east-1.amazonaws.com/default-avatar.jpg
6a034c24b9e30957c4388b6d,Joshua W. Pate,https://tedblade-public-assets.s3.us-east-1.amazonaws.com/default-avatar.jpg
6a034c2435bf06475c27af36,Diana Dosik,https://tedblade-public-assets.s3.us-east-1.amazonaws.com/default-avatar.jpg
6a034c24658f0b3b67d4a463,Stacy Spikes,https://tedblade-public-assets.s3.us-east-1.amazonaws.com/default-avatar.jpg
6a034c2435bf06475c27af3d,Ewandro Magalhaes,https://tedblade-public-assets.s3.us-east-1.amazonaws.com/default-avatar.jpg
6a034c24658f0b3b67d4a4ab,Jack Conte,https://pi.tedcdn.com/r/pe.tedcdn.com/images/ted/8cb6227669fc060f1d9d94dbfdc14104ee6fb710_254x191.jpg?w=255
6a034c2435bf06475c27af5d,Henry Ou,https://tedblade-public-assets.s3.us-east-1.amazonaws.com/default-avatar.jpg
6a034c249bbcd05aa3165b9d,Carin Bondar,https://pi.tedcdn.com/r/pe.tedcdn.com/images/ted/1ba5a94fde8961c214123dcf3b2136dfc54c7679_254x191.jpg?w=255
6a034c2435bf06475c27af86,Lara Maiklem,https://tedblade-public-assets.s3.us-east-1.amazonaws.com/default-avatar.jpg
6a034c24b9e30957c4388aa2,Benjamin Barber,https://pi.tedcdn.com/r/pe.tedcdn.com/images/ted/4c8fee0bdb46309f4b4a34c03ce2d3ab625e35e2_254x191.jpg?w=255
6a034c2435bf06475c27afce,Sara Jones,https://pi.tedcdn.com/r/pe.tedcdn.com/images/ted/218241fcc4eda3207b2473ed47bdb4aa3c405caa_254x191.jpg?w=255
6a034c24d4881847be4b5091,Blitz Bazawule,https://tedblade-public-assets.s3.us-east-1.amazonaws.com/default-avatar.jpg
6a034c2435bf06475c27b010,Anil Ananthaswamy,https://pi.tedcdn.com/r/ted-conferences-speaker-photos-production.s3.amazonaws.com/p3w3bfyzuz9mh5taf2ebizs1jzcs?w=255
6a034c25b4b11d1a485862be,Beth Malone,https://pi.tedcdn.com/r/pe.tedcdn.com/images/ted/b2690f8fdb99cd2fe608743709e075693266eae2_254x191.jpg?w=255
6a034c2435bf06475c27b01b,Bruce Friedrich,https://pi.tedcdn.com/r/pe.tedcdn.com/images/ted/f5899bc278d3e3b133fb40e4e4d99af07e4d2665_254x191.jpg?w=255
6a034c2437e0c30f44bd1d0e,Patrick Lencioni,https://tedblade-public-assets.s3.us-east-1.amazonaws.com/default-avatar.jpg
6a034c2435bf06475c27b02f,Denise Herzing,https://pi.tedcdn.com/r/pe.tedcdn.com/images/ted/27a534e409090aa055a561957665bb81cf643c3a_254x191.jpg?w=255
6a034c2437e0c30f44bd1dca,Christiane-Marie Abu Sarah,https://pi.tedcdn.com/r/pe.tedcdn.com/images/ted/4477482f6ef6a0aad84d8791896ef32f09c45404_254x191.jpg?w=255
6a034c2435bf06475c27b036,Dr. Matt J. Carlson,https://tedblade-public-assets.s3.us-east-1.amazonaws.com/default-avatar.jpg
6a034c24658f0b3b67d4a2ad, Rei,https://pi.tedcdn.com/r/pe.tedcdn.com/images/ted/354459a70ea454421a5cb3ce7e2e931959b0fcfb_254x191.jpg?w=255
6a034c2435bf06475c27b047,JR,https://pi.tedcdn.com/r/ted-conferences-speaker-photos-production.s3.amazonaws.com/tiufbl24118xvx6muq6m435nzaud?w=255
6a034c24658f0b3b67d4a4b9,John Bolton,https://tedblade-public-assets.s3.us-east-1.amazonaws.com/default-avatar.jpg
6a034c2435bf06475c27b050,Jason Clay,https://pi.tedcdn.com/r/pe.tedcdn.com/images/ted/187890_254x191.jpg?w=255
6a034c2435bf06475c27b05f,Khulan Batkhuyag,https://pi.tedcdn.com/r/pe.tedcdn.com/images/ted/ababde3ac1e8486bd6c07bf725c621db999a97a0_254x191.jpg?w=255
6a034c245e700263ec4ad1ff,David Anderson,https://pi.tedcdn.com/r/pe.tedcdn.com/images/ted/698a9403576bf29865cd8ed71abd9ca440466593_254x191.jpg?w=255
6a034c2437e0c30f44bd1cc4,Darieth Chisolm,https://tedblade-public-assets.s3.us-east-1.amazonaws.com/default-avatar.jpg
6a034c245e700263ec4ad2a1,Children of Palau,https://tedblade-public-assets.s3.us-east-1.amazonaws.com/default-avatar.jpg
6a034c2437e0c30f44bd1cc5,David Baker,https://pi.tedcdn.com/r/pe.tedcdn.com/images/ted/ffab8484d73b4d45f07cfedfd2c430a508da0f35_254x191.jpg?w=255
6a034c24d4881847be4b51d6,Kathleen McAuliffe,https://pi.tedcdn.com/r/ted-conferences-speaker-photos-production.s3.amazonaws.com/nv7s2c6k27nw74nzyhcnw3w3cwba?w=255
6a034c2437e0c30f44bd1cd6,Geert Chatrou,https://pi.tedcdn.com/r/pe.tedcdn.com/images/ted/1f3397bb947ffafa5c034a5ed7ba72c8a90bbe60_254x191.jpg?w=255
6a034c245e700263ec4ad2a5,Christina Greer,https://tedblade-public-assets.s3.us-east-1.amazonaws.com/default-avatar.jpg
6a034c2437e0c30f44bd1d2c,Tiffany Watt Smith,https://pi.tedcdn.com/r/pe.tedcdn.com/images/ted/8bc8813fc1c005adb328677f99f5f4f6cbb22ab2_254x191.jpg?w=255
6a034c2435bf06475c27ae67,Caro Verbeek,https://tedblade-public-assets.s3.us-east-1.amazonaws.com/default-avatar.jpg
6a034c245e700263ec4ad3b0,Boaz Almog,https://pi.tedcdn.com/r/pe.tedcdn.com/images/ted/15889f97da169e72fbb68736b350d573ecc43978_254x191.jpg?w=255
6a034c2437e0c30f44bd1d3e,Anjali Kumar,https://pi.tedcdn.com/r/pe.tedcdn.com/images/ted/ea307b950dbaaf00b2d79cf204f475db3b6a3f56_254x191.jpg?w=255
6a034c2435bf06475c27aeab,Lisa Mosconi,https://pi.tedcdn.com/r/pe.tedcdn.com/images/ted/3a5d0c947a4153757994a23546792df4bcec8aa5_254x191.jpg?w=255
6a034c2437e0c30f44bd1d78,Johnny Staats,https://tedblade-public-assets.s3.us-east-1.amazonaws.com/default-avatar.jpg
6a034c249bbcd05aa3165b66,Mark Changizi,https://tedblade-public-assets.s3.us-east-1.amazonaws.com/default-avatar.jpg
6a034c2435bf06475c27aec6,Rick Falkvinge,https://pi.tedcdn.com/r/pe.tedcdn.com/images/ted/d13dad96a8770478ab81c0ba382c5cd7e610a099_254x191.jpg?w=255
6a034c2437e0c30f44bd1da2,Mia Birdsong,https://pi.tedcdn.com/r/pe.tedcdn.com/images/ted/15a2fdffa6d1cfafe87ff969e0ae12c33a2d235c_254x191.jpg?w=255
6a034c2435bf06475c27aeb2,Martin Danoesastro,https://pi.tedcdn.com/r/pe.tedcdn.com/images/ted/7e06dfbdc677e1488a1ee80696af230f5257ae2a_254x191.jpg?w=255
6a034c2435bf06475c27aec7,Rita Pierson,https://tedblade-public-assets.s3.us-east-1.amazonaws.com/default-avatar.jpg
6a034c2437e0c30f44bd1dcb,Audrey Tang,https://pi.tedcdn.com/r/pe.tedcdn.com/images/ted/2d7bf4646f3dd3b3aaaca8e1ad3a5ab534d07da8_254x191.jpg?w=255
6a034c2437e0c30f44bd1dea,Chinyanta Kabaso,https://pi.tedcdn.com/r/ted-conferences-speaker-photos-production.s3.amazonaws.com/gcehxunxd3k3anu8v6sir4rxo340?w=255
6a034c24658f0b3b67d4a3da,Joshua Prager,https://pi.tedcdn.com/r/ted-conferences-speaker-photos-production.s3.amazonaws.com/kdk9g4ob42e6xldvxm3zemh20ahp?w=255
6a034c2435bf06475c27aecc,Safeena Husain,https://pi.tedcdn.com/r/pe.tedcdn.com/images/ted/8397c831acc45d37e17374fa82b556bfdaf63a50_254x191.jpg?w=255
6a034c2437e0c30f44bd1e11,Elizabeth Cawein,https://pi.tedcdn.com/r/pe.tedcdn.com/images/ted/2206fdb2de4bc120a49a2c0296ea6068301ad25d_254x191.jpg?w=255
6a034c24b9e30957c4388a51,Nicos Marcou,https://pi.tedcdn.com/r/ted-conferences-speaker-photos-production.s3.amazonaws.com/55j7vst38gcvigo70v339lkggiwg?w=255
6a034c2435bf06475c27aed3,Sophie Hunger,https://pi.tedcdn.com/r/pe.tedcdn.com/images/ted/173896_254x191.jpg?w=255
6a034c2437e0c30f44bd1e19,Henna Pryor,https://pi.tedcdn.com/r/ted-conferences-speaker-photos-production.s3.amazonaws.com/ch9wd3bqmomwviigsmc9qkihywrz?w=255
6a034c2435bf06475c27aed8,Valentin Hammoudi,https://tedblade-public-assets.s3.us-east-1.amazonaws.com/default-avatar.jpg
6a034c2437e0c30f44bd1e52,Justin Trudeau,https://pi.tedcdn.com/r/ted-conferences-speaker-photos-production.s3.amazonaws.com/iko9bml6pq0cyd1kvotvqugfxekg?w=255
6a034c2435bf06475c27affb,Veronica Chau,https://pi.tedcdn.com/r/ted-conferences-speaker-photos-production.s3.amazonaws.com/2cz8918xym4qchr9o34kqfev67ei?w=255
6a034c2437e0c30f44bd1eb3,Shweta Narayan,https://pi.tedcdn.com/r/pe.tedcdn.com/images/ted/55f12f3a7e2647bc2ce361dbb6f04969a8482076_254x191.jpg?w=255
6a034c2435bf06475c27afff,Vinay Venkatraman,https://pi.tedcdn.com/r/pe.tedcdn.com/images/ted/f9214cecf0c2b012fc4152ebf86f7f611f52ba42_254x191.jpg?w=255
6a034c2435bf06475c27ae82,George Dyson,https://pi.tedcdn.com/r/pe.tedcdn.com/images/ted/30167_254x191.jpg?w=255
6a034c245e700263ec4ad1f7,Chika Okoro,https://tedblade-public-assets.s3.us-east-1.amazonaws.com/default-avatar.jpg
6a034c2435bf06475c27b000,Vikramāditya Prakāsh,https://tedblade-public-assets.s3.us-east-1.amazonaws.com/default-avatar.jpg
6a034c2435bf06475c27b002,Zulfat Suara,https://tedblade-public-assets.s3.us-east-1.amazonaws.com/default-avatar.jpg
6a034c2435bf06475c27ae9a,Jonathan Trent,https://pi.tedcdn.com/r/pe.tedcdn.com/images/ted/f5a62d8065b95c2346fbe02977cfb069998e1883_254x191.jpg?w=255
6a034c245e700263ec4ad22e,Laura Schulz,https://pi.tedcdn.com/r/pe.tedcdn.com/images/ted/49d1df83c11e82299d57517fb6294b5567ac782f_254x191.jpg?w=255
6a034c2435bf06475c27b025,Danielle Butcher Franz,https://pi.tedcdn.com/r/ted-conferences-speaker-photos-production.s3.amazonaws.com/hz2b6j77rq137xqpiaerxxdj1g57?w=255
6a034c2435bf06475c27aeed,American Family Insurance,https://tedblade-public-assets.s3.us-east-1.amazonaws.com/default-avatar.jpg
6a034c245e700263ec4ad276,Asaf Bar-Yosef,https://tedblade-public-assets.s3.us-east-1.amazonaws.com/default-avatar.jpg
6a034c2435bf06475c27b02c,David R. Flum,https://tedblade-public-assets.s3.us-east-1.amazonaws.com/default-avatar.jpg
6a034c2435bf06475c27aeee,Amy Baxter,https://pi.tedcdn.com/r/ted-conferences-speaker-photos-production.s3.amazonaws.com/z2gss9pb4ryh50kmrcb5j3xtiu7y?w=255
6a034c245e700263ec4ad279,Adrian K. Haugabrook,https://tedblade-public-assets.s3.us-east-1.amazonaws.com/default-avatar.jpg
6a034c2435bf06475c27b03a,Emily Anhalt,https://tedblade-public-assets.s3.us-east-1.amazonaws.com/default-avatar.jpg
6a034c2435bf06475c27af1c,Christian Moro,https://tedblade-public-assets.s3.us-east-1.amazonaws.com/default-avatar.jpg
6a034c245e700263ec4ad2ed,Johanna Figueira,https://pi.tedcdn.com/r/pe.tedcdn.com/images/ted/b76cb03a6afe777cc8ed600041987cdc99738ab2_254x191.jpg?w=255
6a034c2435bf06475c27b069,Manav Subodh,https://tedblade-public-assets.s3.us-east-1.amazonaws.com/default-avatar.jpg
6a034c2435bf06475c27af2d,Dolores Huerta,https://pi.tedcdn.com/r/pe.tedcdn.com/images/ted/f976f8c3c93292cae241c6f9b5372b1255945288_254x191.jpg?w=255
6a034c245e700263ec4ad30f,Lauren Zalaznick,https://pi.tedcdn.com/r/pe.tedcdn.com/images/ted/03c26dd72c6c52090e2e95b114cafd923196dbfd_254x191.jpg?w=255
6a034c2435bf06475c27b089,Robert Thurman,https://tedblade-public-assets.s3.us-east-1.amazonaws.com/default-avatar.jpg
6a034c2435bf06475c27af2e,David Dunning,https://tedblade-public-assets.s3.us-east-1.amazonaws.com/default-avatar.jpg
6a034c245e700263ec4ad376,Soyapi Mumba,https://pi.tedcdn.com/r/pe.tedcdn.com/images/ted/0501f4b4e20c83ebffc11e5c25f5f6116a2efb6f_254x191.jpg?w=255
6a034c2437e0c30f44bd1cca,Debra Jarvis,https://pi.tedcdn.com/r/pe.tedcdn.com/images/ted/3c1ea9bf4a1d8275a95281f7de7ead1184b9b5c8_254x191.jpg?w=255
6a034c2435bf06475c27af43,Elizabeth Waters,https://tedblade-public-assets.s3.us-east-1.amazonaws.com/default-avatar.jpg
6a034c245e700263ec4ad389,Trebor Scholz,https://pi.tedcdn.com/r/pe.tedcdn.com/images/ted/08a250e1dcf755720067cbef480f9c9aa39aef6b_254x191.jpg?w=255
6a034c2435bf06475c27af4d,Galit Ariel,https://pi.tedcdn.com/r/pe.tedcdn.com/images/ted/27c23fcc92d170e0ce483124fbbb2f5166d3a033_254x191.jpg?w=255
6a034c25b4b11d1a485861f2,Jessica Green,https://pi.tedcdn.com/r/pe.tedcdn.com/images/ted/cf4841ffcfd63759c7a8f2ead973e57f28ee8b36_254x191.jpg?w=255
6a034c2437e0c30f44bd1d20,Stacy Smith,https://pi.tedcdn.com/r/pe.tedcdn.com/images/ted/7d1513fd95658b888494291912e6fabf8d6cbc0d_254x191.jpg?w=255
6a034c245e700263ec4ad390,Theo Jansen,https://pi.tedcdn.com/r/pe.tedcdn.com/images/ted/15348_254x191.jpg?w=255
6a034c2435bf06475c27af5f,His Holiness Pope Francis,https://tedblade-public-assets.s3.us-east-1.amazonaws.com/default-avatar.jpg
6a034c2435bf06475c27ae85,Harry Baker,https://pi.tedcdn.com/r/pe.tedcdn.com/images/ted/5782d62d6d8c86c13cc06be50134bd51ce23b5ff_254x191.jpg?w=255
6a034c245e700263ec4ad3ae,Aziza Chaouni,https://pi.tedcdn.com/r/pe.tedcdn.com/images/ted/63d0912689eba726cb4e230d8e56944a6e8504f8_254x191.jpg?w=255
6a034c2435bf06475c27af7d,Jon Mooallem,https://pi.tedcdn.com/r/pe.tedcdn.com/images/ted/a16cacfdbffabf7cd81a6e95599174183efb01c5_254x191.jpg?w=255
6a034c2437e0c30f44bd1d2e,Tom Gruber,https://pi.tedcdn.com/r/pe.tedcdn.com/images/ted/7581a0d92d6b03bf0376be7c71a888c7a5d27cf0_254x191.jpg?w=255
6a034c2437e0c30f44bd1d7d,Al Roker,https://pi.tedcdn.com/r/ted-conferences-speaker-photos-production.s3.amazonaws.com/qh43yf5c1dffa2w2e0vz3cyfvovx?w=255
6a034c245e700263ec4ad3c2,Ethan Hawke,https://pi.tedcdn.com/r/pe.tedcdn.com/images/ted/5e18cc98b12c22603dc5afac6fa821855c21a5d4_254x191.jpg?w=255
6a034c24da446a102707f547,Stephen Wilkes,https://pi.tedcdn.com/r/pe.tedcdn.com/images/ted/d596bcd33cc739860941f1c28fb936c539a04283_254x191.jpg?w=255
6a034c2435bf06475c27af98,Mary Robinson,https://pi.tedcdn.com/r/ted-conferences-speaker-photos-production.s3.amazonaws.com/oxa0zfkij2lvrprj61gm3i0z1djn?w=255
6a034c2437e0c30f44bd1d65,Gorick Ng,https://pi.tedcdn.com/r/ted-conferences-speaker-photos-production.s3.amazonaws.com/koo663ef72avy6z06nba0yrwccrn?w=255
6a034c245e700263ec4ad3cc,Heba Shaheed,https://tedblade-public-assets.s3.us-east-1.amazonaws.com/default-avatar.jpg
6a034c2435bf06475c27af99,Mandy Len Catron,https://pi.tedcdn.com/r/pe.tedcdn.com/images/ted/30989708f11f01973b523c332ceda61a5f2bc7ba_254x191.jpg?w=255
6a034c2437e0c30f44bd1d7f,Amy Smith,https://pi.tedcdn.com/r/pe.tedcdn.com/images/ted/1527_253x190.jpg?w=255
6a034c245e700263ec4ad3f6,Patrícia Medici,https://pi.tedcdn.com/r/pe.tedcdn.com/images/ted/f4fa30fb9fc52a1ee37cd2f28ce3b55c034fe1c9_254x191.jpg?w=255
6a034c2435bf06475c27afa1,Michael Uslan,https://tedblade-public-assets.s3.us-east-1.amazonaws.com/default-avatar.jpg
6a034c2437e0c30f44bd1dcc,Peter Kirn,https://tedblade-public-assets.s3.us-east-1.amazonaws.com/default-avatar.jpg
6a034c2435bf06475c27ae5e,Avani Prabhakar,https://pi.tedcdn.com/r/ted-conferences-speaker-photos-production.s3.amazonaws.com/8oy2hiz9ytul470hzc6ok4vr8phk?w=255
6a034c2435bf06475c27afb9,Mindy Scheier,https://pi.tedcdn.com/r/pe.tedcdn.com/images/ted/f067f841660792e3caeb5064d82ae5a3769d55d4_254x191.jpg?w=255
6a034c2437e0c30f44bd1de2,Daniela Zamudio,https://tedblade-public-assets.s3.us-east-1.amazonaws.com/default-avatar.jpg
6a034c24658f0b3b67d4a2a8,Adam Savage,https://pi.tedcdn.com/r/pe.tedcdn.com/images/ted/0d9027a15a5535cf51c30384a36eaf3822a98970_254x191.jpg?w=255
6a034c2435bf06475c27ae87,Heather Lanier,https://pi.tedcdn.com/r/pe.tedcdn.com/images/ted/a87a66fdb822d67c95b23a09aa13cdc47dd5c290_254x191.jpg?w=255
6a034c2435bf06475c27ae65,Cady Coleman,https://pi.tedcdn.com/r/pe.tedcdn.com/images/ted/05c7c99674dbe391c0126aa3bf91cbcc79d38a1e_254x191.jpg?w=255
6a034c2435bf06475c27afe7,Sergei Lupashin,https://pi.tedcdn.com/r/pe.tedcdn.com/images/ted/ca560873991511ac722a27f0008dc0c62f7f2915_254x191.jpg?w=255
6a034c2437e0c30f44bd1e22,How to Be a Better Human,https://tedblade-public-assets.s3.us-east-1.amazonaws.com/default-avatar.jpg
6a034c2435bf06475c27b06e,Michael Norton,https://pi.tedcdn.com/r/pe.tedcdn.com/images/ted/ec8ff6851d3cd88cf1bea7aa6440aca034b4b604_254x191.jpg?w=255
6a034c2435bf06475c27ae8e,Jamie Drummond,https://pi.tedcdn.com/r/pe.tedcdn.com/images/ted/4bde469d31477854b5fd28399d2bdd3dbb28956f_254x191.jpg?w=255
6a034c24658f0b3b67d4a2bb,Ali Kashani,https://pi.tedcdn.com/r/pe.tedcdn.com/images/ted/b958f2e524371f2dcd1c5cce81ca068a107ed56d_254x191.jpg?w=255
6a034c2437e0c30f44bd1d1b,Schuyler Bailar,https://tedblade-public-assets.s3.us-east-1.amazonaws.com/default-avatar.jpg
6a034c2435bf06475c27af13,César Cuauhtémoc García Hernández,https://pi.tedcdn.com/r/ted-conferences-speaker-photos-production.s3.amazonaws.com/lmhes718i9n4wm0b6v9vcnmy4xlr?w=255
6a034c2437e0c30f44bd1e43,Joao Pedro de Magalhaes,https://tedblade-public-assets.s3.us-east-1.amazonaws.com/default-avatar.jpg
6a034c2437e0c30f44bd1d3c,Andras Forgacs,https://pi.tedcdn.com/r/pe.tedcdn.com/images/ted/861a6bddbf1b6730a0ce0047049021c102ca8124_254x191.jpg?w=255
6a034c24658f0b3b67d4a2cc,Anjali Tripathi,https://pi.tedcdn.com/r/pe.tedcdn.com/images/ted/6c14316282e3e82a1f4c18ab2cb5ef569329a8eb_254x191.jpg?w=255
6a034c2437e0c30f44bd1e5b,Kate Marvel,https://pi.tedcdn.com/r/pe.tedcdn.com/images/ted/6b35c3501e7ef6b3a2fbf7ee81bb3376a30ab8d9_254x191.jpg?w=255
6a034c2435bf06475c27af22,Cindy Solomon,https://pi.tedcdn.com/r/pe.tedcdn.com/images/ted/74b42998ff6de86e9162a4a19dd4f8d5fafb3393_254x191.jpg?w=255
6a034c2437e0c30f44bd1d48,Brian Jones,https://tedblade-public-assets.s3.us-east-1.amazonaws.com/default-avatar.jpg
6a034c2435bf06475c27ae66,Cameron Paterson,https://tedblade-public-assets.s3.us-east-1.amazonaws.com/default-avatar.jpg
6a034c2437e0c30f44bd1e74,Leyla Acaroglu,https://pi.tedcdn.com/r/pe.tedcdn.com/images/ted/06116e46fa7abc0546ad2b13fa6219943dae5aaa_254x191.jpg?w=255
6a034c2435bf06475c27af31,Drew Berry,https://pi.tedcdn.com/r/pe.tedcdn.com/images/ted/23d6f256a3b0e93e5337e5b2e4d630c17acb58ab_254x191.jpg?w=255
6a034c2437e0c30f44bd1d4d,Christopher E. Gaw,https://tedblade-public-assets.s3.us-east-1.amazonaws.com/default-avatar.jpg
6a034c2437e0c30f44bd1e95,Mike Rowe,https://pi.tedcdn.com/r/pe.tedcdn.com/images/ted/75735_254x191.jpg?w=255
6a034c2435bf06475c27ae8f,Jamila Gordon,https://pi.tedcdn.com/r/pe.tedcdn.com/images/ted/53ba9db039d8c1032ede680908a5150e7856ca22_254x191.jpg?w=255
6a034c2435bf06475c27af44,Frederic Kaplan,https://pi.tedcdn.com/r/pe.tedcdn.com/images/ted/be1a0f09c1c8edde11cf5e29dea88c021290016f_254x191.jpg?w=255
6a034c2437e0c30f44bd1d5d,Doreen Koenning,https://tedblade-public-assets.s3.us-east-1.amazonaws.com/default-avatar.jpg
6a034c2435bf06475c27ae9b,Jordan Raskopoulos,https://tedblade-public-assets.s3.us-east-1.amazonaws.com/default-avatar.jpg
6a034c2437e0c30f44bd1ed0,Richard Turere,https://pi.tedcdn.com/r/pe.tedcdn.com/images/ted/b15dded15148a23241457dce4f225330be980655_254x191.jpg?w=255
6a034c2435bf06475c27af84,Kevin Slavin,https://pi.tedcdn.com/r/pe.tedcdn.com/images/ted/66a6cb147a779a68f4be5335050e3d052f1c3efc_254x191.jpg?w=255
6a034c2437e0c30f44bd1dc8,Ashraf Ghani,https://pi.tedcdn.com/r/pe.tedcdn.com/images/ted/c9aa84f30b79de8ac85323fbd558e7750ef2310d_254x191.jpg?w=255
6a034c2435bf06475c27ae9c,Juan Pablo Sáez Gil,https://tedblade-public-assets.s3.us-east-1.amazonaws.com/default-avatar.jpg
6a034c2437e0c30f44bd1ede,Shahar Erez,https://pi.tedcdn.com/r/ted-conferences-speaker-photos-production.s3.amazonaws.com/5tcparzdj71zgbgc1b1jix4bdt2x?w=255
6a034c2435bf06475c27afa2,Maria R. D’Orsogna,https://tedblade-public-assets.s3.us-east-1.amazonaws.com/default-avatar.jpg
6a034c24658f0b3b67d4a2f4,Drew Humphreys,https://tedblade-public-assets.s3.us-east-1.amazonaws.com/default-avatar.jpg
6a034c2437e0c30f44bd1dd5,Bettina Bair,https://tedblade-public-assets.s3.us-east-1.amazonaws.com/default-avatar.jpg
6a034c2435bf06475c27aebd,Oscar Schwartz,https://pi.tedcdn.com/r/pe.tedcdn.com/images/ted/0b7c73bfca00d4f1becbbd7fd5906b9a83d06d03_254x191.jpg?w=255
6a034c2437e0c30f44bd1ee9,They Might Be Giants,https://pi.tedcdn.com/r/pe.tedcdn.com/images/ted/38852_254x191.jpg?w=255
6a034c2435bf06475c27afc9,Salil Dudani,https://pi.tedcdn.com/r/pe.tedcdn.com/images/ted/0bda34e6594866af0bcdbc71ef3f1a15cf01e46f_254x191.jpg?w=255
6a034c24658f0b3b67d4a310,Erez Yoeli,https://pi.tedcdn.com/r/pe.tedcdn.com/images/ted/263e0396089071edd2752d8e133c0eaffe2c6f8d_254x191.jpg?w=255
6a034c2437e0c30f44bd1e4e,Julia Kloiber,https://tedblade-public-assets.s3.us-east-1.amazonaws.com/default-avatar.jpg
6a034c2435bf06475c27aec5,Richard Baraniuk,https://pi.tedcdn.com/r/pe.tedcdn.com/images/ted/1414_254x191.jpg?w=255
6a034c245e700263ec4ad2ce,Graham Hawkes,https://pi.tedcdn.com/r/pe.tedcdn.com/images/ted/57827_254x191.jpg?w=255
6a034c2435bf06475c27afd1,Priyanka Jain,https://pi.tedcdn.com/r/pe.tedcdn.com/images/ted/a7615dba4a0a0ae90f54488adbc4b71fb6ca72d6_254x191.jpg?w=255
6a034c24658f0b3b67d4a312,Fields Wicker-Miurin,https://pi.tedcdn.com/r/pe.tedcdn.com/images/ted/c5e5ea1e653c4e20436608ffa09cbcd44691c24e_254x191.jpg?w=255
6a034c2437e0c30f44bd1e72,Lee Cronin,https://pi.tedcdn.com/r/pe.tedcdn.com/images/ted/e2a1268b5b1857416171f5be2faedc42d8c5809c_254x191.jpg?w=255
6a034c2435bf06475c27aeef,Amos Winter,https://pi.tedcdn.com/r/pe.tedcdn.com/images/ted/f1ac6011a02c110637db5dfabb47833b48a71221_254x191.jpg?w=255
6a034c245e700263ec4ad2d2,Hector Ruiz,https://pi.tedcdn.com/r/pe.tedcdn.com/images/ted/38853_254x191.jpg?w=255
6a034c2435bf06475c27afe9,Sharon Horesh Bergquist,https://tedblade-public-assets.s3.us-east-1.amazonaws.com/default-avatar.jpg
6a034c24658f0b3b67d4a318,Chris Domas,https://pi.tedcdn.com/r/pe.tedcdn.com/images/ted/a1ce17acd70244b13c8d260f7ba98ecbae692e96_254x191.jpg?w=255
6a034c2437e0c30f44bd1e89,Michael Bodekaer,https://pi.tedcdn.com/r/pe.tedcdn.com/images/ted/3ad7dd0727fa155a8bfb2ca0ec7e032bff3c6c8f_254x191.jpg?w=255
6a034c2435bf06475c27af06,Becca Heller,https://pi.tedcdn.com/r/ted-conferences-speaker-photos-production.s3.amazonaws.com/yr6ut3sn2sakn1qi9qjjrxl0q7fh?w=255
6a034c245e700263ec4ad2d9,James Logan,https://tedblade-public-assets.s3.us-east-1.amazonaws.com/default-avatar.jpg
6a034c2435bf06475c27b01e,Charles M. Blow,https://tedblade-public-assets.s3.us-east-1.amazonaws.com/default-avatar.jpg
6a034c24658f0b3b67d4a31e,Daniella Ballou-Aares,https://tedblade-public-assets.s3.us-east-1.amazonaws.com/default-avatar.jpg
6a034c2437e0c30f44bd1e8f,Michael Hansmeyer,https://pi.tedcdn.com/r/pe.tedcdn.com/images/ted/d82c9d5205081756bda6418fe149b524f240e437_254x191.jpg?w=255
6a034c2435bf06475c27af38,Diarra Bousso,https://pi.tedcdn.com/r/ted-conferences-speaker-photos-production.s3.amazonaws.com/r0ijw8f41ucexv90yw6wslmy1cod?w=255
6a034c24658f0b3b67d4a368,Lori Gottlieb,https://pi.tedcdn.com/r/pe.tedcdn.com/images/ted/cfa24099f3c9bde68877729003a442609fe28bc8_254x191.jpg?w=255
6a034c2435bf06475c27b048,Jacy Reese Anthis,https://tedblade-public-assets.s3.us-east-1.amazonaws.com/default-avatar.jpg
6a034c245e700263ec4ad2de,Jean-Paul Mari,https://pi.tedcdn.com/r/pe.tedcdn.com/images/ted/79463eedfc9bc61a59413ee9ebc4d3e679d90059_254x191.jpg?w=255
6a034c2437e0c30f44bd1ead,Shane Koyczan,https://pi.tedcdn.com/r/pe.tedcdn.com/images/ted/dc91c197beb7b6782c7a81e4e450f72ba3f15715_254x191.jpg?w=255
6a034c2435bf06475c27af50,Hannah Bürckstümmer,https://tedblade-public-assets.s3.us-east-1.amazonaws.com/default-avatar.jpg
6a034c245e700263ec4ad2eb,Joel Baraka,https://pi.tedcdn.com/r/ted-conferences-speaker-photos-production.s3.amazonaws.com/ny1kfxq9yucm52d8meilcfxm8f8p?w=255
6a034c24658f0b3b67d4a391,Liz Diller,https://tedblade-public-assets.s3.us-east-1.amazonaws.com/default-avatar.jpg
6a034c2435bf06475c27b0a0,TED Audio Collective,https://tedblade-public-assets.s3.us-east-1.amazonaws.com/default-avatar.jpg
6a034c2437e0c30f44bd1ed2,Robert Muggah,https://pi.tedcdn.com/r/pe.tedcdn.com/images/ted/7e99d8cc296eb83eb69976171a9e170ee0ff970f_254x191.jpg?w=255
6a034c2435bf06475c27af89,Lee Mokobe,https://tedblade-public-assets.s3.us-east-1.amazonaws.com/default-avatar.jpg
6a034c245e700263ec4ad2ee,Jon Nguyen,https://pi.tedcdn.com/r/pe.tedcdn.com/images/ted/7861a35dc0574b80591b106be0b7f991396a8833_254x191.jpg?w=255
6a034c24658f0b3b67d4a3a2,Rebecca Darwent,https://pi.tedcdn.com/r/ted-conferences-speaker-photos-production.s3.amazonaws.com/g4yiv8gzosthyenqih5u9sodpqqn?w=255
6a034c2435bf06475c27b0ad,Yasin Kakande,https://pi.tedcdn.com/r/pe.tedcdn.com/images/ted/237e31dd8bd9ba5e624dd66d651b11f642dc7b7a_254x191.jpg?w=255
6a034c2437e0c30f44bd1edd,Sergiu P. Pasca,https://tedblade-public-assets.s3.us-east-1.amazonaws.com/default-avatar.jpg
6a034c2435bf06475c27afbc,Riccardo Loconte,https://tedblade-public-assets.s3.us-east-1.amazonaws.com/default-avatar.jpg
6a034c245e700263ec4ad306,Kelly Corrigan,https://pi.tedcdn.com/r/ted-conferences-speaker-photos-production.s3.amazonaws.com/c2t305csibiq8qgy6s78hdnf3wlw?w=255
6a034c24658f0b3b67d4a3b6,Hrishikesh Hirway,https://pi.tedcdn.com/r/pe.tedcdn.com/images/ted/4161acd9fcb1a938cb03a99aff94702b90a9091d_254x191.jpg?w=255
6a034c2437e0c30f44bd1cc3,Danielle de Niese,https://pi.tedcdn.com/r/pe.tedcdn.com/images/ted/00227610add520115a2f49f20040ad8dccf418d5_254x191.jpg?w=255
6a034c245e700263ec4ad210,Halima Aden,https://pi.tedcdn.com/r/pe.tedcdn.com/images/ted/ef8ccc88f1fece89ce4455dc18fa64814e83605e_254x191.jpg?w=255
6a034c2435bf06475c27afd7,Sister True Dedication,https://pi.tedcdn.com/r/pe.tedcdn.com/images/ted/149a445e56b0f0111bfff342ecf67eb6eeaad1f5_254x191.jpg?w=255
6a034c245e700263ec4ad311,Lisa Bu,https://pi.tedcdn.com/r/pe.tedcdn.com/images/ted/8919963a78063e4158c103d2f6be068330d1bdb7_254x191.jpg?w=255
6a034c24658f0b3b67d4a3cc,Paul Romer,https://pi.tedcdn.com/r/pe.tedcdn.com/images/ted/107210_254x191.jpg?w=255
6a034c2435bf06475c27b088,Richard Pyle,https://pi.tedcdn.com/r/pe.tedcdn.com/images/ted/74140_254x191.jpg?w=255
6a034c245e700263ec4ad315,Liz Coleman,https://pi.tedcdn.com/r/pe.tedcdn.com/images/ted/93134_254x191.jpg?w=255
6a034c2437e0c30f44bd1cdf,Ishan Bhabha,https://pi.tedcdn.com/r/pe.tedcdn.com/images/ted/107a043c989c694ac4b3ed66206161a51cd0f3c4_254x191.jpg?w=255
6a034c24658f0b3b67d4a3eb,Keenan Norris,https://tedblade-public-assets.s3.us-east-1.amazonaws.com/default-avatar.jpg
6a034c2437e0c30f44bd1cdb,Helen Fisher,https://pi.tedcdn.com/r/pe.tedcdn.com/images/ted/a390d3e37a2f9f68f9a2f4f664e66bc694d7a699_254x191.jpg?w=255
6a034c24658f0b3b67d4a3fd,Rob Legato,https://tedblade-public-assets.s3.us-east-1.amazonaws.com/default-avatar.jpg
6a034c2437e0c30f44bd1d46,Blaise Agüera y Arcas,https://pi.tedcdn.com/r/pe.tedcdn.com/images/ted/f7e78d22acfe4f2df8252c78e1baaf6dc578058a_254x191.jpg?w=255
6a034c245e700263ec4ad317,Lucy Cooke,https://pi.tedcdn.com/r/ted-conferences-speaker-photos-production.s3.amazonaws.com/uv1gshxhv8286e2jwtutdfejpjh9?w=255
6a034c2437e0c30f44bd1cee,Jimmy Nelson,https://pi.tedcdn.com/r/pe.tedcdn.com/images/ted/335e60150a0e9f0aa11ca2e53f8cda2421cdd823_254x191.jpg?w=255
6a034c24658f0b3b67d4a490,Delaney Thull,https://tedblade-public-assets.s3.us-east-1.amazonaws.com/default-avatar.jpg
6a034c2437e0c30f44bd1d58,David J. Bier,https://tedblade-public-assets.s3.us-east-1.amazonaws.com/default-avatar.jpg
6a034c245e700263ec4ad340,Nicola Jones,https://pi.tedcdn.com/r/pe.tedcdn.com/images/ted/dac48e8c348e3b8b8c3684609c352e41f2a6e8d1_254x191.jpg?w=255
6a034c2437e0c30f44bd1d08,Negin Farsad,https://pi.tedcdn.com/r/ted-conferences-speaker-photos-production.s3.amazonaws.com/llok5075w2l6070d9shfqbztpujz?w=255
6a034c24658f0b3b67d4a4ee,Rusha Modi,https://tedblade-public-assets.s3.us-east-1.amazonaws.com/default-avatar.jpg
6a034c2437e0c30f44bd1d91,Mac Stone,https://pi.tedcdn.com/r/pe.tedcdn.com/images/ted/2197d22b89623d8014b84e4379c52f91e258ce10_254x191.jpg?w=255
6a034c245e700263ec4ad349,Paula Hammond,https://pi.tedcdn.com/r/pe.tedcdn.com/images/ted/b57d2bdf4a1763e10257ff9238c3e90b1cf7a7d2_254x191.jpg?w=255
6a034c2437e0c30f44bd1d18,Robert Siddall,https://tedblade-public-assets.s3.us-east-1.amazonaws.com/default-avatar.jpg
6a034c2437e0c30f44bd1dc3,Patience Mthunzi,https://pi.tedcdn.com/r/pe.tedcdn.com/images/ted/4ca7c110be21a6b741432bd3a019975603676f35_254x191.jpg?w=255
6a034c245e700263ec4ad350,Rana Abdelhamid,https://pi.tedcdn.com/r/pe.tedcdn.com/images/ted/22539f4dfc3e1a3dca61022b9345f617881b9725_254x191.jpg?w=255
6a034c2437e0c30f44bd1d1e,ShaoLan,https://tedblade-public-assets.s3.us-east-1.amazonaws.com/default-avatar.jpg
6a034c2437e0c30f44bd1de6,Cella Wright,https://tedblade-public-assets.s3.us-east-1.amazonaws.com/default-avatar.jpg
6a034c245e700263ec4ad353,Rachel Sussman,https://pi.tedcdn.com/r/pe.tedcdn.com/images/ted/195844_254x191.jpg?w=255
6a034c2437e0c30f44bd1d42,Baratunde Thurston,https://pi.tedcdn.com/r/ted-conferences-speaker-photos-production.s3.amazonaws.com/411y03ej76y4ebay4juxm1ky2hsv?w=255
6a034c2437e0c30f44bd1e86,Paule Joseph,https://pi.tedcdn.com/r/ted-conferences-speaker-photos-production.s3.amazonaws.com/fz1bgbta6bhd87rbnozvdngfr597?w=255
6a034c245e700263ec4ad374,Sofia Ongele,https://pi.tedcdn.com/r/ted-conferences-speaker-photos-production.s3.amazonaws.com/v8jlqf2u4jv8ngu4pm9bg9dbwwcs?w=255
6a034c2437e0c30f44bd1d5b,Derek Sivers,https://pi.tedcdn.com/r/pe.tedcdn.com/images/ted/144960_254x191.jpg?w=255
6a034c2437e0c30f44bd1e8c,Raghuram Rajan,https://pi.tedcdn.com/r/pe.tedcdn.com/images/ted/064be88e6c4f7aa539f427b4bd6479368c7f6e86_254x191.jpg?w=255
6a034c245e700263ec4ad3a8,Ann Morgan,https://pi.tedcdn.com/r/pe.tedcdn.com/images/ted/aafdaa0964397c51a10c58e9cc56073ca8e1539d_254x191.jpg?w=255
6a034c245e700263ec4ad1e5, IN-Q,https://tedblade-public-assets.s3.us-east-1.amazonaws.com/default-avatar.jpg
6a034c2437e0c30f44bd1d5c,Desiree Akhavan,https://pi.tedcdn.com/r/ted-conferences-speaker-photos-production.s3.amazonaws.com/uncx5ij8ejmvlfdagwjhxk984p5h?w=255
6a034c249bbcd05aa3165aad,Fariel Salahuddin,https://pi.tedcdn.com/r/pe.tedcdn.com/images/ted/b579a07908a1f395ee48c31cd9217d7660ac11a7_254x191.jpg?w=255
6a034c245e700263ec4ad3c4,Eva-Maria Geigl,https://tedblade-public-assets.s3.us-east-1.amazonaws.com/default-avatar.jpg
6a034c245e700263ec4ad20c,Gary Liu,https://pi.tedcdn.com/r/pe.tedcdn.com/images/ted/b8ea81d0677af69b1557f93a2008404bec992f44_254x191.jpg?w=255
6a034c2437e0c30f44bd1d70,Jane Chen,https://pi.tedcdn.com/r/ted-conferences-speaker-photos-production.s3.amazonaws.com/r41dpagw6uszw75z7is5h7tpmaqy?w=255
6a034c249bbcd05aa3165aca,Julius Maada Bio,https://pi.tedcdn.com/r/pe.tedcdn.com/images/ted/e3a590d402fe41f171a6478c6726ab219e554437_254x191.jpg?w=255
6a034c245e700263ec4ad3fe,Rob Dunbar,https://pi.tedcdn.com/r/pe.tedcdn.com/images/ted/197990_254x191.jpg?w=255
6a034c2437e0c30f44bd1da5,Mike Schwartz,https://tedblade-public-assets.s3.us-east-1.amazonaws.com/default-avatar.jpg
6a034c245e700263ec4ad222,Johnny Lee,https://pi.tedcdn.com/r/pe.tedcdn.com/images/ted/38006_254x191.jpg?w=255
6a034c249bbcd05aa3165acb,Kathryn Tempest,https://tedblade-public-assets.s3.us-east-1.amazonaws.com/default-avatar.jpg
6a034c24658f0b3b67d4a34b,Gary Flake,https://pi.tedcdn.com/r/pe.tedcdn.com/images/ted/153653_254x191.jpg?w=255
6a034c2437e0c30f44bd1dbf,Charles Anderson,https://pi.tedcdn.com/r/pe.tedcdn.com/images/ted/136478_254x191.jpg?w=255
6a034c245e700263ec4ad256,Sethembile Msezane,https://pi.tedcdn.com/r/pe.tedcdn.com/images/ted/03aa539ca763f1cc0273c3efec304e617a03977b_254x191.jpg?w=255
6a034c249bbcd05aa3165bcc,Hany Farid,https://tedblade-public-assets.s3.us-east-1.amazonaws.com/default-avatar.jpg
6a034c2437e0c30f44bd1e2c,Zeynep Ton,https://pi.tedcdn.com/r/ted-conferences-speaker-photos-production.s3.amazonaws.com/tvk3ewy2oq4qitcsp55iyb3h6kss?w=255
6a034c249bbcd05aa3165be1,Julie Dreyfuss,https://tedblade-public-assets.s3.us-east-1.amazonaws.com/default-avatar.jpg
6a034c245e700263ec4ad267,Aaron Perzanowski,https://tedblade-public-assets.s3.us-east-1.amazonaws.com/default-avatar.jpg
6a034c24658f0b3b67d4a34e,Greg Asner,https://pi.tedcdn.com/r/pe.tedcdn.com/images/ted/cb68dd3bd3e2fe9486ed891df046a7abebb0d6fb_254x191.jpg?w=255
6a034c2437e0c30f44bd1e68,Kotchakorn Voraakhom,https://pi.tedcdn.com/r/pe.tedcdn.com/images/ted/30fee78822855d70ccf5253608f03b9591e9f754_254x191.jpg?w=255
6a034c249bbcd05aa3165c20,Aarathi Krishnan,https://pi.tedcdn.com/r/ted-conferences-speaker-photos-production.s3.amazonaws.com/28kafwjpf8ebhe02h325eyn636mx?w=255
6a034c245e700263ec4ad277,Achin Bhowmik,https://tedblade-public-assets.s3.us-east-1.amazonaws.com/default-avatar.jpg
6a034c24658f0b3b67d4a375,Matt Ridley,https://pi.tedcdn.com/r/pe.tedcdn.com/images/ted/183709_254x191.jpg?w=255
6a034c249bbcd05aa3165c52,Hit Reset,https://tedblade-public-assets.s3.us-east-1.amazonaws.com/default-avatar.jpg
6a034c245e700263ec4ad289,Brewster Kahle,https://pi.tedcdn.com/r/pe.tedcdn.com/images/ted/53210_254x191.jpg?w=255
6a034c24658f0b3b67d4a386,Neveen F. Awad,https://tedblade-public-assets.s3.us-east-1.amazonaws.com/default-avatar.jpg
6a034c2437e0c30f44bd1e97,Misha Glenny,https://pi.tedcdn.com/r/pe.tedcdn.com/images/ted/114982_254x191.jpg?w=255
6a034c249bbcd05aa3165c69,Laurie Santos,https://pi.tedcdn.com/r/pe.tedcdn.com/images/ted/187439_254x191.jpg?w=255
6a034c245e700263ec4ad2cf,Fiorenzo Omenetto,https://pi.tedcdn.com/r/pe.tedcdn.com/images/ted/27e22db8d18235a04acc0e626893ab434d0d8c73_254x191.jpg?w=255
6a034c24658f0b3b67d4a39a,Francesca Barbero,https://tedblade-public-assets.s3.us-east-1.amazonaws.com/default-avatar.jpg
6a034c2437e0c30f44bd1eb9,Steven Johnson,https://pi.tedcdn.com/r/pe.tedcdn.com/images/ted/0df94501c78d40b78a1235cba342c65efdeac914_254x191.jpg?w=255
6a034c24658f0b3b67d4a3b7,Rumaitha Al Busaidi,https://pi.tedcdn.com/r/pe.tedcdn.com/images/ted/4b237d458d18e8071bb949f3944f824014fdc141_254x191.jpg?w=255
6a034c249bbcd05aa3165c7d,Nilay Kulkarni,https://pi.tedcdn.com/r/pe.tedcdn.com/images/ted/4f57cbd20702c11bda26e8a5464b3c5261449b81_254x191.jpg?w=255
6a034c2437e0c30f44bd1ec8,Wanuri Kahiu,https://pi.tedcdn.com/r/pe.tedcdn.com/images/ted/bd73c3d00368890f25e92322473ae451d34de801_254x191.jpg?w=255
6a034c24658f0b3b67d4a3b8,Natasha Tsakos,https://pi.tedcdn.com/r/pe.tedcdn.com/images/ted/111722_254x191.jpg?w=255
6a034c2437e0c30f44bd1ed1,Risa Wechsler,https://pi.tedcdn.com/r/pe.tedcdn.com/images/ted/c7c0113878b1038b1540891e01c0b80f6542a796_254x191.jpg?w=255
6a034c249bbcd05aa3165ca0,Rob Wang,https://tedblade-public-assets.s3.us-east-1.amazonaws.com/default-avatar.jpg
6a034c24658f0b3b67d4a3c5,Jim Hudspeth,https://pi.tedcdn.com/r/pe.tedcdn.com/images/ted/933372781f05b04528a59fed077ee6a20a5bd763_254x191.jpg?w=255
6a034c2437e0c30f44bd1eee,Yasmin Hurd,https://pi.tedcdn.com/r/pe.tedcdn.com/images/ted/6c060806b6ddfa9c7414f34b443815d1843967b1_254x191.jpg?w=255
6a034c24658f0b3b67d4a3cf,Pavan Sukhdev,https://pi.tedcdn.com/r/pe.tedcdn.com/images/ted/ed31fa50dac8897294d66b565245cf5325c3e9d6_254x191.jpg?w=255
6a034c24b9e30957c43889e0,Prateek Singh,https://tedblade-public-assets.s3.us-east-1.amazonaws.com/default-avatar.jpg
6a034c245e700263ec4ad1e8,Adam Spencer,https://pi.tedcdn.com/r/pe.tedcdn.com/images/ted/82114afc70e4a5c27fd3908d40afcc9459a9e829_254x191.jpg?w=255
6a034c24658f0b3b67d4a408,Vivek Maru,https://pi.tedcdn.com/r/pe.tedcdn.com/images/ted/407ae6b433678a927997cc8bc1727bf8c5e74535_254x191.jpg?w=255
6a034c24b9e30957c4388a33,Mel Robbins,https://tedblade-public-assets.s3.us-east-1.amazonaws.com/default-avatar.jpg
6a034c245e700263ec4ad205,Elizabeth Zion,https://pi.tedcdn.com/r/pe.tedcdn.com/images/ted/1a80827904b9d4cb74c301208f8fdc07b365a0ce_254x191.jpg?w=255
6a034c24658f0b3b67d4a43f,Reynaldo Lopes,https://tedblade-public-assets.s3.us-east-1.amazonaws.com/default-avatar.jpg
6a034c245e700263ec4ad22a,Kate Adams,https://pi.tedcdn.com/r/pe.tedcdn.com/images/ted/455dff4e3f5615a5b81e11e27fded2046835f036_254x191.jpg?w=255
6a034c24b9e30957c4388a72,Sarah Stroud,https://tedblade-public-assets.s3.us-east-1.amazonaws.com/default-avatar.jpg
6a034c245e700263ec4ad219,JP Rangaswami,https://pi.tedcdn.com/r/pe.tedcdn.com/images/ted/5fc81b505cd6ccc1bdbe02c9d46c7f318043164d_254x191.jpg?w=255
6a034c245e700263ec4ad242,Miriam Zoila Pérez,https://pi.tedcdn.com/r/pe.tedcdn.com/images/ted/aa4b2b1e52e8ac1693c272d27dcb548e960d68c4_254x191.jpg?w=255
6a034c24658f0b3b67d4a451,Sarah Dudas,https://tedblade-public-assets.s3.us-east-1.amazonaws.com/default-avatar.jpg
6a034c24b9e30957c4388af6,Michael Staff,https://tedblade-public-assets.s3.us-east-1.amazonaws.com/default-avatar.jpg
6a034c245e700263ec4ad21c,James Hodge,https://pi.tedcdn.com/r/ted-conferences-speaker-photos-production.s3.amazonaws.com/g888ortpdab6bneo5ven60fth38s?w=255
6a034c245e700263ec4ad26c,Andrew McAfee,
6a034c24658f0b3b67d4a46c,Brian Sokol,https://tedblade-public-assets.s3.us-east-1.amazonaws.com/default-avatar.jpg
6a034c24b9e30957c4388af9,Molly Winter,https://pi.tedcdn.com/r/pe.tedcdn.com/images/ted/04efceab18e71e8360f37facf1affe7052c35134_254x191.jpg?w=255
6a034c245e700263ec4ad248,Norman Foster,https://pi.tedcdn.com/r/pe.tedcdn.com/images/ted/35397_254x191.jpg?w=255
6a034c24658f0b3b67d4a480,Clover Hogan,https://pi.tedcdn.com/r/pe.tedcdn.com/images/ted/6111742fef16430e91935afd83bca8b91c267aeb_254x191.jpg?w=255
6a034c245e700263ec4ad275,Aatish Bhatia,https://tedblade-public-assets.s3.us-east-1.amazonaws.com/default-avatar.jpg
6a034c24b9e30957c4388b02,Paul Collier,https://pi.tedcdn.com/r/pe.tedcdn.com/images/ted/58996dca4355c7a830fe20676eb0d755bb89cfa0_254x191.jpg?w=255
6a034c24658f0b3b67d4a4a3,Henri Picciotto,https://tedblade-public-assets.s3.us-east-1.amazonaws.com/default-avatar.jpg
6a034c245e700263ec4ad257,Sherwin Nuland,https://pi.tedcdn.com/r/pe.tedcdn.com/images/ted/18832_254x191.jpg?w=255
6a034c245e700263ec4ad283,Berry Marttin,https://pi.tedcdn.com/r/ted-conferences-speaker-photos-production.s3.amazonaws.com/kk2h9gzb1eooj6bomvvs6ni5vrwh?w=255
6a034c24658f0b3b67d4a4da,Mike Velings,https://pi.tedcdn.com/r/pe.tedcdn.com/images/ted/4d47d6f5a90cf36459b7c4759a08496571cf268c_254x191.jpg?w=255
6a034c245e700263ec4ad265,Wan Faridah Akmal Jusoh,https://pi.tedcdn.com/r/ted-conferences-speaker-photos-production.s3.amazonaws.com/1doh407t79x51fr53q4l824jheqy?w=255
6a034c24b9e30957c4388b14,Stephen Coleman,https://pi.tedcdn.com/r/pe.tedcdn.com/images/ted/4da814495062310b0d03a3d920340b1e9be7a40c_254x191.jpg?w=255
6a034c245e700263ec4ad290,Camille Langston,https://tedblade-public-assets.s3.us-east-1.amazonaws.com/default-avatar.jpg
6a034c245e700263ec4ad293,Arjan Dwarshuis,https://tedblade-public-assets.s3.us-east-1.amazonaws.com/default-avatar.jpg
6a034c24658f0b3b67d4a4f9,Taryn Simon,https://pi.tedcdn.com/r/pe.tedcdn.com/images/ted/117687_254x191.jpg?w=255
6a034c245e700263ec4ad29c,Cathy Mulzer,https://pi.tedcdn.com/r/pe.tedcdn.com/images/ted/c9c7f6760d3bdb81f4d5cc384959a7bfe638c75f_254x191.jpg?w=255
6a034c249bbcd05aa3165a99,Carol Bruess,https://tedblade-public-assets.s3.us-east-1.amazonaws.com/default-avatar.jpg
6a034c245e700263ec4ad2bf,Elizabeth Margulis,https://tedblade-public-assets.s3.us-east-1.amazonaws.com/default-avatar.jpg
6a034c249bbcd05aa3165aaf,Francesca Hogi,https://pi.tedcdn.com/r/ted-conferences-speaker-photos-production.s3.amazonaws.com/zdm99zys67ev78xpee49auee729q?w=255
6a034c249bbcd05aa3165ac2,Jiaying Zhao,https://pi.tedcdn.com/r/ted-conferences-speaker-photos-production.s3.amazonaws.com/wborr9hdrxeak5d9d5l5wshl1mql?w=255
6a034c245e700263ec4ad2c0,Dustin Tahmahkera,https://tedblade-public-assets.s3.us-east-1.amazonaws.com/default-avatar.jpg
6a034c249bbcd05aa3165b33,Graham Baird,https://tedblade-public-assets.s3.us-east-1.amazonaws.com/default-avatar.jpg
6a034c245e700263ec4ad2c9,Frances Larson,https://pi.tedcdn.com/r/pe.tedcdn.com/images/ted/0ca74e77047853fc875aa87d920ee9fcef44e1c6_254x191.jpg?w=255
6a034c24b9e30957c4388b24,Annie Lennox,https://pi.tedcdn.com/r/pe.tedcdn.com/images/ted/201136_254x191.jpg?w=255
6a034c249bbcd05aa3165b69,Max G. Levy,https://tedblade-public-assets.s3.us-east-1.amazonaws.com/default-avatar.jpg
6a034c24b9e30957c4388b45,Dwan Reece,https://pi.tedcdn.com/r/pe.tedcdn.com/images/ted/af7c8f167ca0b8bf07628f5fa06df34bd8469859_254x191.jpg?w=255
6a034c249bbcd05aa3165bea,Leslie Morgan Steiner,https://pi.tedcdn.com/r/pe.tedcdn.com/images/ted/4ea829b0ad5b8b7257c568f9e295c9459f5681dd_254x191.jpg?w=255
6a034c245e700263ec4ad2d0,Hans Rosling,https://pi.tedcdn.com/r/pe.tedcdn.com/images/ted/2bd4d0cfff0c3a3306650768c2f988e154db7042_254x191.jpg?w=255
6a034c24b9e30957c4388b48,Elizabeth Murchison,https://pi.tedcdn.com/r/pe.tedcdn.com/images/ted/6fd0381e5dd1ad3661a6ddfec823a12e4f741db1_254x191.jpg?w=255
6a034c249bbcd05aa3165c1a,Teddy Cruz,https://pi.tedcdn.com/r/pe.tedcdn.com/images/ted/cec8c3f202624ac7007ee9d526e354662ee5c4d6_254x191.jpg?w=255
6a034c245e700263ec4ad2d4,Frank Cogliano,https://tedblade-public-assets.s3.us-east-1.amazonaws.com/default-avatar.jpg
6a034c24b9e30957c4388b4a,Ernestine Leikeki Sevidzem,https://pi.tedcdn.com/r/pe.tedcdn.com/images/ted/c0dab9c04b9ad0371dbbb9c310b030859bc5b81d_254x191.jpg?w=255
6a034c249bbcd05aa3165c23,Anand Agarawala,https://pi.tedcdn.com/r/pe.tedcdn.com/images/ted/8184_254x191.jpg?w=255
6a034c245e700263ec4ad2d7,Ismael Nazario,https://pi.tedcdn.com/r/pe.tedcdn.com/images/ted/bf985e8414bf44a0f8b1f09467c0935d10e30f29_254x191.jpg?w=255
6a034c24b9e30957c4388b74,Kedra Newsom Reeves,https://pi.tedcdn.com/r/pe.tedcdn.com/images/ted/c3861f990832ae6c79d021705eeb2eecba40cf05_254x191.jpg?w=255
6a034c249bbcd05aa3165c50,Hernán Casciari,https://tedblade-public-assets.s3.us-east-1.amazonaws.com/default-avatar.jpg
6a034c245e700263ec4ad2f8,Karin Öberg,https://tedblade-public-assets.s3.us-east-1.amazonaws.com/default-avatar.jpg
6a034c245e700263ec4ad2f2,Joshua Klein,https://pi.tedcdn.com/r/pe.tedcdn.com/images/ted/41659_254x191.jpg?w=255
6a034c24b9e30957c4388b87,Mesmin Destin,https://tedblade-public-assets.s3.us-east-1.amazonaws.com/default-avatar.jpg
6a034c249bbcd05aa3165c72,Michael Marder,https://tedblade-public-assets.s3.us-east-1.amazonaws.com/default-avatar.jpg
6a034c245e700263ec4ad2b8,Diana Nyad,https://pi.tedcdn.com/r/pe.tedcdn.com/images/ted/d42f2aa562f5239e079d8c0333bcc12250de86f3_254x191.jpg?w=255
6a034c245e700263ec4ad310,Leonora Neville,https://tedblade-public-assets.s3.us-east-1.amazonaws.com/default-avatar.jpg
6a034c245e700263ec4ad323,Marla Spivak,https://pi.tedcdn.com/r/pe.tedcdn.com/images/ted/e64b4d70fc206267798c0107ba714e7ff7f52b93_254x191.jpg?w=255
6a034c24b9e30957c4388b8e,Nick Pizzo,https://tedblade-public-assets.s3.us-east-1.amazonaws.com/default-avatar.jpg
6a034c249bbcd05aa3165c7e,Niti Bhan,https://pi.tedcdn.com/r/pe.tedcdn.com/images/ted/69383f1d42e50749f683d53a92c7cd8beb315fbb_254x191.jpg?w=255
6a034c245e700263ec4ad2c5,Esther Sullivan,https://tedblade-public-assets.s3.us-east-1.amazonaws.com/default-avatar.jpg
6a034c245e700263ec4ad337,Naomi Oreskes,https://pi.tedcdn.com/r/pe.tedcdn.com/images/ted/e213d372911c90d2d707f9df42cbc9c73d1142fe_254x191.jpg?w=255
6a034c24b9e30957c4388b9f,Sarah Brosnan,https://pi.tedcdn.com/r/pe.tedcdn.com/images/ted/d2e655800e820cd6e184687a9dd33d703077bbfa_254x191.jpg?w=255
6a034c249bbcd05aa3165c95,Tasoulla Hadjiyanni,https://tedblade-public-assets.s3.us-east-1.amazonaws.com/default-avatar.jpg
6a034c245e700263ec4ad3a1,Al Seckel,https://pi.tedcdn.com/r/pe.tedcdn.com/images/ted/1359_254x191.jpg?w=255
6a034c2435bf06475c27afa3,Miguel Goncalves,https://pi.tedcdn.com/r/ted-conferences-speaker-photos-production.s3.amazonaws.com/7s443r2to8abcz4nhaslgwxl38wm?w=255
6a034c245e700263ec4ad33f,Newton Aduaka,https://pi.tedcdn.com/r/pe.tedcdn.com/images/ted/ba45b359773f26dc21bc6633b55affc26c3476ac_254x191.jpg?w=255
6a034c24b9e30957c4388986,Agnes Binagwaho,https://pi.tedcdn.com/r/pe.tedcdn.com/images/ted/4afbb133d370ab34b5407775b8eafc056fbfbe58_254x191.jpg?w=255
6a034c245e700263ec4ad35a,Robert Gupta,https://pi.tedcdn.com/r/pe.tedcdn.com/images/ted/159137_254x191.jpg?w=255
6a034c245e700263ec4ad3b1,Carolyn Beans,https://tedblade-public-assets.s3.us-east-1.amazonaws.com/default-avatar.jpg
6a034c245e700263ec4ad342,Nina G. Jablonski,https://tedblade-public-assets.s3.us-east-1.amazonaws.com/default-avatar.jpg
6a034c245e700263ec4ad3f2,Nizar Ibrahim,https://pi.tedcdn.com/r/pe.tedcdn.com/images/ted/c7696b1b803ce98b61e8d7cf28cd13b23a553c98_254x191.jpg?w=255
6a034c245e700263ec4ad32e,Michael Tilson Thomas,https://pi.tedcdn.com/r/pe.tedcdn.com/images/ted/d810303d9adf723de53261e1d45342d301a32641_254x191.jpg?w=255
6a034c245e700263ec4ad345,Olivia Lazard,https://pi.tedcdn.com/r/ted-conferences-speaker-photos-production.s3.amazonaws.com/niy6g96ow94tdhca0y8oh2dk69ar?w=255
6a034c245e700263ec4ad3b3,Cedric Habiyaremye,https://pi.tedcdn.com/r/pe.tedcdn.com/images/ted/c97594addb01e74638db6294166aad3b11cac231_254x191.jpg?w=255
6a034c24d4881847be4b507c,Anushka Naiknaware,https://pi.tedcdn.com/r/pe.tedcdn.com/images/ted/4f1116f8544659f85bf03ea7206dbb9bdc691dc3_254x191.jpg?w=255
6a034c245e700263ec4ad404,Rory Sutherland,https://pi.tedcdn.com/r/pe.tedcdn.com/images/ted/121598_254x191.jpg?w=255
6a034c245e700263ec4ad367,Rob Ulrich,https://tedblade-public-assets.s3.us-east-1.amazonaws.com/default-avatar.jpg
6a034c245e700263ec4ad3e8,Mackenzie Dalrymple,https://tedblade-public-assets.s3.us-east-1.amazonaws.com/default-avatar.jpg
6a034c245e700263ec4ad40d,Slava Balbek,https://pi.tedcdn.com/r/ted-conferences-speaker-photos-production.s3.amazonaws.com/ldrhsur6amfg7cvm9p1ehzn4vxp6?w=255
6a034c24d4881847be4b5080,Angela Koine Flynn,https://tedblade-public-assets.s3.us-east-1.amazonaws.com/default-avatar.jpg
6a034c24658f0b3b67d4a475,Chris Bliss,https://pi.tedcdn.com/r/pe.tedcdn.com/images/ted/eae3a1912141b7b266e62b574e6353114e4fc856_254x191.jpg?w=255
6a034c24b9e30957c43889a4,Antonio Damasio,https://pi.tedcdn.com/r/pe.tedcdn.com/images/ted/6f553ce9a33c7a9d561bd7ccb2fbeba8ec601f50_254x191.jpg?w=255
6a034c245e700263ec4ad368,Sara Lewis,https://pi.tedcdn.com/r/pe.tedcdn.com/images/ted/d5bf11b83b7e7e9a4d1eaff960ebd2a9d0ebf051_254x191.jpg?w=255
6a034c245e700263ec4ad371,Sarah Lewis,https://pi.tedcdn.com/r/pe.tedcdn.com/images/ted/9431a7f1724cbafc5446a68da87987490a6047c3_254x191.jpg?w=255
6a034c245e700263ec4ad373,Sendhil Mullainathan,https://pi.tedcdn.com/r/pe.tedcdn.com/images/ted/145144_254x191.jpg?w=255
6a034c245e700263ec4ad419,Yasmin Green,https://pi.tedcdn.com/r/pe.tedcdn.com/images/ted/474299edf33b1a30a58e0ea86b367caaeedfb9ba_254x191.jpg?w=255
6a034c245e700263ec4ad3ad,Asha Curran,https://pi.tedcdn.com/r/ted-conferences-speaker-photos-production.s3.amazonaws.com/ckeeqftggmhqrp0p0uucqu7nwbsc?w=255
6a034c24658f0b3b67d4a2ab, B.E.A.T. NYC,https://tedblade-public-assets.s3.us-east-1.amazonaws.com/default-avatar.jpg
6a034c24d4881847be4b50c9,Fred Jansen,https://pi.tedcdn.com/r/pe.tedcdn.com/images/ted/f7c0d01983abb5ecf54ebe26b13ec344d17036b6_254x191.jpg?w=255
6a034c24658f0b3b67d4a2cf,Anthony Myint,https://pi.tedcdn.com/r/ted-conferences-speaker-photos-production.s3.amazonaws.com/41erzwffkwpuv5d0nf6fsrg4chds?w=255
6a034c24d4881847be4b50ca,Devdutt Pattanaik,https://pi.tedcdn.com/r/pe.tedcdn.com/images/ted/130814_254x191.jpg?w=255
6a034c245e700263ec4ad411,Tessa Khan,https://pi.tedcdn.com/r/ted-conferences-speaker-photos-production.s3.amazonaws.com/a6uuqm1ehph6xtkotq6zf6g6petp?w=255
6a034c24d4881847be4b50e3,Jim Hemerling,https://pi.tedcdn.com/r/pe.tedcdn.com/images/ted/d7c0f2217e4d592921cf15ca4bcd653ab5a45bae_254x191.jpg?w=255
6a034c24658f0b3b67d4a2a6,Aakash Odedra,https://pi.tedcdn.com/r/pe.tedcdn.com/images/ted/8517424f86d3c53244f1babd671114bb645a10d3_254x191.jpg?w=255
6a034c24658f0b3b67d4a2e1,David Keith,https://pi.tedcdn.com/r/pe.tedcdn.com/images/ted/20321_254x191.jpg?w=255
6a034c24d4881847be4b50ef,Gabriela Roa,https://tedblade-public-assets.s3.us-east-1.amazonaws.com/default-avatar.jpg
6a034c24b9e30957c43889f4,Willie Williams,https://pi.tedcdn.com/r/ted-conferences-speaker-photos-production.s3.amazonaws.com/cvlaalgc4qviq0w0e6fbum3jjyhg?w=255
6a034c24658f0b3b67d4a2c1,Allan Adams,https://pi.tedcdn.com/r/pe.tedcdn.com/images/ted/f8dc2af5123da15162e6ae4d5e8309e96e564c9b_254x191.jpg?w=255
6a034c24d4881847be4b5131,Ray Zahab,https://pi.tedcdn.com/r/pe.tedcdn.com/images/ted/98855_254x191.jpg?w=255
6a034c24b9e30957c4388a21,Liene Ozoliņa,https://tedblade-public-assets.s3.us-east-1.amazonaws.com/default-avatar.jpg
6a034c24658f0b3b67d4a2da,Burçin Mutlu-Pakdil,https://pi.tedcdn.com/r/pe.tedcdn.com/images/ted/20fe38e852a9405d91acc2491cc09d0ff807fa19_254x191.jpg?w=255
6a034c24d4881847be4b5175,Richard Neville,https://tedblade-public-assets.s3.us-east-1.amazonaws.com/default-avatar.jpg
6a034c245e700263ec4ad224,Joseph DeSimone,https://pi.tedcdn.com/r/pe.tedcdn.com/images/ted/28112f9f45745ce586efda47204b26cde106a2d0_254x191.jpg?w=255
6a034c24b9e30957c4388a49,Mohamed Ali,https://pi.tedcdn.com/r/pe.tedcdn.com/images/ted/86b94bfa846f9e4b75047d96d54d6c3503f747ad_254x191.jpg?w=255
6a034c24d4881847be4b518f,Wayne McGregor,https://pi.tedcdn.com/r/pe.tedcdn.com/images/ted/c3e4b8398ecfb948e02a9d9b9735c06de3194746_254x191.jpg?w=255
6a034c24658f0b3b67d4a2f1,Daniel Streicker,https://pi.tedcdn.com/r/pe.tedcdn.com/images/ted/532f390381fc156431a626d969a494cefced72b9_254x191.jpg?w=255
6a034c245e700263ec4ad296,Caroline Harper,https://pi.tedcdn.com/r/pe.tedcdn.com/images/ted/18178fe200d80e4817af1ff4f533c4f46d3bc576_254x191.jpg?w=255
6a034c245e700263ec4ad3b5,Christian Schröter,https://tedblade-public-assets.s3.us-east-1.amazonaws.com/default-avatar.jpg
6a034c24b9e30957c4388a64,Michael Dickinson,https://pi.tedcdn.com/r/pe.tedcdn.com/images/ted/4783f0841cf282d6585078778b7ae626728c967b_254x191.jpg?w=255
6a034c24d4881847be4b5199,Am I Normal? with Mona Chalabi,https://tedblade-public-assets.s3.us-east-1.amazonaws.com/default-avatar.jpg
6a034c24658f0b3b67d4a325,Huiyi Lin,https://pi.tedcdn.com/r/ted-conferences-speaker-photos-production.s3.amazonaws.com/85wd5lycktdrb9e8tg34pevers5l?w=255
6a034c2437e0c30f44bd1cf9,Lennart Green,https://pi.tedcdn.com/r/pe.tedcdn.com/images/ted/61_254x191.jpg?w=255
6a034c24b9e30957c4388a88,Wajdi Mohamed Ratemi,https://tedblade-public-assets.s3.us-east-1.amazonaws.com/default-avatar.jpg
6a034c24d4881847be4b5237,Daniel Sachau,https://tedblade-public-assets.s3.us-east-1.amazonaws.com/default-avatar.jpg
6a034c245e700263ec4ad3b8,Dalia Mogahed,https://pi.tedcdn.com/r/pe.tedcdn.com/images/ted/757b4175a75192dba3493a99b3858c8bd77632b7_254x191.jpg?w=255
6a034c24658f0b3b67d4a343,Julia Sweeney,https://pi.tedcdn.com/r/ted-conferences-speaker-photos-production.s3.amazonaws.com/apmpyts5xfg0ku2yzi0ipmxf1k2m?w=255
6a034c24658f0b3b67d4a47e,Christopher deCharms,https://pi.tedcdn.com/r/pe.tedcdn.com/images/ted/35409_254x191.jpg?w=255
6a034c24d4881847be4b5286,Puqun Li,https://tedblade-public-assets.s3.us-east-1.amazonaws.com/default-avatar.jpg
6a034c24b9e30957c4388ac1,Erin McKean,https://pi.tedcdn.com/r/pe.tedcdn.com/images/ted/8125e75de0a6c274bf27ebcc10fa0e085e6fb44a_254x191.jpg?w=255
6a034c245e700263ec4ad3ea,Martin Reeves,https://pi.tedcdn.com/r/pe.tedcdn.com/images/ted/3e78b86b32e1e4e5278b670b9eec9bcf9720f712_254x191.jpg?w=255
6a034c249bbcd05aa3165c70,Megan Kamerick,https://pi.tedcdn.com/r/pe.tedcdn.com/images/ted/f277fa07663646fea956a60445110ca10788340f_254x191.jpg?w=255
6a034c24da446a102707f404,Lucas Joppa,https://pi.tedcdn.com/r/pe.tedcdn.com/images/ted/73e484f9a2dc7ccf1bc3320f529a2f244458287a_254x191.jpg?w=255
6a034c24b9e30957c4388b29,Barry Schuler,https://pi.tedcdn.com/r/pe.tedcdn.com/images/ted/66738_254x191.jpg?w=255
6a034c24658f0b3b67d4a372,Juan Enriquez,https://pi.tedcdn.com/r/pe.tedcdn.com/images/ted/f85d737d72da2c79505a659f3b16f7de0dd2d666_254x191.jpg?w=255
6a034c245e700263ec4ad3eb,Melissa Marshall,https://pi.tedcdn.com/r/pe.tedcdn.com/images/ted/9be204ea6406434a02fbb6bf99d2017f6bb41b11_254x191.jpg?w=255
6a034c24d4881847be4b51b4,Elise LeGrow,https://pi.tedcdn.com/r/pe.tedcdn.com/images/ted/aba0d0a54e0cbde4bf8f1eb58ff2db5ea2a62216_254x191.jpg?w=255
6a034c24b9e30957c4388b93,Patsy Rodenburg,https://pi.tedcdn.com/r/pe.tedcdn.com/images/ted/159357_254x191.jpg?w=255
6a034c245e700263ec4ad3f3,Nomava Zanazo,https://pi.tedcdn.com/r/pe.tedcdn.com/images/ted/35dd4ff688a0a590861aa5246051d7520c84a556_254x191.jpg?w=255
6a034c24da446a102707f41d,Countdown,https://tedblade-public-assets.s3.us-east-1.amazonaws.com/default-avatar.jpg
6a034c24da446a102707f446,Pilobolus,https://pi.tedcdn.com/r/pe.tedcdn.com/images/ted/1415_253x190.jpg?w=255
6a034c24658f0b3b67d4a379,Meklit Hadero,https://pi.tedcdn.com/r/pe.tedcdn.com/images/ted/97622f8bb7d4e9f5c308d1d0949598cbff9d08ec_254x191.jpg?w=255
6a034c24d4881847be4b50c6,Denice Frohman,https://tedblade-public-assets.s3.us-east-1.amazonaws.com/default-avatar.jpg
6a034c245e700263ec4ad413,Tim Hansen,https://tedblade-public-assets.s3.us-east-1.amazonaws.com/default-avatar.jpg
6a034c2437e0c30f44bd1ee8,Terry Moore,https://pi.tedcdn.com/r/pe.tedcdn.com/images/ted/6c803651185d37da4abc44562e80840c575d77f0_254x191.jpg?w=255
6a034c24658f0b3b67d4a390,Pekka Hämäläinen,https://tedblade-public-assets.s3.us-east-1.amazonaws.com/default-avatar.jpg
6a034c24d4881847be4b5114,Mikael Cho,https://tedblade-public-assets.s3.us-east-1.amazonaws.com/default-avatar.jpg
6a034c24658f0b3b67d4a327,Ilyess El Kortbi,https://tedblade-public-assets.s3.us-east-1.amazonaws.com/default-avatar.jpg
6a034c24658f0b3b67d4a2dc,Al Vernacchio,https://pi.tedcdn.com/r/pe.tedcdn.com/images/ted/540650a3945e1fc8f1765c257690772027d31e51_254x191.jpg?w=255
6a034c24658f0b3b67d4a397,Raja Rajamannar,https://pi.tedcdn.com/r/ted-conferences-speaker-photos-production.s3.amazonaws.com/7tg5w5naa70zov02t7a5njgb0lzo?w=255
6a034c249bbcd05aa3165a82,Geminelle,https://tedblade-public-assets.s3.us-east-1.amazonaws.com/default-avatar.jpg
6a034c24da446a102707f427,David S. Rose,https://tedblade-public-assets.s3.us-east-1.amazonaws.com/default-avatar.jpg
6a034c24d4881847be4b5116,Mike Gil,https://pi.tedcdn.com/r/pe.tedcdn.com/images/ted/ec54f0a47d097c0950e4be2833860ec8a80f9226_254x191.jpg?w=255
6a034c24658f0b3b67d4a31b,Gina Chavez,https://pi.tedcdn.com/r/pe.tedcdn.com/images/ted/6601268ab7556ab627b9c3a87f429d4d3349a601_254x191.jpg?w=255
6a034c24658f0b3b67d4a36d,Marc Goodman,https://pi.tedcdn.com/r/pe.tedcdn.com/images/ted/2b4f80bacfdc09868746182d115f64a98c2aae5f_254x191.jpg?w=255
6a034c24658f0b3b67d4a3a6,Mileha Soneji,https://pi.tedcdn.com/r/pe.tedcdn.com/images/ted/399fc4a103cd903a8be59693bea8224c944c0867_254x191.jpg?w=255
6a034c249bbcd05aa3165b74,Paul Jennings,https://tedblade-public-assets.s3.us-east-1.amazonaws.com/default-avatar.jpg
6a034c24da446a102707f44b,Rahul Mehrotra,https://pi.tedcdn.com/r/pe.tedcdn.com/images/ted/cb7a905bd1e3de5f246699fa87cf0287d9dd8990_254x191.jpg?w=255
6a034c24d4881847be4b51c0,Hod Lipson,https://pi.tedcdn.com/r/pe.tedcdn.com/images/ted/18046_254x191.jpg?w=255
6a034c24658f0b3b67d4a340,Finn Lützow-Holm Myrstad,https://tedblade-public-assets.s3.us-east-1.amazonaws.com/default-avatar.jpg
6a034c24658f0b3b67d4a3ba,Ryan Gravel,https://pi.tedcdn.com/r/pe.tedcdn.com/images/ted/e233947cdf3ef387ee8a264e7f72f24625b58f41_254x191.jpg?w=255
6a034c24658f0b3b67d4a423,Natasha Rothwell,https://pi.tedcdn.com/r/ted-conferences-speaker-photos-production.s3.amazonaws.com/r5syakhscedugx8isrjop3qmq10l?w=255
6a034c2435bf06475c27af15,Daniel Goldstein,https://tedblade-public-assets.s3.us-east-1.amazonaws.com/default-avatar.jpg
6a034c24da446a102707f457,Ryan Phelan,https://pi.tedcdn.com/r/pe.tedcdn.com/images/ted/06cce30c1df60ed1d4ab423d6993cd1d7e549dc7_254x191.jpg?w=255
6a034c24658f0b3b67d4a39b,Matt Kenyon,https://pi.tedcdn.com/r/pe.tedcdn.com/images/ted/b7f50bbcbd51a6af904a3351e22819906e7f3d98_254x191.jpg?w=255
6a034c24658f0b3b67d4a3be,Nirupa Rao,https://pi.tedcdn.com/r/pe.tedcdn.com/images/ted/fa13a6f41216f2d1c8a47418eae22a745a7945f2_254x191.jpg?w=255
6a034c245e700263ec4ad3a6,Ane Brun,https://tedblade-public-assets.s3.us-east-1.amazonaws.com/default-avatar.jpg
6a034c24d4881847be4b51e8,Mia Nacamulli,https://tedblade-public-assets.s3.us-east-1.amazonaws.com/default-avatar.jpg
6a034c24658f0b3b67d4a3a1,Giles E.D. Oldroyd,https://tedblade-public-assets.s3.us-east-1.amazonaws.com/default-avatar.jpg
6a034c24658f0b3b67d4a3d2,Joseph Ravenell,https://pi.tedcdn.com/r/pe.tedcdn.com/images/ted/139682e9e98104c290292ee4786f59fd29a4b981_254x191.jpg?w=255
6a034c24658f0b3b67d4a3fa,Rives,https://pi.tedcdn.com/r/pe.tedcdn.com/images/ted/ae0c178f2ef16b45c2791e5608ef84fd0f3d5850_254x191.jpg?w=255
6a034c24658f0b3b67d4a400,Ronald Rael,https://pi.tedcdn.com/r/pe.tedcdn.com/images/ted/f44266cdb089edcdbba195819b92dccae51748fa_254x191.jpg?w=255
6a034c24658f0b3b67d4a447,Rocío Lorenzo,https://pi.tedcdn.com/r/pe.tedcdn.com/images/ted/19d1a7ad6b2e2989f1a5cd348449d98fd3ef8bd7_254x191.jpg?w=255
6a034c24658f0b3b67d4a426,Nick Bostrom,https://pi.tedcdn.com/r/pe.tedcdn.com/images/ted/56aef93b63301ffe15f201c8b357ee2161abf955_254x191.jpg?w=255
6a034c24658f0b3b67d4a43b,Philip Rosedale,https://pi.tedcdn.com/r/pe.tedcdn.com/images/ted/60943_253x190.jpg?w=255
6a034c24658f0b3b67d4a46d,Steven Levitt,https://pi.tedcdn.com/r/pe.tedcdn.com/images/ted/1407_254x191.jpg?w=255
6a034c24658f0b3b67d4a46a,Stephen Trzeciak,https://tedblade-public-assets.s3.us-east-1.amazonaws.com/default-avatar.jpg
6a034c24658f0b3b67d4a497,Eric X. Li,https://tedblade-public-assets.s3.us-east-1.amazonaws.com/default-avatar.jpg
6a034c24658f0b3b67d4a4a2,Ziauddin Yousafzai,https://pi.tedcdn.com/r/pe.tedcdn.com/images/ted/23559fbdd2dca75b4ef5051ce507ef00b626f770_254x191.jpg?w=255
6a034c24658f0b3b67d4a4bc,Kai-Fu Lee,https://pi.tedcdn.com/r/ted-conferences-speaker-photos-production.s3.amazonaws.com/idxeupbnxvmbn0acgca4qzop2xl5?w=255
6a034c24658f0b3b67d4a4d3,Marian Bantjes,https://pi.tedcdn.com/r/pe.tedcdn.com/images/ted/179091_254x191.jpg?w=255
6a034c24658f0b3b67d4a4d6,Martine Rothblatt,https://pi.tedcdn.com/r/pe.tedcdn.com/images/ted/2ab42b31c8b6abd3fcb9ee5e7356084f26893675_254x191.jpg?w=255
6a034c24658f0b3b67d4a4f4,Sleepy Man Banjo Boys,https://pi.tedcdn.com/r/pe.tedcdn.com/images/ted/53c57550c34c308cb0d7a27aceb31b47fd1a6ec8_254x191.jpg?w=255
6a034c249bbcd05aa3165ac5,Jordan Klepper,https://pi.tedcdn.com/r/ted-conferences-speaker-photos-production.s3.amazonaws.com/oou58in71zkdjq19ym2vpzil62xe?w=255
6a034c24658f0b3b67d4a4fc,Tim Ferriss,https://pi.tedcdn.com/r/pe.tedcdn.com/images/ted/3f05f7b5ba965170bcbf9bd18634518036607343_254x191.jpg?w=255
6a034c249bbcd05aa3165ad3,Laura Vanderkam,https://pi.tedcdn.com/r/pe.tedcdn.com/images/ted/a08acee10b8e7887993f980c84531c67bb578f88_254x191.jpg?w=255
6a034c249bbcd05aa3165a84,Aaron Bastani,https://pi.tedcdn.com/r/ted-conferences-speaker-photos-production.s3.amazonaws.com/8e2i6jra9z6o0degqlqr20yfb730?w=255
6a034c249bbcd05aa3165b17,Cláudio L. Guerra,https://tedblade-public-assets.s3.us-east-1.amazonaws.com/default-avatar.jpg
6a034c249bbcd05aa3165aa1,Dan Shipper,https://pi.tedcdn.com/r/ted-conferences-speaker-photos-production.s3.amazonaws.com/abwmimmbs10ocig3w3crorcwgip7?w=255
6a034c249bbcd05aa3165b3a,Helen Gillet,https://tedblade-public-assets.s3.us-east-1.amazonaws.com/default-avatar.jpg
6a034c249bbcd05aa3165aa4,Deborah Rhodes,https://pi.tedcdn.com/r/pe.tedcdn.com/images/ted/cf2d09bacffe04d3c606f6df74e12c5ab73d539e_254x191.jpg?w=255
6a034c249bbcd05aa3165b5b,Lewis Carroll,https://tedblade-public-assets.s3.us-east-1.amazonaws.com/default-avatar.jpg
6a034c249bbcd05aa3165ac9,Julie Chang,https://tedblade-public-assets.s3.us-east-1.amazonaws.com/default-avatar.jpg
6a034c249bbcd05aa3165ba9,David Wenham,https://tedblade-public-assets.s3.us-east-1.amazonaws.com/default-avatar.jpg
6a034c249bbcd05aa3165acc,Katsuhiko Hayashi,https://pi.tedcdn.com/r/ted-conferences-speaker-photos-production.s3.amazonaws.com/7tos6n1il1k109eoles2zyqbb91s?w=255
6a034c249bbcd05aa3165bbb,Euvin Naidoo,https://pi.tedcdn.com/r/pe.tedcdn.com/images/ted/13911_254x191.jpg?w=255
6a034c249bbcd05aa3165b32,Gonzalo Vilariño,https://pi.tedcdn.com/r/pe.tedcdn.com/images/ted/a4bf4a1164d183eec99694ebe36deb8fbebf1d73_254x191.jpg?w=255
6a034c249bbcd05aa3165b7e,Aaron Reedy,https://tedblade-public-assets.s3.us-east-1.amazonaws.com/default-avatar.jpg
6a034c249bbcd05aa3165b9a,Bob Wiltfong,https://pi.tedcdn.com/r/ted-conferences-speaker-photos-production.s3.amazonaws.com/sjkfddp6phxb08eo59ghamnfk9hg?w=255
6a034c249bbcd05aa3165ba0,Chris McKnett,https://pi.tedcdn.com/r/pe.tedcdn.com/images/ted/d5d08079410e87bf5a2251b61b15a8a6224f39d1_254x191.jpg?w=255
6a034c24d4881847be4b5213,Tima Kurdi,https://tedblade-public-assets.s3.us-east-1.amazonaws.com/default-avatar.jpg
6a034c24d4881847be4b5235,Cynthia Williams,https://pi.tedcdn.com/r/ted-conferences-speaker-photos-production.s3.amazonaws.com/oxxj0rla8zntchfsnwqfyqqyildq?w=255
6a034c249bbcd05aa3165bd3,Ivan Krastev,https://pi.tedcdn.com/r/pe.tedcdn.com/images/ted/a452c26d1bab9b5ec681dff25f093219736a7a0b_254x191.jpg?w=255
6a034c249bbcd05aa3165bf3,Mark S. Micale,https://tedblade-public-assets.s3.us-east-1.amazonaws.com/default-avatar.jpg
6a034c24da446a102707f47a,Liv Boeree,https://pi.tedcdn.com/r/ted-conferences-speaker-photos-production.s3.amazonaws.com/hp7bxyrx6pqyx3woh2jf60ay0tj6?w=255
6a034c249bbcd05aa3165bff,Normand Voyer,https://pi.tedcdn.com/r/ted-conferences-speaker-photos-production.s3.amazonaws.com/4y0dc3asb6psiae2b3ewur15gt8j?w=255
6a034c249bbcd05aa3165c0f,Sandrine Dixson-Declève,https://pi.tedcdn.com/r/pe.tedcdn.com/images/ted/290ab871cc2e4cb2b731359cdc43cd005a329605_254x191.jpg?w=255
6a034c24da446a102707f4db,Fabian Hemmert,https://pi.tedcdn.com/r/pe.tedcdn.com/images/ted/43ead2763c6ca0474587dce293c92708ff51a7b0_254x191.jpg?w=255
6a034c24b9e30957c4388b9a,Rodin Lyasoff,https://pi.tedcdn.com/r/pe.tedcdn.com/images/ted/c9f0f0ffa5b4846af0eb17ff724a0ca2e9f5595c_254x191.jpg?w=255
6a034c249bbcd05aa3165c39,David Steindl-Rast,https://tedblade-public-assets.s3.us-east-1.amazonaws.com/default-avatar.jpg
6a034c24da446a102707f52f,Paul Knoepfler,https://pi.tedcdn.com/r/pe.tedcdn.com/images/ted/b4317ce2c7a35ed960c0d555367d27db37bae136_254x191.jpg?w=255
6a034c249bbcd05aa3165c64,Keely Muscatell,https://pi.tedcdn.com/r/ted-conferences-speaker-photos-production.s3.amazonaws.com/xvdgvt0e30jlz11ohrxr3uc9jgng?w=255
6a034c2435bf06475c27afc3,Rosamund Adoo-Kissi-Debrah,https://tedblade-public-assets.s3.us-east-1.amazonaws.com/default-avatar.jpg
6a034c2437e0c30f44bd1ed7,Sagar Goel,https://pi.tedcdn.com/r/ted-conferences-speaker-photos-production.s3.amazonaws.com/0wlnb1j1qa59xuwzhswbazpv7hjg?w=255
6a034c24658f0b3b67d4a2fd,Ayanna Howard,https://pi.tedcdn.com/r/pe.tedcdn.com/images/ted/d67ca030cbf7f9e3e2647b0e65a10522bd163ce7_254x191.jpg?w=255
6a034c24da446a102707f4e6,Golriz Lucina,https://pi.tedcdn.com/r/ted-conferences-speaker-photos-production.s3.amazonaws.com/vk4gv0edqorqqaf6h0wajc26eiz4?w=255
6a034c249bbcd05aa3165aa6,Dr. Thomas Boothby,https://tedblade-public-assets.s3.us-east-1.amazonaws.com/default-avatar.jpg
6a034c24da446a102707f4e8,Sydney Jensen,https://pi.tedcdn.com/r/pe.tedcdn.com/images/ted/7ba4a6645528446e6dba58b453e64dc3c526fb8f_254x191.jpg?w=255
6a034c24b9e30957c4388ac3,Fawn Qiu,https://pi.tedcdn.com/r/pe.tedcdn.com/images/ted/7035e624652544b1f8a1d0263e132ef5d4303e30_254x191.jpg?w=255
6a034c24da446a102707f4ee,Janet Echelman,https://pi.tedcdn.com/r/ted-conferences-speaker-photos-production.s3.amazonaws.com/uvnzvxpka86mnwlyewhjrafkamtm?w=255
6a034c24d4881847be4b523e,Emtithal Mahmoud,https://pi.tedcdn.com/r/pe.tedcdn.com/images/ted/96e487713d87f342620abe6c5b6ae0a5d459573c_254x191.jpg?w=255
6a034c24d4881847be4b527e,Nirmalya Kumar,https://pi.tedcdn.com/r/pe.tedcdn.com/images/ted/5e3d4c0a8e9962127c303c5fcd2b275331a0aa38_254x191.jpg?w=255
6a034c24da446a102707f3ab,Charles Fleischer,https://pi.tedcdn.com/r/pe.tedcdn.com/images/ted/142027_254x191.jpg?w=255
6a034c24da446a102707f3ae,Christoph Keplinger,https://pi.tedcdn.com/r/pe.tedcdn.com/images/ted/9d5aec4918cb224e6580306349ba796cdf7cf30c_254x191.jpg?w=255
6a034c24da446a102707f3b6,Daphne Bavelier,https://pi.tedcdn.com/r/pe.tedcdn.com/images/ted/0b67ad84f0c98fa58b0264aa40477d1ec95f3f7c_254x191.jpg?w=255
6a034c24658f0b3b67d4a42e,Trevor Maber,https://tedblade-public-assets.s3.us-east-1.amazonaws.com/default-avatar.jpg
6a034c24da446a102707f3c7,Emmanuel Jal,https://pi.tedcdn.com/r/pe.tedcdn.com/images/ted/107715_254x191.jpg?w=255
6a034c24da446a102707f4f9,Tracy Chevalier,https://pi.tedcdn.com/r/pe.tedcdn.com/images/ted/e514a183454da49eef3c4e2fd485cd54a480f29e_254x191.jpg?w=255
6a034c24da446a102707f3d9,Jack Dangermond,https://pi.tedcdn.com/r/pe.tedcdn.com/images/ted/58e233898f180cee6c891e9440d8e79804f679ba_254x191.jpg?w=255
6a034c249bbcd05aa3165ba5,Cristina Domenech,https://pi.tedcdn.com/r/pe.tedcdn.com/images/ted/5442126e50ca0e1203fa13090b4902cddba3f07a_254x191.jpg?w=255
6a034c24da446a102707f521,Matthew White,https://pi.tedcdn.com/r/pe.tedcdn.com/images/ted/126507_254x191.jpg?w=255
6a034c249bbcd05aa3165bcf,Yohei Nakajima,https://tedblade-public-assets.s3.us-east-1.amazonaws.com/default-avatar.jpg
6a034c24da446a102707f3f0,Alan Russell,https://pi.tedcdn.com/r/pe.tedcdn.com/images/ted/68eb1bda1f48ec25069445868ed55eacacf02328_254x191.jpg?w=255
6a034c24da446a102707f57c,Bahia Shehab,https://pi.tedcdn.com/r/pe.tedcdn.com/images/ted/3723b538f9d86a88e9e5636d982ac6176622c879_254x191.jpg?w=255
6a034c24da446a102707f40f,Martina Flor,https://pi.tedcdn.com/r/pe.tedcdn.com/images/ted/9298a73a84bbc8247ce21cd45a3a3d1befbc3423_254x191.jpg?w=255
6a034c249bbcd05aa3165c48,Franz Freudenthal,https://pi.tedcdn.com/r/pe.tedcdn.com/images/ted/adec0de01edec9126ad858a5813658fc2ec2e362_254x191.jpg?w=255
6a034c24da446a102707f5b9,Kelli Sandman-Hurley,https://tedblade-public-assets.s3.us-east-1.amazonaws.com/default-avatar.jpg
6a034c24da446a102707f430,Nora Atkinson,https://pi.tedcdn.com/r/pe.tedcdn.com/images/ted/f735fc90271a5b71ebf1ab44ff84991d55c40475_254x191.jpg?w=255
6a034c24da446a102707f5c1,Lou Serico,https://tedblade-public-assets.s3.us-east-1.amazonaws.com/default-avatar.jpg
6a034c24658f0b3b67d4a45f,Armand D'Angour,https://tedblade-public-assets.s3.us-east-1.amazonaws.com/default-avatar.jpg
6a034c249bbcd05aa3165c86,Richard Socher,https://tedblade-public-assets.s3.us-east-1.amazonaws.com/default-avatar.jpg
6a034c249bbcd05aa3165c6a,Leland Melvin,https://pi.tedcdn.com/r/pe.tedcdn.com/images/ted/10fe360f6408c74e8c3cc54d5ec52ec404c7489a_254x191.jpg?w=255
6a034c24da446a102707f4aa,Ordinary Things,https://pi.tedcdn.com/r/ted-conferences-speaker-photos-production.s3.amazonaws.com/pqeytnmc60uz7ngw0kmffdk2vby9?w=255
6a034c24da446a102707f5d0,Mia Kami,https://tedblade-public-assets.s3.us-east-1.amazonaws.com/default-avatar.jpg
6a034c24da446a102707f4bb,Dario Gil,https://tedblade-public-assets.s3.us-east-1.amazonaws.com/default-avatar.jpg
6a034c249bbcd05aa3165c8a,Sean P. S. Gulick,https://tedblade-public-assets.s3.us-east-1.amazonaws.com/default-avatar.jpg
6a034c24658f0b3b67d4a485,Dan Ariely,https://pi.tedcdn.com/r/pe.tedcdn.com/images/ted/b4283ea2116b1296f882acf7d1b7c3a26c5a9df7_254x191.jpg?w=255
6a034c25b4b11d1a48586194,Anu Sridharan,https://tedblade-public-assets.s3.us-east-1.amazonaws.com/default-avatar.jpg
6a034c249bbcd05aa3165c71,Megan McArthur,https://pi.tedcdn.com/r/pe.tedcdn.com/images/ted/f6b3cca34251daeca34725f77f775bc6d9a0ac06_254x191.jpg?w=255
6a034c24da446a102707f4bf,David Katz,https://pi.tedcdn.com/r/pe.tedcdn.com/images/ted/80fa43ead2f9d85aae46c6dfa692bf9c34f8bdd7_254x191.jpg?w=255
6a034c24658f0b3b67d4a495,Edward Saatchi,https://tedblade-public-assets.s3.us-east-1.amazonaws.com/default-avatar.jpg
6a034c25b4b11d1a48586197,Bilal Bomani,https://pi.tedcdn.com/r/pe.tedcdn.com/images/ted/74aed211d766a12178478ff6ec79d7a25bf2af77_254x191.jpg?w=255
6a034c24b9e30957c43889a1,John McWhorter,https://pi.tedcdn.com/r/ted-conferences-speaker-photos-production.s3.amazonaws.com/yh8o8yceh847wccadk2bx426gcx7?w=255
6a034c249bbcd05aa3165c91,Sten Odenwald,https://tedblade-public-assets.s3.us-east-1.amazonaws.com/default-avatar.jpg
6a034c24da446a102707f4d3,Scott Fraser,https://pi.tedcdn.com/r/pe.tedcdn.com/images/ted/16bc095704c4a7313e9549efffd134f03814c554_254x191.jpg?w=255
6a034c25b4b11d1a485861b7,Anas Aremeyaw Anas,https://pi.tedcdn.com/r/pe.tedcdn.com/images/ted/ade1a2cc68916d4323d78b6d852c93defc0f4020_254x191.jpg?w=255
6a034c24da446a102707f4e1,G.T. Bynum,https://tedblade-public-assets.s3.us-east-1.amazonaws.com/default-avatar.jpg
6a034c24658f0b3b67d4a49a,Y-Vonne Hutchinson,https://tedblade-public-assets.s3.us-east-1.amazonaws.com/default-avatar.jpg
6a034c24da446a102707f4e9,Hanna Rosin,https://pi.tedcdn.com/r/pe.tedcdn.com/images/ted/5d2768377586b4d0a44733200976e60d5054657e_254x191.jpg?w=255
6a034c24da446a102707f536,Rosanne Cash,https://pi.tedcdn.com/r/ted-conferences-speaker-photos-production.s3.amazonaws.com/caw1k2ibe9o7dm02zs9jd1s8ke3x?w=255
6a034c249bbcd05aa3165cb2,Tania Luna,https://pi.tedcdn.com/r/pe.tedcdn.com/images/ted/22e5cd53e2eb5139c6c6faed6138f206613a6ce3_254x191.jpg?w=255
6a034c24da446a102707f54b,Tom Oxley,https://tedblade-public-assets.s3.us-east-1.amazonaws.com/default-avatar.jpg
6a034c24b9e30957c4388987,Abeer Seikaly,https://tedblade-public-assets.s3.us-east-1.amazonaws.com/default-avatar.jpg
6a034c25b4b11d1a485861ce,Gabe Barcia-Colombo,https://tedblade-public-assets.s3.us-east-1.amazonaws.com/default-avatar.jpg
6a034c24da446a102707f56b,Adam Whybrew,https://pi.tedcdn.com/r/ted-conferences-speaker-photos-production.s3.amazonaws.com/rr2s0dg9mfymnyi4hvzstg1gt3ux?w=255
6a034c24b9e30957c43889a7,Beatriz Villarroel,https://tedblade-public-assets.s3.us-east-1.amazonaws.com/default-avatar.jpg
6a034c24b9e30957c4388992,Anika Paulson,https://pi.tedcdn.com/r/pe.tedcdn.com/images/ted/e43092d5aaaee2f4dee86deecb6bce65ad20e3cd_254x191.jpg?w=255
6a034c24da446a102707f575,Anu Puusa,https://pi.tedcdn.com/r/pe.tedcdn.com/images/ted/a30159146459c5c3666cbafee5152001f1e9952a_254x191.jpg?w=255
6a034c24d4881847be4b50f6,Kristen Bell + Giant Ant,https://tedblade-public-assets.s3.us-east-1.amazonaws.com/default-avatar.jpg
6a034c24b9e30957c43889d8,Zachary Metz,https://tedblade-public-assets.s3.us-east-1.amazonaws.com/default-avatar.jpg
6a034c25b4b11d1a485861d3,Chieh Huang,https://pi.tedcdn.com/r/pe.tedcdn.com/images/ted/e52f81024cc10bf40d2853a7f9f5ba9e687ccd1f_254x191.jpg?w=255
6a034c24b9e30957c438899b,Amy C. Edmondson,https://tedblade-public-assets.s3.us-east-1.amazonaws.com/default-avatar.jpg
6a034c24da446a102707f596,Eric Dyer,https://pi.tedcdn.com/r/pe.tedcdn.com/images/ted/7e5efe3039545e640de278255d5d185d5807e8cd_254x191.jpg?w=255
6a034c24b9e30957c438899f,Katie Fahey,https://pi.tedcdn.com/r/ted-conferences-speaker-photos-production.s3.amazonaws.com/7z0cs7f25bz7u61ae25oractt8zn?w=255
6a034c24da446a102707f5ed,Robyn J. Crook,https://tedblade-public-assets.s3.us-east-1.amazonaws.com/default-avatar.jpg
6a034c24b9e30957c4388a32,Muthoni Drummer Queen,https://pi.tedcdn.com/r/pe.tedcdn.com/images/ted/4f2e17469c68c7dac1f333830365ee9f4dfb83b5_254x191.jpg?w=255
6a034c24da446a102707f5d5,NWHunter,https://tedblade-public-assets.s3.us-east-1.amazonaws.com/default-avatar.jpg
6a034c24b9e30957c43889c7,Chuck Murry,https://pi.tedcdn.com/r/pe.tedcdn.com/images/ted/21eb830ca26ec38cfd6906af1a4dd53db48b4e98_254x191.jpg?w=255
6a034c24da446a102707f5df,Patrick Lin,https://tedblade-public-assets.s3.us-east-1.amazonaws.com/default-avatar.jpg
6a034c2437e0c30f44bd1e96,Richard Ledgett,https://tedblade-public-assets.s3.us-east-1.amazonaws.com/default-avatar.jpg
6a034c24b9e30957c4388a38,Melvin Russell,https://pi.tedcdn.com/r/pe.tedcdn.com/images/ted/3297ae6ef4c77eb8f60f9ab460873b5ceaad140c_254x191.jpg?w=255
6a034c25b4b11d1a48586202,Kristen Marhaver,https://pi.tedcdn.com/r/pe.tedcdn.com/images/ted/6485de34831865338bb82ce6f8f0514e73a5280e_254x191.jpg?w=255
6a034c24658f0b3b67d4a4ae,Janelle Shane,https://pi.tedcdn.com/r/pe.tedcdn.com/images/ted/cd3c0b3aa0e78d5d4f10ebadfeba5f06dff773da_254x191.jpg?w=255
6a034c24b9e30957c43889c9,Crystal Martin,https://tedblade-public-assets.s3.us-east-1.amazonaws.com/default-avatar.jpg
6a034c25b4b11d1a485861db,Heidi Sørensen,https://tedblade-public-assets.s3.us-east-1.amazonaws.com/default-avatar.jpg
6a034c24658f0b3b67d4a358,Kimberley Motley,https://pi.tedcdn.com/r/pe.tedcdn.com/images/ted/19893b5c676bb8b083ed468d27bcfe3e5a254cd0_254x191.jpg?w=255
6a034c24b9e30957c4388a65,Rashad Robinson,https://pi.tedcdn.com/r/pe.tedcdn.com/images/ted/490c5227234f1dc06b87e4e2e5020e7813c17668_254x191.jpg?w=255
6a034c25b4b11d1a4858621b,Mitch Zeller,https://pi.tedcdn.com/r/pe.tedcdn.com/images/ted/f5437c3f14a6cb8bbe8e04fbbe231f259a984d1e_254x191.jpg?w=255
6a034c24658f0b3b67d4a4e2,Noeline Kirabo,https://pi.tedcdn.com/r/pe.tedcdn.com/images/ted/1f21e008a5555013bf0b2563d95020aa0d2026c4_254x191.jpg?w=255
6a034c25b4b11d1a485861e3,Dan Reinstein,https://tedblade-public-assets.s3.us-east-1.amazonaws.com/default-avatar.jpg
6a034c24b9e30957c4388a1b,Michael Merzenich,https://pi.tedcdn.com/r/pe.tedcdn.com/images/ted/86167_254x191.jpg?w=255
6a034c24b9e30957c4388a71,Ashley M. Grice,https://tedblade-public-assets.s3.us-east-1.amazonaws.com/default-avatar.jpg
6a034c25b4b11d1a4858622e,Jesse Byock,https://tedblade-public-assets.s3.us-east-1.amazonaws.com/default-avatar.jpg
6a034c24b9e30957c4388ad6,Joy Lin,https://tedblade-public-assets.s3.us-east-1.amazonaws.com/default-avatar.jpg
6a034c24658f0b3b67d4a4f6,Susan Emmett,https://pi.tedcdn.com/r/pe.tedcdn.com/images/ted/417a56dcb74c3e07f385dbf6b737995ba5bac726_254x191.jpg?w=255
6a034c25b4b11d1a48586210,Henry Richardson ,https://tedblade-public-assets.s3.us-east-1.amazonaws.com/default-avatar.jpg
6a034c24b9e30957c4388ab8,David Friedberg,https://pi.tedcdn.com/r/ted-conferences-speaker-photos-production.s3.amazonaws.com/qsvu0mezg4u0buwe3evzxkd1bkry?w=255
6a034c24b9e30957c4388a1d,Leor Weinberger,https://pi.tedcdn.com/r/pe.tedcdn.com/images/ted/05cdeec824451955506bdfc201e68a1b94168501_254x191.jpg?w=255
6a034c25b4b11d1a4858622f,Paul Hessburg,https://pi.tedcdn.com/r/pe.tedcdn.com/images/ted/c1fcd7b858d743af4959ec6762dbe86c34f52b10_254x191.jpg?w=255
6a034c2435bf06475c27b0ac,Yannick Roudaut,https://tedblade-public-assets.s3.us-east-1.amazonaws.com/default-avatar.jpg
6a034c249bbcd05aa3165aaa,Eleanor Nelsen,https://tedblade-public-assets.s3.us-east-1.amazonaws.com/default-avatar.jpg
6a034c25b4b11d1a48586225,Jenna Schilstra,https://tedblade-public-assets.s3.us-east-1.amazonaws.com/default-avatar.jpg
6a034c25b4b11d1a48586241,Sarah Willersdorf,https://tedblade-public-assets.s3.us-east-1.amazonaws.com/default-avatar.jpg
6a034c24b9e30957c4388ac5,GoodBye Monkey,https://tedblade-public-assets.s3.us-east-1.amazonaws.com/default-avatar.jpg
6a034c24b9e30957c4388a6e,Sanjay Dastoor,https://pi.tedcdn.com/r/pe.tedcdn.com/images/ted/b782960f2e0ced74bb64f4049f346b7744e7b02a_254x191.jpg?w=255
6a034c249bbcd05aa3165b43,Jennifer Pluznick,https://pi.tedcdn.com/r/pe.tedcdn.com/images/ted/395b0d6e33413964a7d9183d6fc28478b7b1f9d1_254x191.jpg?w=255
6a034c25b4b11d1a4858622b,Noreena Hertz,https://pi.tedcdn.com/r/pe.tedcdn.com/images/ted/c3b33ee4db18874c638229457b0340d2abf559f7_254x191.jpg?w=255
6a034c249bbcd05aa3165ab3,Gary Vaynerchuk,https://pi.tedcdn.com/r/pe.tedcdn.com/images/ted/156168_254x191.jpg?w=255
6a034c25b4b11d1a48586263,Maria Sophocles,https://pi.tedcdn.com/r/ted-conferences-speaker-photos-production.s3.amazonaws.com/z6yp0htni24w515efygcdi0401qv?w=255
6a034c24b9e30957c4388ad2,Jim Toomey,https://pi.tedcdn.com/r/pe.tedcdn.com/images/ted/193574_254x191.jpg?w=255
6a034c24b9e30957c4388ac2,Fareed Zakaria,https://pi.tedcdn.com/r/pe.tedcdn.com/images/ted/e9a8bfa54e8791d4e58a9b7e4ae5ac62e29b34cd_254x191.jpg?w=255
6a034c249bbcd05aa3165be5,Keolu Fox,https://pi.tedcdn.com/r/ted-conferences-speaker-photos-production.s3.amazonaws.com/qshuby9ig8ur4el4t7ykh7z3v952?w=255
6a034c25b4b11d1a4858628d,Scarlet Keys,https://pi.tedcdn.com/r/ted-conferences-speaker-photos-production.s3.amazonaws.com/lao15cr48awlwy36hicbdg4j9njt?w=255
6a034c249bbcd05aa3165ac6,Joshua Prince-Ramus,https://pi.tedcdn.com/r/pe.tedcdn.com/images/ted/1482_254x191.jpg?w=255
6a034c24b9e30957c4388ae8,Luis H. Zayas,https://tedblade-public-assets.s3.us-east-1.amazonaws.com/default-avatar.jpg
6a034c25b4b11d1a4858622d,Oliver Elfenbaum,https://tedblade-public-assets.s3.us-east-1.amazonaws.com/default-avatar.jpg
6a034c24b9e30957c4388aeb,Maria Van Kerkhove,https://pi.tedcdn.com/r/pe.tedcdn.com/images/ted/23a7ae945f898ee55b58d916ff337c86d70f7884_254x191.jpg?w=255
6a034c24b9e30957c4388aba,Eduardo Briceño,https://pi.tedcdn.com/r/pe.tedcdn.com/images/ted/496002880535f8e33467f5d3368187e0d4c28217_254x191.jpg?w=255
6a034c25b4b11d1a4858629f,Tina Yong,https://pi.tedcdn.com/r/ted-conferences-speaker-photos-production.s3.amazonaws.com/g94i434qi8ipdbxdan6vtb92fshj?w=255
6a034c249bbcd05aa3165b3b,Henry Markram,https://pi.tedcdn.com/r/pe.tedcdn.com/images/ted/121609_254x191.jpg?w=255
6a034c24b9e30957c4388b42,Doris Sung,https://pi.tedcdn.com/r/pe.tedcdn.com/images/ted/fddcaf63ac4ef5060200d5f2cbaac21ec35fdfff_254x191.jpg?w=255
6a034c24b9e30957c4388b26,Antonio Donato Nobre,https://pi.tedcdn.com/r/pe.tedcdn.com/images/ted/90515439755e5c3f8f9b3e1f5526079d69758486_254x191.jpg?w=255
6a034c25b4b11d1a48586259,Malay Bera,https://tedblade-public-assets.s3.us-east-1.amazonaws.com/default-avatar.jpg
6a034c24da446a102707f3b1,Dambisa Moyo,https://pi.tedcdn.com/r/pe.tedcdn.com/images/ted/19a6db48b648bfcaa767b759b849234f24106777_254x191.jpg?w=255
6a034c25b4b11d1a485862af,Alisa Miller,https://pi.tedcdn.com/r/pe.tedcdn.com/images/ted/41663_254x191.jpg?w=255
6a034c249bbcd05aa3165b47,Jim Holt,https://pi.tedcdn.com/r/pe.tedcdn.com/images/ted/05c30e82a26d69274c403a48774010f908503ec6_254x191.jpg?w=255
6a034c25b4b11d1a4858625f,Marcos Aguiar,https://pi.tedcdn.com/r/pe.tedcdn.com/images/ted/de56ff31889bcf6c154192e88b85347849d3bc74_254x191.jpg?w=255
6a034c24b9e30957c4388b43,Doug MacKay,https://tedblade-public-assets.s3.us-east-1.amazonaws.com/default-avatar.jpg
6a034c24b9e30957c4388b4b,Esta Soler,https://pi.tedcdn.com/r/pe.tedcdn.com/images/ted/d481687b997361c6ab744b94a2bcd4390e672dee_254x191.jpg?w=255
6a034c2437e0c30f44bd1d14,Rebecca Webster,https://tedblade-public-assets.s3.us-east-1.amazonaws.com/default-avatar.jpg
6a034c25b4b11d1a485862b9,Azim Shariff,https://pi.tedcdn.com/r/ted-conferences-speaker-photos-production.s3.amazonaws.com/6zoz9q6tfd7d3n7x6n7dwjoum08e?w=255
6a034c249bbcd05aa3165b68,Masha Gershman,https://tedblade-public-assets.s3.us-east-1.amazonaws.com/default-avatar.jpg
6a034c24b9e30957c4388b92,Pardis Sabeti,https://pi.tedcdn.com/r/pe.tedcdn.com/images/ted/881924e3cfd879594a6168f2394550a270be793b_254x191.jpg?w=255
6a034c2437e0c30f44bd1e24,Yaniv Erlich,https://pi.tedcdn.com/r/pe.tedcdn.com/images/ted/79290fc5f6a168b8ea3f8f8e9a29f2825d1ec46c_254x191.jpg?w=255
6a034c24b9e30957c4388bad,Tim Kruger,https://pi.tedcdn.com/r/pe.tedcdn.com/images/ted/4abccce12bc7e7d6ae6f3b8a97310adc55ff7d2b_254x191.jpg?w=255
6a034c25b4b11d1a485862ea,Jamil Zaki,https://pi.tedcdn.com/r/pe.tedcdn.com/images/ted/140cf2d64835503a63a12d319348dffbf4fe8113_254x191.jpg?w=255
6a034c25b4b11d1a48586275,Monica Araya,https://pi.tedcdn.com/r/ted-conferences-speaker-photos-production.s3.amazonaws.com/79tc6awlcc7unmc08bfn1xj2bpop?w=255
6a034c249bbcd05aa3165b6f,Ndidi Nwuneli,https://pi.tedcdn.com/r/pe.tedcdn.com/images/ted/db02cf29ecaaae155f640e88077e8c895e62cf6a_254x191.jpg?w=255
6a034c24658f0b3b67d4a4db,Molly Webster,https://pi.tedcdn.com/r/pe.tedcdn.com/images/ted/6a880dc34543011e228a54da0dfb11675a3e030e_254x191.jpg?w=255
6a034c24b9e30957c4388ba7,Stefon Harris,https://pi.tedcdn.com/r/pe.tedcdn.com/images/ted/bd5975152d17a53b1301cd0cdeee28286af550fd_254x191.jpg?w=255
6a034c25b4b11d1a485862f2,Joel Levine,https://pi.tedcdn.com/r/pe.tedcdn.com/images/ted/158870_254x191.jpg?w=255
6a034c24d4881847be4b508c,Betsy Schwarm,https://tedblade-public-assets.s3.us-east-1.amazonaws.com/default-avatar.jpg
6a034c249bbcd05aa3165bc6,George Steinmetz,https://pi.tedcdn.com/r/pe.tedcdn.com/images/ted/7e898297b69bff789bf1fcb3ac597b9bd5f93098_254x191.jpg?w=255
6a034c25b4b11d1a4858628c,Sarah Corbett,https://pi.tedcdn.com/r/pe.tedcdn.com/images/ted/5d7c21faa64f3134cc488246ef01edbf5a7920c9_254x191.jpg?w=255
6a034c2437e0c30f44bd1e13,Gregg Garn,https://tedblade-public-assets.s3.us-east-1.amazonaws.com/default-avatar.jpg
6a034c25b4b11d1a485862f6,Jon Youshaei,https://pi.tedcdn.com/r/ted-conferences-speaker-photos-production.s3.amazonaws.com/2tgvyxsw2ti7jya2g57xk3oa5i2h?w=255
6a034c24d4881847be4b5074,Anees Bahji,https://tedblade-public-assets.s3.us-east-1.amazonaws.com/default-avatar.jpg
6a034c249bbcd05aa3165be3,Katherine Fulton,https://pi.tedcdn.com/r/pe.tedcdn.com/images/ted/98633_254x191.jpg?w=255
6a034c24d4881847be4b50bb,Daniel Molina,https://tedblade-public-assets.s3.us-east-1.amazonaws.com/default-avatar.jpg
6a034c25b4b11d1a48586296,Susan Pinker,https://pi.tedcdn.com/r/pe.tedcdn.com/images/ted/817344f2ff3fa1f2d2689f89c258109408a02a64_254x191.jpg?w=255
6a034c24658f0b3b67d4a35a,Kris Alexander,https://pi.tedcdn.com/r/ted-conferences-speaker-photos-production.s3.amazonaws.com/iat6o60u8dxamcsaeleb4zphc2c2?w=255
6a034c25b4b11d1a485862f9,Juliana Machado Ferreira,https://pi.tedcdn.com/r/pe.tedcdn.com/images/ted/158526_254x191.jpg?w=255
6a034c24d4881847be4b509c,Cara E. Yar Khan,https://tedblade-public-assets.s3.us-east-1.amazonaws.com/default-avatar.jpg
6a034c249bbcd05aa3165be7,Kluane Adamek,https://pi.tedcdn.com/r/pe.tedcdn.com/images/ted/3c1e2363443ae74dac108eb60218c1fbaaceaf37_254x191.jpg?w=255
6a034c25b4b11d1a485862ad,Alayna Vaughan,https://tedblade-public-assets.s3.us-east-1.amazonaws.com/default-avatar.jpg
6a034c24d4881847be4b50ea,Jota Samper,https://pi.tedcdn.com/r/pe.tedcdn.com/images/ted/2260ade94763fd4ee7a0ac02a5bebe13127d42bb_254x191.jpg?w=255
6a034c249bbcd05aa3165b0c,Aviv Regev,https://tedblade-public-assets.s3.us-east-1.amazonaws.com/default-avatar.jpg
6a034c25b4b11d1a485862fb,Anne Basting,https://pi.tedcdn.com/r/pe.tedcdn.com/images/ted/580722834a3fe8de095dd59749f7cf97d1a0ac38_254x191.jpg?w=255
6a034c24d4881847be4b509e,Cai Guo-Qiang,https://tedblade-public-assets.s3.us-east-1.amazonaws.com/default-avatar.jpg
6a034c249bbcd05aa3165c04,Peter van Manen,https://pi.tedcdn.com/r/pe.tedcdn.com/images/ted/637d45f4d175249541bd7ac09babfe4acf8e0641_254x191.jpg?w=255
6a034c24b9e30957c43889e2,Molly Wright,https://pi.tedcdn.com/r/pe.tedcdn.com/images/ted/eecc2b9e83490ab1ad36fc6c867b46912abb45cd_254x191.jpg?w=255
6a034c24d4881847be4b50f0,Kesha,https://pi.tedcdn.com/r/ted-conferences-speaker-photos-production.s3.amazonaws.com/seiiak256udjue275ygvijzka7pj?w=255
6a034c25b4b11d1a485862bf,Bettina Warburg,https://pi.tedcdn.com/r/ted-conferences-speaker-photos-production.s3.amazonaws.com/edecgftrre9lsj8bllzne49jzmua?w=255
6a034c25b4b11d1a4858632a,María Teresa Kumar,https://pi.tedcdn.com/r/pe.tedcdn.com/images/ted/b475677c8f9aad817557f2942cf0d932490322d6_254x191.jpg?w=255
6a034c24d4881847be4b50c2,David Ian Howe,https://tedblade-public-assets.s3.us-east-1.amazonaws.com/default-avatar.jpg
6a034c249bbcd05aa3165c0c,Ruha Benjamin,https://pi.tedcdn.com/r/ted-conferences-speaker-photos-production.s3.amazonaws.com/fpm3z30d8674t6rntyv8wxk5p7fe?w=255
6a034c24658f0b3b67d4a2ba,Andrew Dent,https://pi.tedcdn.com/r/pe.tedcdn.com/images/ted/c542ec2e8ff42b95f4b4d823a8a65a3a503ef8da_254x191.jpg?w=255
6a034c24d4881847be4b5107,Irma L. Olguin Jr.,https://tedblade-public-assets.s3.us-east-1.amazonaws.com/default-avatar.jpg
6a034c25b4b11d1a485862c3,Cal Newport,https://tedblade-public-assets.s3.us-east-1.amazonaws.com/default-avatar.jpg
6a034c25b4b11d1a4858632f,Michael Mauser,https://tedblade-public-assets.s3.us-east-1.amazonaws.com/default-avatar.jpg
6a034c249bbcd05aa3165c3f,Ed Newton-Rex,https://tedblade-public-assets.s3.us-east-1.amazonaws.com/default-avatar.jpg
6a034c24d4881847be4b50c3,Erika Moore,https://pi.tedcdn.com/r/ted-conferences-speaker-photos-production.s3.amazonaws.com/qycoeq06jhity5gnw2rvih90sijw?w=255
6a034c24b9e30957c4388acc,James Curleigh,https://tedblade-public-assets.s3.us-east-1.amazonaws.com/default-avatar.jpg
6a034c24d4881847be4b5126,Olympia Della Flora,https://pi.tedcdn.com/r/pe.tedcdn.com/images/ted/5f7ccd3fbf9cabed5f4d821cadcdbe9dba4f10e4_254x191.jpg?w=255
6a034c25b4b11d1a485862d4,Doris Mitsch,https://pi.tedcdn.com/r/ted-conferences-speaker-photos-production.s3.amazonaws.com/3lwerwso4awagl85u1pddi6aihst?w=255
6a034c24d4881847be4b50e0,Jason Rugolo,https://pi.tedcdn.com/r/ted-conferences-speaker-photos-production.s3.amazonaws.com/bv9pj7gsjuiguz3gocbbmbyb4ub9?w=255
6a034c249bbcd05aa3165c79,Natalie Merchant,https://pi.tedcdn.com/r/pe.tedcdn.com/images/ted/162291_254x191.jpg?w=255
6a034c25b4b11d1a48586347,Regina Dugan,https://pi.tedcdn.com/r/pe.tedcdn.com/images/ted/d77a467c136f884896d3076a37908c64f081d6b5_254x191.jpg?w=255
6a034c24d4881847be4b5161,Tina Arrowood,https://pi.tedcdn.com/r/pe.tedcdn.com/images/ted/94a448f2789dd9337f593f6d58b02131e76ba9ad_254x191.jpg?w=255
6a034c25b4b11d1a48586326,Mark Modesti,https://tedblade-public-assets.s3.us-east-1.amazonaws.com/default-avatar.jpg
6a034c24d4881847be4b5160,Nighat Dad,https://pi.tedcdn.com/r/pe.tedcdn.com/images/ted/f1b69fa4013ec1fcdc970fe02da7ec17c4d9e94b_254x191.jpg?w=255
6a034c24d4881847be4b514e,Marlene Daut,https://tedblade-public-assets.s3.us-east-1.amazonaws.com/default-avatar.jpg
6a034c24d4881847be4b518a,Thomas W. Cronin,https://tedblade-public-assets.s3.us-east-1.amazonaws.com/default-avatar.jpg
6a034c249bbcd05aa3165c8d,Shah Rukh Khan,https://pi.tedcdn.com/r/pe.tedcdn.com/images/ted/f4d32a2e314eaba4527b0d7abcdb6b5a120f44af_254x191.jpg?w=255
6a034c25b4b11d1a48586378,Tom Chatfield,https://pi.tedcdn.com/r/pe.tedcdn.com/images/ted/210164_254x191.jpg?w=255
6a034c25b4b11d1a48586351,Alejandro Chaskielberg,https://tedblade-public-assets.s3.us-east-1.amazonaws.com/default-avatar.jpg
6a034c24da446a102707f538,Sahil Sethi,https://tedblade-public-assets.s3.us-east-1.amazonaws.com/default-avatar.jpg
6a034c24d4881847be4b5166,Nina Tandon,https://pi.tedcdn.com/r/ted-conferences-speaker-photos-production.s3.amazonaws.com/mycfzifqmxp6soank14xeamuqo9k?w=255
6a034c24b9e30957c4388993,Alex Soojung-Kim Pang,https://tedblade-public-assets.s3.us-east-1.amazonaws.com/default-avatar.jpg
6a034c24d4881847be4b51bc,Gever Tulley,https://pi.tedcdn.com/r/pe.tedcdn.com/images/ted/582a8f095b24be2578562967d0fb4fd9ac33b20f_254x191.jpg?w=255
6a034c25b4b11d1a48586387,Sutu,https://tedblade-public-assets.s3.us-east-1.amazonaws.com/default-avatar.jpg
6a034c24da446a102707f594,Emma Schachner,https://pi.tedcdn.com/r/pe.tedcdn.com/images/ted/a2522489e038e495b72e1e0721a6b19104cb1e7e_254x191.jpg?w=255
6a034c24d4881847be4b51b2,Eames Demetrios,https://pi.tedcdn.com/r/pe.tedcdn.com/images/ted/100153_254x191.jpg?w=255
6a034c24b9e30957c4388997,Michael Stevens,https://pi.tedcdn.com/r/pe.tedcdn.com/images/ted/f375ce1d68c63cd8e93767b558d28127f640eda3_254x191.jpg?w=255
6a034c25b4b11d1a4858639e,Sheila Nirenberg,https://pi.tedcdn.com/r/pe.tedcdn.com/images/ted/83b4a96dcc2898efc6e5f648e21a4a59f9b8ae5a_254x191.jpg?w=255
6a034c24d4881847be4b51f6,Peter Paccone,https://tedblade-public-assets.s3.us-east-1.amazonaws.com/default-avatar.jpg
6a034c249bbcd05aa3165c10,Sarah Barmak,https://pi.tedcdn.com/r/pe.tedcdn.com/images/ted/f18e4b23ba3b86269eefd0d7e3d8fa7ff3c0ff20_254x191.jpg?w=255
6a034c24b9e30957c43889df,DeAndrea Salvador,https://pi.tedcdn.com/r/pe.tedcdn.com/images/ted/df3a725349676ae2c58694827e3409de20fc6fba_254x191.jpg?w=255
6a034c24d4881847be4b521a,William Ury,https://pi.tedcdn.com/r/pe.tedcdn.com/images/ted/95bcb3ade7663e7b192567f1dae5e08b72554fcf_254x191.jpg?w=255
6a034c24d4881847be4b51be,Grady Booch,https://pi.tedcdn.com/r/pe.tedcdn.com/images/ted/894fb963adeef97c8ded7671dc58957536ecc3e0_254x191.jpg?w=255
6a034c24b9e30957c4388b33,Carl Safina,https://pi.tedcdn.com/r/pe.tedcdn.com/images/ted/23e98738ba092dc440a5686a4fbee83c0bf4b06c_254x191.jpg?w=255
6a034c24b9e30957c43889fe,Christopher Ryan,https://pi.tedcdn.com/r/pe.tedcdn.com/images/ted/cab3d3830a7e882c2a50a8056eb087ebbb2301de_254x191.jpg?w=255
6a034c24d4881847be4b51d7,Kelli Swazey,https://pi.tedcdn.com/r/pe.tedcdn.com/images/ted/40b382ecf9cde4a8af5524b2ca3f65bab0b9c18a_254x191.jpg?w=255
6a034c24d4881847be4b5229,Benedetta Berti,https://pi.tedcdn.com/r/pe.tedcdn.com/images/ted/c6f49d58aadddc8c43cb498b2d77d14c30e519a4_254x191.jpg?w=255
6a034c24b9e30957c4388aa3,Benjamin Seibold,https://tedblade-public-assets.s3.us-east-1.amazonaws.com/default-avatar.jpg
6a034c24658f0b3b67d4a4c3,Kirsten Banks,https://tedblade-public-assets.s3.us-east-1.amazonaws.com/default-avatar.jpg
6a034c24d4881847be4b5299,Steve Rothstein,https://tedblade-public-assets.s3.us-east-1.amazonaws.com/default-avatar.jpg
6a034c24d4881847be4b5240,Feisal Abdul Rauf,https://tedblade-public-assets.s3.us-east-1.amazonaws.com/default-avatar.jpg
6a034c24b9e30957c4388adc,Kathryn Kolbert,https://pi.tedcdn.com/r/pe.tedcdn.com/images/ted/628e18cebe8a2047ceb44202df7fb6a2545554c4_254x191.jpg?w=255
6a034c2435bf06475c27aeea,Alex Smith,https://pi.tedcdn.com/r/pe.tedcdn.com/images/ted/da5a72399d424dc9f2a8b2a210e0dbbd749b187e_254x191.jpg?w=255
6a034c24da446a102707f3e4,Jordan Dinwiddie,https://pi.tedcdn.com/r/ted-conferences-speaker-photos-production.s3.amazonaws.com/yifhr0b4z25dr9t9wmqax6jo4n8v?w=255
6a034c24d4881847be4b5268,Mary Lou Jepsen,https://pi.tedcdn.com/r/pe.tedcdn.com/images/ted/7b7cab66737a05165ec1fee42332c1335d868e21_254x191.jpg?w=255
6a034c24b9e30957c4388b03,Peter Beck,https://pi.tedcdn.com/r/pe.tedcdn.com/images/ted/3c61dba00d96afa93e733e6d9321c2737b96a6d4_254x191.jpg?w=255
6a034c2437e0c30f44bd1d1f,Simona Francese,https://pi.tedcdn.com/r/pe.tedcdn.com/images/ted/4eb620edc24b5cbef8e41aa415e5826c26147499_254x191.jpg?w=255
6a034c24da446a102707f400,Leslie Herod,https://pi.tedcdn.com/r/pe.tedcdn.com/images/ted/69d70bc79cc26aa17533cc190629610ca5645740_254x191.jpg?w=255
6a034c24b9e30957c4388b70,Karen Gurney,https://tedblade-public-assets.s3.us-east-1.amazonaws.com/default-avatar.jpg
6a034c24d4881847be4b528c,Robert Garland,https://tedblade-public-assets.s3.us-east-1.amazonaws.com/default-avatar.jpg
6a034c2437e0c30f44bd1e37,Janna Levin,https://pi.tedcdn.com/r/pe.tedcdn.com/images/ted/6dbb835f66f48138e5bf84b4cb9ae50db190ab5e_254x191.jpg?w=255
6a034c24da446a102707f410,Cathy O'Neil,https://tedblade-public-assets.s3.us-east-1.amazonaws.com/default-avatar.jpg
6a034c24b9e30957c4388b78,LeeAnn Renninger,https://pi.tedcdn.com/r/pe.tedcdn.com/images/ted/3fa15859edabd0237015887ab7e6d3711e57fa42_254x191.jpg?w=255
6a034c24da446a102707f3a5,Bo Cerup-Simonsen,https://tedblade-public-assets.s3.us-east-1.amazonaws.com/default-avatar.jpg
6a034c2437e0c30f44bd1eda,Sarah Kaminsky,https://pi.tedcdn.com/r/pe.tedcdn.com/images/ted/bd72eab902738301089345dd768320876af23b66_254x191.jpg?w=255
6a034c24da446a102707f4df,Fatma Karume,https://pi.tedcdn.com/r/ted-conferences-speaker-photos-production.s3.amazonaws.com/yosb5l6w5w3ahq4w3frcebhs10kx?w=255
6a034c24d4881847be4b5094,Bill Clinton,https://pi.tedcdn.com/r/pe.tedcdn.com/images/ted/1358_254x191.jpg?w=255
6a034c24da446a102707f408,Boniface Mwangi,https://pi.tedcdn.com/r/pe.tedcdn.com/images/ted/e69d25058d5299d092899a102d533a41c3248685_254x191.jpg?w=255
6a034c24da446a102707f4f3,Jeff Dean,https://pi.tedcdn.com/r/pe.tedcdn.com/images/ted/1facc423ec78f03df0e5929c2156b7b28c4da4c2_254x191.jpg?w=255
6a034c24da446a102707f416,Matthew Mazzotta,https://pi.tedcdn.com/r/pe.tedcdn.com/images/ted/8755771d537b3430c16e0bee4e2bfa5a9941f516_254x191.jpg?w=255
6a034c24d4881847be4b5095,Brian Little,https://pi.tedcdn.com/r/pe.tedcdn.com/images/ted/69695eaed49e02f58b1e49d22563be8f964a29d6_254x191.jpg?w=255
6a034c24da446a102707f4f4,Tien Nguyen,https://tedblade-public-assets.s3.us-east-1.amazonaws.com/default-avatar.jpg
6a034c249bbcd05aa3165b53,Kevin Toolis,https://pi.tedcdn.com/r/pe.tedcdn.com/images/ted/a11cd038b29ded31f1c2a5f75f7831ce28f4d98d_254x191.jpg?w=255
6a034c24da446a102707f421,Monica Fay,https://tedblade-public-assets.s3.us-east-1.amazonaws.com/default-avatar.jpg
6a034c24d4881847be4b5099,Brian S. Lowery,https://tedblade-public-assets.s3.us-east-1.amazonaws.com/default-avatar.jpg
6a034c24da446a102707f527,Monica Lewinsky,https://pi.tedcdn.com/r/pe.tedcdn.com/images/ted/68ca90ffa79c89982a7bccbb5418ea877514c7d8_254x191.jpg?w=255
6a034c249bbcd05aa3165bb2,Stephanie Braccini Slade,https://tedblade-public-assets.s3.us-east-1.amazonaws.com/default-avatar.jpg
6a034c24da446a102707f42a,Neil R. Jeyasingam,https://tedblade-public-assets.s3.us-east-1.amazonaws.com/default-avatar.jpg
6a034c24da446a102707f545,Stefan Larsson,https://pi.tedcdn.com/r/pe.tedcdn.com/images/ted/de203fbe9ca50f9a991b026072423b0641641560_254x191.jpg?w=255
6a034c24b9e30957c4388b2e,Bonnie Hancock,https://pi.tedcdn.com/r/ted-conferences-speaker-photos-production.s3.amazonaws.com/ouyoy389ezl11b7ipfik4ukj693b?w=255
6a034c24d4881847be4b50ad,Danielle R. Moss,https://tedblade-public-assets.s3.us-east-1.amazonaws.com/default-avatar.jpg
6a034c24da446a102707f46d,Stuart Duncan,https://pi.tedcdn.com/r/pe.tedcdn.com/images/ted/10ee2ae4dacde52945fd15990b2d860442466292_254x191.jpg?w=255
6a034c245e700263ec4ad2f6,Julio Friedmann,https://pi.tedcdn.com/r/ted-conferences-speaker-photos-production.s3.amazonaws.com/vgr0vash160kn9vealgs2b5jgato?w=255
6a034c24da446a102707f556,Tanya Boucicaut,https://tedblade-public-assets.s3.us-east-1.amazonaws.com/default-avatar.jpg
6a034c24d4881847be4b5100,Marcus Samuelsson,https://pi.tedcdn.com/r/ted-conferences-speaker-photos-production.s3.amazonaws.com/pep348dxu4hxljtoa84wx89d8z5n?w=255
6a034c24da446a102707f474,Laolu Senbanjo,https://pi.tedcdn.com/r/pe.tedcdn.com/images/ted/c2d2e6af90915748383e2f5669e41bc58e3888db_254x191.jpg?w=255
6a034c24d4881847be4b5117,Jessica Pryce,https://pi.tedcdn.com/r/pe.tedcdn.com/images/ted/2263cb1a04b2d820f5ee5ff7bc6d8d2d85542f18_254x191.jpg?w=255
6a034c24d4881847be4b511a,Miru Kim,https://pi.tedcdn.com/r/pe.tedcdn.com/images/ted/74606_254x191.jpg?w=255
6a034c24d4881847be4b5147,Mara Mintzer,https://pi.tedcdn.com/r/pe.tedcdn.com/images/ted/1676bf3185350ada954baa4c17af60db0a76d689_254x191.jpg?w=255
6a034c249bbcd05aa3165b5e,Lizzie Velásquez,https://tedblade-public-assets.s3.us-east-1.amazonaws.com/default-avatar.jpg
6a034c249bbcd05aa3165bb5,Elizabeth Pisani,https://pi.tedcdn.com/r/pe.tedcdn.com/images/ted/161752_254x191.jpg?w=255
6a034c24d4881847be4b519b,Andrea Gibson,https://tedblade-public-assets.s3.us-east-1.amazonaws.com/default-avatar.jpg
6a034c245e700263ec4ad2e0,Jennifer Lin,https://pi.tedcdn.com/r/pe.tedcdn.com/images/ted/1413_254x191.jpg?w=255
6a034c249bbcd05aa3165c87,Robin Murphy,https://pi.tedcdn.com/r/pe.tedcdn.com/images/ted/22310e07f281ffd0bdf13739a72e70aaa21fdb59_254x191.jpg?w=255
6a034c24b9e30957c4388a30,The Soul Rebels,https://pi.tedcdn.com/r/pe.tedcdn.com/images/ted/5596320b677fcc4732c44bf0497564f8757500a4_254x191.jpg?w=255
6a034c24da446a102707f3ed,Kade Crockford,https://pi.tedcdn.com/r/pe.tedcdn.com/images/ted/fcd1f8cc0c74d7dc90926621f514cdde3a3fc5f6_254x191.jpg?w=255
6a034c24d4881847be4b51b1,Diego Prilusky,https://pi.tedcdn.com/r/pe.tedcdn.com/images/ted/1b25467a663833656bb22a0ef7b06b2017f0adbc_254x191.jpg?w=255
6a034c24da446a102707f561,Wade Davis,https://pi.tedcdn.com/r/pe.tedcdn.com/images/ted/cb56a4c3606a6fb2acc9a03944eb2be1503b74dc_254x191.jpg?w=255
6a034c25b4b11d1a48586218,Ivonne Roman,https://pi.tedcdn.com/r/pe.tedcdn.com/images/ted/50b997222acea82f539e67b5557e6b22058481f6_254x191.jpg?w=255
6a034c24d4881847be4b5216,Victor Ochen,https://pi.tedcdn.com/r/ted-conferences-speaker-photos-production.s3.amazonaws.com/us44y9im6jn1r1mxebi46jr83yc1?w=255
6a034c24da446a102707f584,Chris Vogtherr,https://tedblade-public-assets.s3.us-east-1.amazonaws.com/default-avatar.jpg
6a034c24da446a102707f58d,Donnel Baird,https://pi.tedcdn.com/r/ted-conferences-speaker-photos-production.s3.amazonaws.com/uq6bds6q96s1atnsbgpbdx9xz9xc?w=255
6a034c24da446a102707f5ac,Jennifer Senior,https://pi.tedcdn.com/r/pe.tedcdn.com/images/ted/2e8600b2034befef8fbf7196a383e104e60461ef_254x191.jpg?w=255
6a034c24da446a102707f5cd,Max Tegmark,https://pi.tedcdn.com/r/pe.tedcdn.com/images/ted/30749111506edf399fa849e6787e757365800ad3_254x191.jpg?w=255
6a034c25b4b11d1a4858619c,Cary Fowler,https://pi.tedcdn.com/r/pe.tedcdn.com/images/ted/111935_254x191.jpg?w=255
6a034c25b4b11d1a485861a7, Dave Isay,https://pi.tedcdn.com/r/ted-conferences-speaker-photos-production.s3.amazonaws.com/iuu06e2v08n3v8wna7l33ihcjrjh?w=255
6a034c25b4b11d1a485861d0,Carrie Poppy,https://pi.tedcdn.com/r/pe.tedcdn.com/images/ted/19e175bf5d718b377a47bbffbaf8253cc8b56661_254x191.jpg?w=255
6a034c25b4b11d1a485861dd,Hortensia Jiménez Díaz,https://tedblade-public-assets.s3.us-east-1.amazonaws.com/default-avatar.jpg
6a034c25b4b11d1a48586204,Linda T. Elkins-Tanton,https://tedblade-public-assets.s3.us-east-1.amazonaws.com/default-avatar.jpg
6a034c25b4b11d1a4858620e,Hayley Levitt,https://tedblade-public-assets.s3.us-east-1.amazonaws.com/default-avatar.jpg
6a034c25b4b11d1a48586219,Mike Kinney,https://pi.tedcdn.com/r/ted-conferences-speaker-photos-production.s3.amazonaws.com/9wa0i5fe29f9qmquusy13y7c9dtc?w=255
6a034c25b4b11d1a48586244,Katherine Kuchenbecker,https://pi.tedcdn.com/r/pe.tedcdn.com/images/ted/28783a4fbb4720b989ae2945487de7a6887444ae_254x191.jpg?w=255
6a034c25b4b11d1a4858625e,Tucker Hiatt,https://tedblade-public-assets.s3.us-east-1.amazonaws.com/default-avatar.jpg
6a034c25b4b11d1a48586265,Mark Kendall,https://pi.tedcdn.com/r/pe.tedcdn.com/images/ted/5aebdfd491b684c633253b37af1cf23d2da72e9e_254x191.jpg?w=255
6a034c25b4b11d1a48586274,Molly Graham,https://pi.tedcdn.com/r/ted-conferences-speaker-photos-production.s3.amazonaws.com/6fp00mkaqlefkmhde9amyc78djj7?w=255
6a034c25b4b11d1a48586292,Sirena Huang,https://pi.tedcdn.com/r/pe.tedcdn.com/images/ted/7bddd300804000ead3db986c213938a6c7c70303_254x191.jpg?w=255
6a034c25b4b11d1a48586312,Ozawa Bineshi Albert,https://pi.tedcdn.com/r/pe.tedcdn.com/images/ted/034a51d1bbd64b578e8a71e468d57af58be29696_254x191.jpg?w=255
6a034c25b4b11d1a48586318,Shu Takada,https://pi.tedcdn.com/r/ted-conferences-speaker-photos-production.s3.amazonaws.com/uslo68tyozefq5jdveamvh50ywni?w=255
6a034c25b4b11d1a4858631d,Lisa-Marie Johnston,https://tedblade-public-assets.s3.us-east-1.amazonaws.com/default-avatar.jpg
6a034c25b4b11d1a48586344,Mark Raymond,https://pi.tedcdn.com/r/pe.tedcdn.com/images/ted/f8c9c6a06df37c354545ccfab4e6381de65f3961_254x191.jpg?w=255
6a034c25b4b11d1a48586345,Radhika Nagpal,https://pi.tedcdn.com/r/pe.tedcdn.com/images/ted/d00f55a5633feb15eae6e2922d4746fbf3947432_254x191.jpg?w=255
6a034c25b4b11d1a4858634c,Sandrine Thuret,https://pi.tedcdn.com/r/pe.tedcdn.com/images/ted/d83bcf615fc52eecde2707dc3d2fded2940e87c9_254x191.jpg?w=255
6a034c25b4b11d1a4858635f,Sugata Mitra,https://pi.tedcdn.com/r/pe.tedcdn.com/images/ted/4650103538950c1b6428dd0acffcaaa143758481_254x191.jpg?w=255
6a034c24658f0b3b67d4a337,Johann Hari,https://pi.tedcdn.com/r/pe.tedcdn.com/images/ted/4d5aed8474db2ab633a75a8febec6fcb38d26098_254x191.jpg?w=255
6a034c25b4b11d1a48586362,Sydney Chaffee,https://pi.tedcdn.com/r/pe.tedcdn.com/images/ted/888f55a02d19620a01aaaee5a8f1454a871daa40_254x191.jpg?w=255
6a034c25b4b11d1a48586375,Sam Hester,https://pi.tedcdn.com/r/pe.tedcdn.com/images/ted/682b342bf127e116f5b0684b547acff4ec1373c7_254x191.jpg?w=255
6a034c24658f0b3b67d4a4bd,Kate Bowler,https://pi.tedcdn.com/r/pe.tedcdn.com/images/ted/40fe39c2ef7cebba6db178b0572127b1b5795141_254x191.jpg?w=255
6a034c24da446a102707f47c,Louise Mabulo,https://pi.tedcdn.com/r/ted-conferences-speaker-photos-production.s3.amazonaws.com/jj92iw28op1p91mlrcec3t57uhi9?w=255
6a034c25b4b11d1a4858637f,Mechai Viravaidya,https://pi.tedcdn.com/r/pe.tedcdn.com/images/ted/203307_254x191.jpg?w=255
6a034c24658f0b3b67d4a3d7,Steven Cowley,https://pi.tedcdn.com/r/pe.tedcdn.com/images/ted/137262_254x191.jpg?w=255
6a034c24da446a102707f484,Mandë Holford,https://pi.tedcdn.com/r/pe.tedcdn.com/images/ted/2aba0b1711102491fda1dcbeffad7d5b8ca1d935_254x191.jpg?w=255
6a034c24b9e30957c4388b40,David Grady,https://pi.tedcdn.com/r/pe.tedcdn.com/images/ted/804640b74393787a260f69f50df32455c1b229df_254x191.jpg?w=255
6a034c24da446a102707f4ac,Paul MacCready,https://pi.tedcdn.com/r/pe.tedcdn.com/images/ted/16437_254x191.jpg?w=255
6a034c24d4881847be4b521b,Yordanos Eyoel,https://pi.tedcdn.com/r/ted-conferences-speaker-photos-production.s3.amazonaws.com/mylmiliw0lb8jcbfszjpg6j2sbh1?w=255
6a034c25b4b11d1a48586249,Simona Abdallah,https://pi.tedcdn.com/r/pe.tedcdn.com/images/ted/69a3b77357f297218479e5d178d3e87ddb6443be_254x191.jpg?w=255
6a034c24da446a102707f4b9,Darien Satterfield,https://tedblade-public-assets.s3.us-east-1.amazonaws.com/default-avatar.jpg
6a034c24d4881847be4b523c,Eldridge Adams,https://tedblade-public-assets.s3.us-east-1.amazonaws.com/default-avatar.jpg
6a034c2437e0c30f44bd1e88,Peter Norvig,https://pi.tedcdn.com/r/pe.tedcdn.com/images/ted/c1f4928909884a195cec529054d8084f38575010_254x191.jpg?w=255
6a034c24d4881847be4b5269,Masako Tamaki,https://tedblade-public-assets.s3.us-east-1.amazonaws.com/default-avatar.jpg
6a034c24da446a102707f4c2,Rishi Manchanda,https://pi.tedcdn.com/r/pe.tedcdn.com/images/ted/0c2ca296115a3f4106303cd20e28548de10a3a8e_254x191.jpg?w=255
6a034c24658f0b3b67d4a324,Dave deBronkart,https://pi.tedcdn.com/r/pe.tedcdn.com/images/ted/e74bed96f9dc140d60790bc2167bd5b3565644ba_254x191.jpg?w=255
6a034c24da446a102707f3c6,Emily Pilloton,https://pi.tedcdn.com/r/pe.tedcdn.com/images/ted/86c0203874935bb1ae84dc8a5f750a8579adb968_254x191.jpg?w=255
6a034c24da446a102707f4fb,Valerie Purdie-Greenaway,https://pi.tedcdn.com/r/pe.tedcdn.com/images/ted/08f0abfbe1943684fc1dc9a000ee97fdc75a20d9_254x191.jpg?w=255
6a034c24b9e30957c43889f0,Tom Teves,https://pi.tedcdn.com/r/pe.tedcdn.com/images/ted/bd435b34532a10451d40b2cc113507dd90d06238_254x191.jpg?w=255
6a034c24da446a102707f3cc,Fay Bound Alberti,https://tedblade-public-assets.s3.us-east-1.amazonaws.com/default-avatar.jpg
6a034c24b9e30957c4388aef,Matthew O'Reilly,https://tedblade-public-assets.s3.us-east-1.amazonaws.com/default-avatar.jpg
6a034c24da446a102707f4fd,Joel Bervell,https://pi.tedcdn.com/r/ted-conferences-speaker-photos-production.s3.amazonaws.com/ibh33r930t76obbdnyk0l7y8xq9r?w=255
6a034c24da446a102707f431,Dread Scott,https://pi.tedcdn.com/r/pe.tedcdn.com/images/ted/c42013022998fce126204476276fcffb883ada3f_254x191.jpg?w=255
6a034c25b4b11d1a4858629d, Let It Happen,https://tedblade-public-assets.s3.us-east-1.amazonaws.com/default-avatar.jpg
6a034c24da446a102707f53a,Sarah Murray,https://pi.tedcdn.com/r/pe.tedcdn.com/images/ted/62234da82a282942fcbc90b833e0188fd397fe75_254x191.jpg?w=255
6a034c24da446a102707f467,Shlomo Benartzi,https://pi.tedcdn.com/r/pe.tedcdn.com/images/ted/b9ebb30d6169fbd0e79b84658a3abc4cacb244fe_254x191.jpg?w=255
6a034c24da446a102707f576,Ariel Waldman,https://pi.tedcdn.com/r/pe.tedcdn.com/images/ted/d22910909098506302f0fac2d114f314505750fe_254x191.jpg?w=255
6a034c25b4b11d1a485863a7,Charles Robertson,https://pi.tedcdn.com/r/pe.tedcdn.com/images/ted/2556ece53616a7708c49e19acfcb1a93bbef1700_254x191.jpg?w=255
6a034c24da446a102707f47e,Luisa Neubauer,https://pi.tedcdn.com/r/pe.tedcdn.com/images/ted/86fcfa4a73c576f7f90f3fe6062e310dbadef041_254x191.jpg?w=255
6a034c24da446a102707f5f1,Ron Gutman,https://pi.tedcdn.com/r/pe.tedcdn.com/images/ted/3f6bd98648c352898248b2d6fb2a69afca68bca5_254x191.jpg?w=255
6a034c2435bf06475c27b058,Juniper Fitzgerald,https://tedblade-public-assets.s3.us-east-1.amazonaws.com/default-avatar.jpg
6a034c24da446a102707f486,Marc Kushner,https://pi.tedcdn.com/r/pe.tedcdn.com/images/ted/f814ca1873fc377274e9e7f9a344d4a1a30e6b4e_254x191.jpg?w=255
6a034c25b4b11d1a485861b2,Ellen Dunham-Jones,https://pi.tedcdn.com/r/pe.tedcdn.com/images/ted/180453_254x191.jpg?w=255
6a034c24658f0b3b67d4a3dd,Suzanne Case,https://tedblade-public-assets.s3.us-east-1.amazonaws.com/default-avatar.jpg
6a034c24da446a102707f48d,Andrew Blum,https://pi.tedcdn.com/r/pe.tedcdn.com/images/ted/e3d82672c6f91a4ff51ea44515b329366d5291e8_254x191.jpg?w=255
6a034c25b4b11d1a485861b8,Eric Sannerud,https://pi.tedcdn.com/r/pe.tedcdn.com/images/ted/3aacf6dedfbb9cd5c275d94aec7d92ffbc5f30ec_254x191.jpg?w=255
6a034c245e700263ec4ad22d,Keiichiro Hirano,https://tedblade-public-assets.s3.us-east-1.amazonaws.com/default-avatar.jpg
6a034c25b4b11d1a485861bd,Anna Babel,https://pi.tedcdn.com/r/pe.tedcdn.com/images/ted/70ec7ec0a4e8633cb8887b513cae53c547ac3361_254x191.jpg?w=255
6a034c24da446a102707f498,Muhammed Idris,https://pi.tedcdn.com/r/pe.tedcdn.com/images/ted/f3eb387e1debb28187db74cba942cf0387d918cd_254x191.jpg?w=255
6a034c24658f0b3b67d4a350,Greg Stone,https://pi.tedcdn.com/r/pe.tedcdn.com/images/ted/210433_254x191.jpg?w=255
6a034c25b4b11d1a485861c5,Betsy Kauffman,https://pi.tedcdn.com/r/pe.tedcdn.com/images/ted/51533420833b0ecb9bdc2374228016280e30536a_254x191.jpg?w=255
6a034c24da446a102707f4a9,Chera Kowalski,https://pi.tedcdn.com/r/pe.tedcdn.com/images/ted/de0bb75d61e7227b8fb61af56c46ff52d0600c38_254x191.jpg?w=255
6a034c24658f0b3b67d4a365,Jinsop Lee,https://pi.tedcdn.com/r/pe.tedcdn.com/images/ted/96e10af9da054bc9594bc27b6a6f11c5ab40c08d_254x191.jpg?w=255
6a034c25b4b11d1a485861f6,Joy Milne,https://tedblade-public-assets.s3.us-east-1.amazonaws.com/default-avatar.jpg
6a034c24da446a102707f4b8,Ramona Pierson,https://pi.tedcdn.com/r/pe.tedcdn.com/images/ted/32d7494b4e1b7e7451ef9554d2f2d12feb904188_254x191.jpg?w=255
6a034c24b9e30957c4388b13,Srdja Popovic,https://pi.tedcdn.com/r/pe.tedcdn.com/images/ted/11ffa9ce258e1f28ff41eb2df2772d6096176e10_254x191.jpg?w=255
6a034c25b4b11d1a485861fa,Fang Ruan,https://pi.tedcdn.com/r/pe.tedcdn.com/images/ted/c31ec0d63b16027d2b1936f0c76c8a6e26e6ecb8_254x191.jpg?w=255
6a034c24da446a102707f504,Jon Gray,https://pi.tedcdn.com/r/pe.tedcdn.com/images/ted/f827edd97a54f69e962ffe61f6d8c8edc312fd53_254x191.jpg?w=255
6a034c25b4b11d1a4858624f,Lawrence Bernstein,https://pi.tedcdn.com/r/ted-conferences-speaker-photos-production.s3.amazonaws.com/nvlt0tj3mlyz0pfctakbtdbh5f6v?w=255
6a034c25b4b11d1a48586240,Karen Thompson Walker,https://tedblade-public-assets.s3.us-east-1.amazonaws.com/default-avatar.jpg
6a034c24da446a102707f514,Leila Pirhaji,https://pi.tedcdn.com/r/pe.tedcdn.com/images/ted/7d0eb5229bf25431c702268f369bf8f680789d18_254x191.jpg?w=255
6a034c2437e0c30f44bd1e7c,Nina Klietsch,https://tedblade-public-assets.s3.us-east-1.amazonaws.com/default-avatar.jpg
6a034c25b4b11d1a48586278,Niki Okuk,https://pi.tedcdn.com/r/pe.tedcdn.com/images/ted/afeb01c092d52836c85baac8760cfed574dd79a1_254x191.jpg?w=255
6a034c24da446a102707f548,Sydney Iaukea,https://tedblade-public-assets.s3.us-east-1.amazonaws.com/default-avatar.jpg
6a034c25b4b11d1a485862ce,Daniel Bögre Udell,https://tedblade-public-assets.s3.us-east-1.amazonaws.com/default-avatar.jpg
6a034c249bbcd05aa3165bdc,Jill Farrant,https://pi.tedcdn.com/r/pe.tedcdn.com/images/ted/0ad35e01401e1222dec7a611d82cd67ef5615d55_254x191.jpg?w=255
6a034c24da446a102707f590,Ella Al-Shamahi,https://pi.tedcdn.com/r/pe.tedcdn.com/images/ted/c30e4c0b58ffcbe12d80833a34098536bbf83a4d_254x191.jpg?w=255
6a034c25b4b11d1a485862de,Guy Harvey,https://tedblade-public-assets.s3.us-east-1.amazonaws.com/default-avatar.jpg
6a034c249bbcd05aa3165c59,John Searle,https://pi.tedcdn.com/r/pe.tedcdn.com/images/ted/1f1c798a01ae96343a6fff4a09e29b9929efed7b_254x191.jpg?w=255
6a034c24da446a102707f5bb,Kelly McGonigal,https://pi.tedcdn.com/r/pe.tedcdn.com/images/ted/3dd8fa354cbc5732968af336c61770041bb6d7fa_254x191.jpg?w=255
6a034c25b4b11d1a485862f7,Joseph Pine,https://pi.tedcdn.com/r/pe.tedcdn.com/images/ted/65913_254x191.jpg?w=255
6a034c24b9e30957c43889a2,Andrew Smith,https://tedblade-public-assets.s3.us-east-1.amazonaws.com/default-avatar.jpg
6a034c24da446a102707f5ec,Riché D. Richardson,https://tedblade-public-assets.s3.us-east-1.amazonaws.com/default-avatar.jpg
6a034c25b4b11d1a4858633a,Olivier Scalabre,https://pi.tedcdn.com/r/pe.tedcdn.com/images/ted/6b3ee779177e5502061e702ec2dcf6b61326ad0f_254x191.jpg?w=255
6a034c24da446a102707f4d7,Erika Hamden,https://pi.tedcdn.com/r/pe.tedcdn.com/images/ted/58e2ad3af15de7b7e7fc8f1275460d8909b5658a_254x191.jpg?w=255
6a034c25b4b11d1a48586187,Alan Amling,https://tedblade-public-assets.s3.us-east-1.amazonaws.com/default-avatar.jpg
6a034c25b4b11d1a48586341,Keith Barry,https://pi.tedcdn.com/r/pe.tedcdn.com/images/ted/17539c84e1efad46b29e9c99391e06152677df0a_254x191.jpg?w=255
6a034c25b4b11d1a4858619d,Catharine Young,https://tedblade-public-assets.s3.us-east-1.amazonaws.com/default-avatar.jpg
6a034c2435bf06475c27af81,Karen Lellouche Tordjman,https://pi.tedcdn.com/r/pe.tedcdn.com/images/ted/6420cc2ea6b75433cc8fe3d3a724440921577d18_254x191.jpg?w=255
6a034c25b4b11d1a48586382,Stefan Gross-Selbeck,https://tedblade-public-assets.s3.us-east-1.amazonaws.com/default-avatar.jpg
6a034c245e700263ec4ad333,Mollie Godfrey,https://tedblade-public-assets.s3.us-east-1.amazonaws.com/default-avatar.jpg
6a034c2435bf06475c27aff9,Vance Kite,https://tedblade-public-assets.s3.us-east-1.amazonaws.com/default-avatar.jpg
6a034c2437e0c30f44bd1d41,Ashif Shaikh,https://pi.tedcdn.com/r/ted-conferences-speaker-photos-production.s3.amazonaws.com/zd7nv1e8j7yrafentlbfvjijrdvk?w=255
6a034c25b4b11d1a485861a0,Chris Nowinski,https://pi.tedcdn.com/r/pe.tedcdn.com/images/ted/b883210698cc4714204ea78e8a2ea71ed7acf3ad_254x191.jpg?w=255
6a034c2437e0c30f44bd1e0c,Dyan deNapoli,https://pi.tedcdn.com/r/pe.tedcdn.com/images/ted/6e1751a5dc3bbd9174a998798fb97d2049863f7c_254x191.jpg?w=255
6a034c25b4b11d1a48586385,Dan Gibson,https://pi.tedcdn.com/r/pe.tedcdn.com/images/ted/369c0e7b6da2d059bd715fd4189d5b85299df211_254x191.jpg?w=255
6a034c25b4b11d1a48586389,Hetain Patel,https://pi.tedcdn.com/r/pe.tedcdn.com/images/ted/6ea2d60a7d99da5cf6b2a50977cd9729344299c6_254x191.jpg?w=255
6a034c25b4b11d1a485861c0,Ethan Mann,https://tedblade-public-assets.s3.us-east-1.amazonaws.com/default-avatar.jpg
6a034c25b4b11d1a4858639c,Lera Boroditsky,https://pi.tedcdn.com/r/pe.tedcdn.com/images/ted/25fbe35981e20a0cda1104eac0ad24bf68057d4e_254x191.jpg?w=255
6a034c25b4b11d1a485861eb,Delali Bright,https://tedblade-public-assets.s3.us-east-1.amazonaws.com/default-avatar.jpg
6a034c25b4b11d1a485861ee,Jenna McCarthy,https://pi.tedcdn.com/r/pe.tedcdn.com/images/ted/83196169b16e810615ae4a2e782329dfa0cd851a_254x191.jpg?w=255
6a034c25b4b11d1a485861f4,Joelle Rabow Maletis,https://tedblade-public-assets.s3.us-east-1.amazonaws.com/default-avatar.jpg
6a034c25b4b11d1a485861f9,Kate Hartman,https://pi.tedcdn.com/r/pe.tedcdn.com/images/ted/4ff0e13e9a6f9053a3e58b9bd58bc8c2ea8fccbc_254x191.jpg?w=255
6a034c25b4b11d1a485861ff,Francisco Samper,https://tedblade-public-assets.s3.us-east-1.amazonaws.com/default-avatar.jpg
6a034c24658f0b3b67d4a3ec,Thomas Goetz,https://pi.tedcdn.com/r/pe.tedcdn.com/images/ted/06f9deb39439444f99b8aed915c26d79fc8af5ff_254x191.jpg?w=255
6a034c25b4b11d1a48586201,Gary Devore,https://tedblade-public-assets.s3.us-east-1.amazonaws.com/default-avatar.jpg
6a034c249bbcd05aa3165bd4,J Mase III,https://tedblade-public-assets.s3.us-east-1.amazonaws.com/default-avatar.jpg
6a034c25b4b11d1a48586221,Jamila Raqib,https://pi.tedcdn.com/r/pe.tedcdn.com/images/ted/a0e689394c5d8ab8f7a923b07c80b23e33862343_254x191.jpg?w=255
6a034c2435bf06475c27b05a,Karoli Hindriks,https://pi.tedcdn.com/r/pe.tedcdn.com/images/ted/af758f79b87c2fac94da38888b1481630a2e506b_254x191.jpg?w=255
6a034c25b4b11d1a4858627a,Olivia Arthur,https://pi.tedcdn.com/r/pe.tedcdn.com/images/ted/1f717f0f42b76212d0fe1ea5db5b30a18a149fb0_254x191.jpg?w=255
6a034c25b4b11d1a48586282,Prosanta Chakrabarty,https://pi.tedcdn.com/r/pe.tedcdn.com/images/ted/8ff6333928b213b29db2050b5f3b52ef6c5a1ca0_254x191.jpg?w=255
6a034c2435bf06475c27b08b,Rohan Pavuluri,https://pi.tedcdn.com/r/pe.tedcdn.com/images/ted/3080809ad5197c231da2279b8fbf3158cd535a1d_254x191.jpg?w=255
6a034c25b4b11d1a485862b3,Andrew Connolly,https://pi.tedcdn.com/r/pe.tedcdn.com/images/ted/7efa3bda3144af28555a18c21872797cbce17978_254x191.jpg?w=255
6a034c245e700263ec4ad391,Yves Rossy,https://pi.tedcdn.com/r/pe.tedcdn.com/images/ted/745c43b6abb8dac37a377ba6d1077add2db4fe76_254x191.jpg?w=255
6a034c24658f0b3b67d4a304,Estelle Gibson,https://pi.tedcdn.com/r/pe.tedcdn.com/images/ted/dd7d27a43e7c8691759fc07ecd606c7af7794f3d_254x191.jpg?w=255
6a034c24658f0b3b67d4a42f,Orisanmi Burton,https://tedblade-public-assets.s3.us-east-1.amazonaws.com/default-avatar.jpg
6a034c24d4881847be4b50db,Emily Jaenson,https://tedblade-public-assets.s3.us-east-1.amazonaws.com/default-avatar.jpg
6a034c25b4b11d1a485862c8,Cesar Harada,https://pi.tedcdn.com/r/pe.tedcdn.com/images/ted/034887876ea9d7a2a12f060edf182b9d263affe5_254x191.jpg?w=255
6a034c25b4b11d1a4858630d,Kay Almere Read,https://tedblade-public-assets.s3.us-east-1.amazonaws.com/default-avatar.jpg
6a034c25b4b11d1a48586319,Laura Snyder,https://pi.tedcdn.com/r/pe.tedcdn.com/images/ted/469c13a4bf988dacbc4939a16f025741a150bf86_254x191.jpg?w=255
6a034c25b4b11d1a48586327,Cecilia Aragon,https://pi.tedcdn.com/r/pe.tedcdn.com/images/ted/acf6323837f00ea5d0dfa2b05887b48e79dcd0ab_254x191.jpg?w=255
6a034c25b4b11d1a48586365,Iain Hutchison,https://pi.tedcdn.com/r/pe.tedcdn.com/images/ted/f87490fd9c64f51f604d45fd172b86944fd63df8_254x191.jpg?w=255
6a034c25b4b11d1a48586379,Jamie Bartlett,https://pi.tedcdn.com/r/pe.tedcdn.com/images/ted/be835896346c0f69539a53992956850d8ea31de1_254x191.jpg?w=255
6a034c25b4b11d1a4858637b,Alison Quirk,https://tedblade-public-assets.s3.us-east-1.amazonaws.com/default-avatar.jpg
6a034c2435bf06475c27ae5d,Archie Crowley,https://pi.tedcdn.com/r/pe.tedcdn.com/images/ted/9dbeeb86a891430c36b9f65fea5b9745264cd520_254x191.jpg?w=255
6a034c2435bf06475c27ae7b,Ermias Kebreab,https://pi.tedcdn.com/r/pe.tedcdn.com/images/ted/71d6449900f9a4ffd29d49b748a00fb50b86897f_254x191.jpg?w=255
6a034c2435bf06475c27ae7d,Eve Ensler,https://pi.tedcdn.com/r/pe.tedcdn.com/images/ted/92637df5bef7ff965a873d7612f65700f73e1861_254x191.jpg?w=255
6a034c2435bf06475c27ae84,Gillian Tett,https://pi.tedcdn.com/r/ted-conferences-speaker-photos-production.s3.amazonaws.com/pjwx5wo6asdwl32eaay4wwwpcexr?w=255
6a034c2435bf06475c27aeac,Lucy Marcil,https://pi.tedcdn.com/r/pe.tedcdn.com/images/ted/b77d65e67dc41d6cb717736839ce242d0b4272cc_254x191.jpg?w=255
6a034c2435bf06475c27aead,Malte Spitz,https://pi.tedcdn.com/r/pe.tedcdn.com/images/ted/30096a9244b1010fdc4a936fc812541429231c3a_254x191.jpg?w=255
6a034c2435bf06475c27af05,Christoph Niemann,https://pi.tedcdn.com/r/pe.tedcdn.com/images/ted/8f000af78c5240ab77d431a4053195066314247c_254x191.jpg?w=255
6a034c2435bf06475c27af14,Brandon Clifford,https://pi.tedcdn.com/r/pe.tedcdn.com/images/ted/8f23fd7bec2c1b379ce3ab25933e16d771529cf9_254x191.jpg?w=255
6a034c2435bf06475c27af65,Isabel Behncke,https://tedblade-public-assets.s3.us-east-1.amazonaws.com/default-avatar.jpg
6a034c2435bf06475c27af7f,Joshua Smith,https://pi.tedcdn.com/r/pe.tedcdn.com/images/ted/76b0d9bf1c3bb6a1d3498ffc74f89b27662e1210_254x191.jpg?w=255
6a034c2435bf06475c27af88,Laura Fox,https://tedblade-public-assets.s3.us-east-1.amazonaws.com/default-avatar.jpg
6a034c2435bf06475c27afbf,Munir Virani,https://pi.tedcdn.com/r/pe.tedcdn.com/images/ted/db210c1fdf18c648ebd879b50fef34f1d4f4205c_254x191.jpg?w=255
6a034c2435bf06475c27afc4,Nigel Hughes,https://tedblade-public-assets.s3.us-east-1.amazonaws.com/default-avatar.jpg
6a034c2435bf06475c27afd0,Shilpa Ravella,https://tedblade-public-assets.s3.us-east-1.amazonaws.com/default-avatar.jpg
6a034c2435bf06475c27aff2,Tristan Harris,https://pi.tedcdn.com/r/ted-conferences-speaker-photos-production.s3.amazonaws.com/vd2uk3m23bfo45t56wb61evod2ep?w=255
6a034c2435bf06475c27affa,Thomas Dolby,https://pi.tedcdn.com/r/pe.tedcdn.com/images/ted/87_254x191.jpg?w=255
6a034c2435bf06475c27b00d,Amanda Mattes,https://tedblade-public-assets.s3.us-east-1.amazonaws.com/default-avatar.jpg
6a034c2435bf06475c27b035,Douglas Adams,https://pi.tedcdn.com/r/pe.tedcdn.com/images/ted/157708_254x191.jpg?w=255
6a034c2435bf06475c27b057,Joy Wolfram,https://pi.tedcdn.com/r/pe.tedcdn.com/images/ted/99b2ed9e32571140e5a8e9bcc533a486983b3a37_254x191.jpg?w=255
6a034c2435bf06475c27b086,Refik Anadol,https://pi.tedcdn.com/r/ted-conferences-speaker-photos-production.s3.amazonaws.com/g397a8tilsw8oc2qn6onjwjclyrz?w=255
6a034c2437e0c30f44bd1cae,Andy Dunn,https://pi.tedcdn.com/r/ted-conferences-speaker-photos-production.s3.amazonaws.com/txklyw7jyuno2qtukv23ucso540r?w=255
6a034c2437e0c30f44bd1cbd,Charlie Puth,https://tedblade-public-assets.s3.us-east-1.amazonaws.com/default-avatar.jpg
6a034c2437e0c30f44bd1cde,Inara George,https://pi.tedcdn.com/r/pe.tedcdn.com/images/ted/4ec9e3ea6f546c20af6246722da1f79db1e11483_254x191.jpg?w=255
6a034c2437e0c30f44bd1cf7,Lambers Fisher,https://pi.tedcdn.com/r/ted-conferences-speaker-photos-production.s3.amazonaws.com/wrk5jd26wac0otjih6y0zt6romjm?w=255
6a034c2437e0c30f44bd1d06,Naomi Mwaura,https://pi.tedcdn.com/r/pe.tedcdn.com/images/ted/c03b376cafc2e0bf570e701b5239813c37cdbac0_254x191.jpg?w=255
6a034c2437e0c30f44bd1d54,Darren Walker,https://pi.tedcdn.com/r/pe.tedcdn.com/images/ted/4ba2dfb53fd0940815c75d319c983a87073d1fe9_254x191.jpg?w=255
6a034c2435bf06475c27ae52, LADAMA,https://pi.tedcdn.com/r/pe.tedcdn.com/images/ted/33179e16cf01a1bba2d38996e686daca4cf32e49_254x191.jpg?w=255
6a034c2435bf06475c27ae71,Claire Bowern,https://tedblade-public-assets.s3.us-east-1.amazonaws.com/default-avatar.jpg
6a034c2435bf06475c27ae8a,Holley Moyes,https://tedblade-public-assets.s3.us-east-1.amazonaws.com/default-avatar.jpg
6a034c2435bf06475c27aea0,Keith Nolan,https://pi.tedcdn.com/r/pe.tedcdn.com/images/ted/0d14cb8df8d9feb6bcad031d0e53a9f283f33375_254x191.jpg?w=255
6a034c2435bf06475c27aea6,Lara Setrakian,https://pi.tedcdn.com/r/pe.tedcdn.com/images/ted/5dd9fb95fe3cfca904d646a2a2038c27e32deafc_254x191.jpg?w=255
6a034c2435bf06475c27af02,Charmian Gooch,https://pi.tedcdn.com/r/pe.tedcdn.com/images/ted/a7cabe46819c89ff55f5b929bc5a89f32f74a863_254x191.jpg?w=255
6a034c2435bf06475c27af11,Countdown Summit,https://tedblade-public-assets.s3.us-east-1.amazonaws.com/default-avatar.jpg
6a034c2435bf06475c27af35,Eric Berlow,https://pi.tedcdn.com/r/pe.tedcdn.com/images/ted/ee0cee147c21fe57e439332bdf268ecea94aec81_254x191.jpg?w=255
6a034c2435bf06475c27af3c,Diébédo Francis Kéré,https://pi.tedcdn.com/r/pe.tedcdn.com/images/ted/c3d9a5231d7a6730451cd903990395f6edc7bd4f_254x191.jpg?w=255
6a034c2435bf06475c27af48,Gabe Zichermann,https://pi.tedcdn.com/r/pe.tedcdn.com/images/ted/f94028b4fc2ef4b11c06782f2968fe62e616fdee_254x191.jpg?w=255
6a034c2435bf06475c27af6b,Jane Walsh,https://pi.tedcdn.com/r/pe.tedcdn.com/images/ted/816b408a17f5cff0908292a3a9133ce04bd79395_254x191.jpg?w=255
6a034c2435bf06475c27af70,Jonathan Harris,https://pi.tedcdn.com/r/pe.tedcdn.com/images/ted/12752_254x191.jpg?w=255
6a034c2435bf06475c27afc0,Robert Full,https://pi.tedcdn.com/r/pe.tedcdn.com/images/ted/22fea0ec22b4d37457b11a1302222743b1a66378_254x191.jpg?w=255
6a034c2435bf06475c27b032,Dominic Price,https://pi.tedcdn.com/r/pe.tedcdn.com/images/ted/9964c9784f7ad479a46aaecfa4203cbbd6a02bee_254x191.jpg?w=255
6a034c2435bf06475c27b066,Lisa Seacat DeLuca,https://tedblade-public-assets.s3.us-east-1.amazonaws.com/default-avatar.jpg
6a034c2435bf06475c27b078,Neeraj Aggarwal,https://pi.tedcdn.com/r/ted-conferences-speaker-photos-production.s3.amazonaws.com/gl3ovdeizjq95swok8p8bzis5i3e?w=255
6a034c2437e0c30f44bd1cb9,Caleb Barlow,https://pi.tedcdn.com/r/pe.tedcdn.com/images/ted/c676a8259aacd8b9abb50ae8449bc1551d68b68b_254x191.jpg?w=255
6a034c2437e0c30f44bd1d2a,Thom Mayne,https://pi.tedcdn.com/r/pe.tedcdn.com/images/ted/1388_253x190.jpg?w=255
6a034c2437e0c30f44bd1d6d,James Beacham,https://pi.tedcdn.com/r/pe.tedcdn.com/images/ted/1ce142af36a4669f02288711dd45b16f6cd9bc1b_254x191.jpg?w=255
6a034c2437e0c30f44bd1da0,Mereba,https://tedblade-public-assets.s3.us-east-1.amazonaws.com/default-avatar.jpg
6a034c2437e0c30f44bd1dc7,Arthur Ganson,https://pi.tedcdn.com/r/pe.tedcdn.com/images/ted/43461_254x191.jpg?w=255
6a034c2437e0c30f44bd1ddc,Colin Stokes,https://pi.tedcdn.com/r/pe.tedcdn.com/images/ted/645b2df4b7f48b737b995d2341289df3060b5ee9_254x191.jpg?w=255
6a034c2437e0c30f44bd1ddd,Rebecca Onie,https://pi.tedcdn.com/r/pe.tedcdn.com/images/ted/19994a511de158c228b9607439f15506571939b7_254x191.jpg?w=255
6a034c2437e0c30f44bd1e48,Jon M. Chu,https://tedblade-public-assets.s3.us-east-1.amazonaws.com/default-avatar.jpg
6a034c2437e0c30f44bd1e9e,Rosita Najmi,https://pi.tedcdn.com/r/ted-conferences-speaker-photos-production.s3.amazonaws.com/yhpch3sstr00u78ms8warxfqqgox?w=255
6a034c245e700263ec4ad1e6, TED Countdown,https://tedblade-public-assets.s3.us-east-1.amazonaws.com/default-avatar.jpg
6a034c245e700263ec4ad1ec,Amy Adkins ,https://tedblade-public-assets.s3.us-east-1.amazonaws.com/default-avatar.jpg
6a034c245e700263ec4ad1f1,Brendan Constantine,https://tedblade-public-assets.s3.us-east-1.amazonaws.com/default-avatar.jpg
6a034c245e700263ec4ad207,Es Devlin,https://pi.tedcdn.com/r/pe.tedcdn.com/images/ted/d92a40b5625fb31c01a5874544bdc0caf07523fd_254x191.jpg?w=255
6a034c245e700263ec4ad241,Mina Bissell,https://pi.tedcdn.com/r/pe.tedcdn.com/images/ted/8d72969d125ab593030390f982ac2ce8ddffdefc_254x191.jpg?w=255
6a034c245e700263ec4ad243,Monica Byrne,https://pi.tedcdn.com/r/pe.tedcdn.com/images/ted/e1b0c0716d1a608f1736e8f8a9c507b1e93ac7c6_254x191.jpg?w=255
6a034c245e700263ec4ad27e,Beau Lotto + Amy O'Toole,https://tedblade-public-assets.s3.us-east-1.amazonaws.com/default-avatar.jpg
6a034c245e700263ec4ad280,Alexis Nikole Nelson,https://pi.tedcdn.com/r/ted-conferences-speaker-photos-production.s3.amazonaws.com/3vl5e9ihlezmhy4x1i5x876u7f1w?w=255
6a034c245e700263ec4ad2bb,Elizabeth Lev,https://pi.tedcdn.com/r/pe.tedcdn.com/images/ted/2846c67642a6431d1fbae24cf92b52fe85b9bde6_254x191.jpg?w=255
6a034c245e700263ec4ad2c8,Emma Lazarus,https://tedblade-public-assets.s3.us-east-1.amazonaws.com/default-avatar.jpg
6a034c245e700263ec4ad300,Kate Kahle,https://tedblade-public-assets.s3.us-east-1.amazonaws.com/default-avatar.jpg
6a034c245e700263ec4ad301,Kayla Briët,https://pi.tedcdn.com/r/pe.tedcdn.com/images/ted/320824470c36e6a70b2bd1a5b2e889e89364ff03_254x191.jpg?w=255
6a034c245e700263ec4ad313,Liz Ogbu,https://pi.tedcdn.com/r/pe.tedcdn.com/images/ted/2d1fb5daa029c48e627caa2338c7f2b28ee99c0d_254x191.jpg?w=255
6a034c245e700263ec4ad339,Natalie Warne,https://pi.tedcdn.com/r/pe.tedcdn.com/images/ted/98e068397eed9a28a3498f00a97e95b7acff0f52_254x191.jpg?w=255
6a034c245e700263ec4ad387,Tom Shannon,https://pi.tedcdn.com/r/pe.tedcdn.com/images/ted/87287_254x191.jpg?w=255
6a034c245e700263ec4ad398,Yossi Elran,https://tedblade-public-assets.s3.us-east-1.amazonaws.com/default-avatar.jpg
6a034c245e700263ec4ad39a,Ze Frank,https://pi.tedcdn.com/r/pe.tedcdn.com/images/ted/3097a66d82f8a284f43f835770f610e8c730c16c_254x191.jpg?w=255
6a034c245e700263ec4ad3e2,Kristen Ashburn,https://pi.tedcdn.com/r/pe.tedcdn.com/images/ted/57110_254x191.jpg?w=255
6a034c245e700263ec4ad3e3,Leila Seth,https://tedblade-public-assets.s3.us-east-1.amazonaws.com/default-avatar.jpg
6a034c245e700263ec4ad3fc,Rebecca Love,https://tedblade-public-assets.s3.us-east-1.amazonaws.com/default-avatar.jpg
6a034c24658f0b3b67d4a2fe,Dawn Wacek,https://pi.tedcdn.com/r/pe.tedcdn.com/images/ted/604bd8ae330c18e70bebf741bf6c997967d4be9e_254x191.jpg?w=255
6a034c24658f0b3b67d4a3a7,Renata Salecl,https://pi.tedcdn.com/r/pe.tedcdn.com/images/ted/073f38dddfa05692dc081ef8ef228468e51073a0_254x191.jpg?w=255
6a034c24658f0b3b67d4a3c3,Jessica Shortall,https://pi.tedcdn.com/r/pe.tedcdn.com/images/ted/19f6744572a350b8968a0a8da84cb286d0bdca6c_254x191.jpg?w=255
6a034c24658f0b3b67d4a3c7,Joe Sabia,https://pi.tedcdn.com/r/pe.tedcdn.com/images/ted/bbbab5ffc6f30d65769914d6bd000338450b3528_254x191.jpg?w=255
6a034c24658f0b3b67d4a3d3,Peter Campbell,https://tedblade-public-assets.s3.us-east-1.amazonaws.com/default-avatar.jpg
6a034c24658f0b3b67d4a3d6,Peter Diamandis,https://pi.tedcdn.com/r/pe.tedcdn.com/images/ted/50040_254x191.jpg?w=255
6a034c24658f0b3b67d4a436,Vicki V. May,https://tedblade-public-assets.s3.us-east-1.amazonaws.com/default-avatar.jpg
6a034c24658f0b3b67d4a43d,Ray Anderson,https://pi.tedcdn.com/r/pe.tedcdn.com/images/ted/89292_254x191.jpg?w=255
6a034c24658f0b3b67d4a442,Richard St. John,https://tedblade-public-assets.s3.us-east-1.amazonaws.com/default-avatar.jpg
6a034c24658f0b3b67d4a45e,Sinéad Burke,https://pi.tedcdn.com/r/pe.tedcdn.com/images/ted/64b146c5a34597a024983251894bf9a3d610b2d3_254x191.jpg?w=255
6a034c24658f0b3b67d4a468,Stephen Cave,https://pi.tedcdn.com/r/pe.tedcdn.com/images/ted/70b344bd152d1c4ef688d7190e88b04d0e5bdf3f_254x191.jpg?w=255
6a034c24658f0b3b67d4a479,Sō Percussion,https://pi.tedcdn.com/r/pe.tedcdn.com/images/ted/c8d598a502a811b06a19a28c3bc93b51656214a6_254x191.jpg?w=255
6a034c24658f0b3b67d4a48c,Dave Isay,https://pi.tedcdn.com/r/ted-conferences-speaker-photos-production.s3.amazonaws.com/iuu06e2v08n3v8wna7l33ihcjrjh?w=255
6a034c24658f0b3b67d4a4a9,Ian Kerner,https://pi.tedcdn.com/r/pe.tedcdn.com/images/ted/a9718e2b606aa4f120878debc686b1203a5af629_254x191.jpg?w=255
6a034c24658f0b3b67d4a4ff,Todd Gershkowitz,https://tedblade-public-assets.s3.us-east-1.amazonaws.com/default-avatar.jpg
6a034c249bbcd05aa3165a8e,Anders Ynnerman,https://pi.tedcdn.com/r/pe.tedcdn.com/images/ted/ce83f89e6aa5461923e6525380fbe4016dea9b49_254x191.jpg?w=255
6a034c249bbcd05aa3165a92,Auke Ijspeert,https://pi.tedcdn.com/r/pe.tedcdn.com/images/ted/99a1ce8255f7c5ebfc46470d3c78a9c25d9929e0_254x191.jpg?w=255
6a034c249bbcd05aa3165ac8,Julia Espinosa,https://tedblade-public-assets.s3.us-east-1.amazonaws.com/default-avatar.jpg
6a034c249bbcd05aa3165af4,Reuben Jonathan Miller,https://pi.tedcdn.com/r/pe.tedcdn.com/images/ted/1eff720c837a8869b8e15cfde399f0c9940c62d0_254x191.jpg?w=255
6a034c249bbcd05aa3165b37,Hasan Kwame Jeffries,https://pi.tedcdn.com/r/pe.tedcdn.com/images/ted/d13f7319f62436fb35cb4358afc3f8f6a8d12f47_254x191.jpg?w=255
6a034c249bbcd05aa3165b40,Janja Lalich,https://tedblade-public-assets.s3.us-east-1.amazonaws.com/default-avatar.jpg
6a034c249bbcd05aa3165b76,Peggy Shepard,https://pi.tedcdn.com/r/ted-conferences-speaker-photos-production.s3.amazonaws.com/3e1kijcux0a82ac2qje9pgsogor1?w=255
6a034c249bbcd05aa3165b99,Bill Stone,https://pi.tedcdn.com/r/pe.tedcdn.com/images/ted/11836_254x191.jpg?w=255
6a034c249bbcd05aa3165bd1,Isha Datar,https://pi.tedcdn.com/r/pe.tedcdn.com/images/ted/78405aba639dea3796022b823c5fcbb12f918ef4_254x191.jpg?w=255
6a034c249bbcd05aa3165bef,Maeve Higgins,https://tedblade-public-assets.s3.us-east-1.amazonaws.com/default-avatar.jpg
6a034c249bbcd05aa3165c46,Enrique Peñalosa,https://pi.tedcdn.com/r/pe.tedcdn.com/images/ted/93bf0129e6c9e5e8d4935eed338ff7e1b5ed9370_254x191.jpg?w=255
6a034c249bbcd05aa3165c57,Jessica Jackley,https://pi.tedcdn.com/r/pe.tedcdn.com/images/ted/207424_254x191.jpg?w=255
6a034c249bbcd05aa3165c9d,Yann Dall'Aglio,https://tedblade-public-assets.s3.us-east-1.amazonaws.com/default-avatar.jpg
6a034c249bbcd05aa3165ca1,Rosalind G. Brewer,https://tedblade-public-assets.s3.us-east-1.amazonaws.com/default-avatar.jpg
6a034c249bbcd05aa3165ca8,Sean Carroll,https://pi.tedcdn.com/r/pe.tedcdn.com/images/ted/152999_254x191.jpg?w=255
6a034c249bbcd05aa3165cb3,Thomas Dohmke,https://pi.tedcdn.com/r/ted-conferences-speaker-photos-production.s3.amazonaws.com/sprrlkiybbh1uhynzy5obp9ehsbp?w=255
6a034c249bbcd05aa3165cbf,Yvette Alberdingk Thijm,https://pi.tedcdn.com/r/pe.tedcdn.com/images/ted/71ed56d61d2ae398492ff2673f04d2ae5b2a0d03_254x191.jpg?w=255
6a034c24b9e30957c43889ad,Brittney Cooper,https://pi.tedcdn.com/r/pe.tedcdn.com/images/ted/cd5c4c3c54b25319740664bc1dc5f80802915da9_254x191.jpg?w=255
6a034c24b9e30957c43889af,Bruno Michel,https://tedblade-public-assets.s3.us-east-1.amazonaws.com/default-avatar.jpg
6a034c24b9e30957c43889b8,Peter Harris,https://tedblade-public-assets.s3.us-east-1.amazonaws.com/default-avatar.jpg
6a034c24b9e30957c43889ce,Yale Fox,https://tedblade-public-assets.s3.us-east-1.amazonaws.com/default-avatar.jpg
6a034c24b9e30957c4388a12,Kathy Kleiman,https://tedblade-public-assets.s3.us-east-1.amazonaws.com/default-avatar.jpg
6a034c24b9e30957c4388a23,Lindsay Morcom,https://pi.tedcdn.com/r/pe.tedcdn.com/images/ted/f802de98ce2863acce558eacad046408ee1d2f9a_254x191.jpg?w=255
6a034c24b9e30957c4388a25,Lonneke Gordijn,https://pi.tedcdn.com/r/ted-conferences-speaker-photos-production.s3.amazonaws.com/brozzl50wcxpnsn899pheqeb19c4?w=255
6a034c24b9e30957c4388a27,Lucas Rizzotto,https://pi.tedcdn.com/r/ted-conferences-speaker-photos-production.s3.amazonaws.com/mm45878bo0fiztqt78yq9ljvf0ld?w=255
6a034c24b9e30957c4388a2d,Matt Walker,https://tedblade-public-assets.s3.us-east-1.amazonaws.com/default-avatar.jpg
6a034c24b9e30957c4388a92,Adar Cohen,https://tedblade-public-assets.s3.us-east-1.amazonaws.com/default-avatar.jpg
6a034c24b9e30957c4388aae,Christina Agapakis,https://pi.tedcdn.com/r/pe.tedcdn.com/images/ted/2bfb4d6138571fe9cc0c20f5a5b237bc8e2e1844_254x191.jpg?w=255
6a034c24b9e30957c4388b05,Pratik Shah,https://pi.tedcdn.com/r/pe.tedcdn.com/images/ted/e7eea1fa9b4caad10447de913f40cce118f9ec5c_254x191.jpg?w=255
6a034c24b9e30957c4388b4e,Garth Sundem,https://tedblade-public-assets.s3.us-east-1.amazonaws.com/default-avatar.jpg
6a034c24b9e30957c4388b79,Lemn Sissay,https://pi.tedcdn.com/r/pe.tedcdn.com/images/ted/90abd4ca7cb5272d74f862d25715df2ed476416b_254x191.jpg?w=255
6a034c24b9e30957c4388baf,Virginia Wotring,https://tedblade-public-assets.s3.us-east-1.amazonaws.com/default-avatar.jpg
6a034c24d4881847be4b5065, Morley,https://tedblade-public-assets.s3.us-east-1.amazonaws.com/default-avatar.jpg
6a034c24d4881847be4b506c,Alex Kipman,https://pi.tedcdn.com/r/pe.tedcdn.com/images/ted/a488a1294d78c5ce625ee6bad8e0072969c647c4_254x191.jpg?w=255
6a034c24d4881847be4b5089,Ari Wallach,https://pi.tedcdn.com/r/pe.tedcdn.com/images/ted/f99a601403fc41454abac6ce8680e666901aadd7_254x191.jpg?w=255
6a034c24d4881847be4b509f,Charles Elachi,https://pi.tedcdn.com/r/pe.tedcdn.com/images/ted/58407_254x191.jpg?w=255
6a034c24d4881847be4b50a6,Carl Joshua Ncube,https://tedblade-public-assets.s3.us-east-1.amazonaws.com/default-avatar.jpg
6a034c24d4881847be4b50d0,Imogen Malpas,https://tedblade-public-assets.s3.us-east-1.amazonaws.com/default-avatar.jpg
6a034c24d4881847be4b512c,Pia Mancini,https://pi.tedcdn.com/r/pe.tedcdn.com/images/ted/2008d12ce23f1a366729c80b18d387951d6f09ff_254x191.jpg?w=255
6a034c24d4881847be4b5167,Ursula von der Leyen,https://pi.tedcdn.com/r/pe.tedcdn.com/images/ted/c4dc0c8858714bbb664766199b984154550f31d5_254x191.jpg?w=255
6a034c24d4881847be4b5180,Scott A. Mellor,https://tedblade-public-assets.s3.us-east-1.amazonaws.com/default-avatar.jpg
6a034c24d4881847be4b5183,Sheetal DeCaria,https://pi.tedcdn.com/r/ted-conferences-speaker-photos-production.s3.amazonaws.com/o1g00vwwkt1yz5310lgyt4bcbgxv?w=255
6a034c24d4881847be4b5191,William McDonough,https://pi.tedcdn.com/r/pe.tedcdn.com/images/ted/91_254x191.jpg?w=255
6a034c24d4881847be4b5193,Yoav Medan,https://pi.tedcdn.com/r/pe.tedcdn.com/images/ted/47d831f7757195255fa7a61ca58adf7f7da15224_254x191.jpg?w=255
6a034c2437e0c30f44bd1d55,Dave Meslin,https://pi.tedcdn.com/r/pe.tedcdn.com/images/ted/272243c475bbc795bc86bb53c55b0195026c677b_254x191.jpg?w=255
6a034c2437e0c30f44bd1d84,Kent Larson,https://pi.tedcdn.com/r/pe.tedcdn.com/images/ted/4fc75fc26c4d24e17a14be0e485098524f9ed426_254x191.jpg?w=255
6a034c2437e0c30f44bd1d8b,Anne Madden,https://pi.tedcdn.com/r/pe.tedcdn.com/images/ted/91eaeaa699cec69f524a5a442355704e5747c8b4_254x191.jpg?w=255
6a034c2437e0c30f44bd1d8d,Auret van Heerden,https://pi.tedcdn.com/r/pe.tedcdn.com/images/ted/a777740977fd6b4022cb9da90b62cee7fd60ef38_254x191.jpg?w=255
6a034c2437e0c30f44bd1da4,Carlos Rodríguez-Pastor,https://tedblade-public-assets.s3.us-east-1.amazonaws.com/default-avatar.jpg
6a034c2437e0c30f44bd1dd1,Bernie Dunlap,https://tedblade-public-assets.s3.us-east-1.amazonaws.com/default-avatar.jpg
6a034c2437e0c30f44bd1dec,Sanford Biggers,https://pi.tedcdn.com/r/pe.tedcdn.com/images/ted/2b68c456c9c40108067c689362635f0e8777df93_254x191.jpg?w=255
6a034c2437e0c30f44bd1e46,Jose Miguel Sokoloff,https://pi.tedcdn.com/r/pe.tedcdn.com/images/ted/0e312c05f502b64e52f23f379e078f4dc7b4d1df_254x191.jpg?w=255
6a034c2437e0c30f44bd1e54,K. Erica Dodge,https://tedblade-public-assets.s3.us-east-1.amazonaws.com/default-avatar.jpg
6a034c2437e0c30f44bd1ecf,Raymond Adkins,https://tedblade-public-assets.s3.us-east-1.amazonaws.com/default-avatar.jpg
6a034c2437e0c30f44bd1ee5,Susan Robinson,https://pi.tedcdn.com/r/pe.tedcdn.com/images/ted/01e109f73e285cd962b44d91a6d20889f34e91eb_254x191.jpg?w=255
6a034c2437e0c30f44bd1ee6,Tal Zaks,https://tedblade-public-assets.s3.us-east-1.amazonaws.com/default-avatar.jpg
6a034c2437e0c30f44bd1eec,Triona McGrath,https://pi.tedcdn.com/r/pe.tedcdn.com/images/ted/5874b025a17f83cf136bc87b202ec9110dc5dae5_254x191.jpg?w=255
6a034c245e700263ec4ad201,Dee Boersma,https://pi.tedcdn.com/r/pe.tedcdn.com/images/ted/171659_254x191.jpg?w=255
6a034c245e700263ec4ad22f,Linda Liukas,https://pi.tedcdn.com/r/pe.tedcdn.com/images/ted/917e46b834d556760df802662eff496a030c9862_254x191.jpg?w=255
6a034c245e700263ec4ad240,Michael Pawlyn,https://pi.tedcdn.com/r/pe.tedcdn.com/images/ted/7577a2a741534b0d09bf18e38a131781daa9dacd_254x191.jpg?w=255
6a034c245e700263ec4ad28d,Cameron Morin,https://tedblade-public-assets.s3.us-east-1.amazonaws.com/default-avatar.jpg
6a034c245e700263ec4ad2a7,Cory Combs,https://pi.tedcdn.com/r/pe.tedcdn.com/images/ted/de338d7e63b52cd685d9499a9b37e3d648ec69b5_254x191.jpg?w=255
6a034c245e700263ec4ad328,Melanie E. Peffer,https://tedblade-public-assets.s3.us-east-1.amazonaws.com/default-avatar.jpg
6a034c24d4881847be4b51a5,Carlos Reif,https://tedblade-public-assets.s3.us-east-1.amazonaws.com/default-avatar.jpg
6a034c245e700263ec4ad331,Miguel Nicolelis,https://pi.tedcdn.com/r/pe.tedcdn.com/images/ted/8c813de422824747f888852865ffda3a61e1b04f_254x191.jpg?w=255
6a034c24d4881847be4b51ad,Daniel Susskind,https://pi.tedcdn.com/r/pe.tedcdn.com/images/ted/f3e58586749d523b5f11452bd29fad43ca115a7c_254x191.jpg?w=255
6a034c245e700263ec4ad354,Rick Guidotti,https://tedblade-public-assets.s3.us-east-1.amazonaws.com/default-avatar.jpg
6a034c24d4881847be4b51b7,Enric Sala,https://pi.tedcdn.com/r/pe.tedcdn.com/images/ted/52ab9eb83111d535969b191f2b7268d079f7f3c5_254x191.jpg?w=255
6a034c245e700263ec4ad363,Rob Knight,https://pi.tedcdn.com/r/pe.tedcdn.com/images/ted/971575468328362109c4a02587e2aa23e5f7eaa3_254x191.jpg?w=255
6a034c245e700263ec4ad36b,Ruby Sales,https://pi.tedcdn.com/r/pe.tedcdn.com/images/ted/70de5a06af14c7ec01354ee968a04ab223bd4aa7_254x191.jpg?w=255
6a034c24d4881847be4b51cb,Jocelyne Bloch,https://pi.tedcdn.com/r/pe.tedcdn.com/images/ted/0cb1a12ca6665e404437a2461e0b51c4491569e7_254x191.jpg?w=255
6a034c245e700263ec4ad3cb,Greta Thunberg,https://pi.tedcdn.com/r/pe.tedcdn.com/images/ted/d7a180a6bd84ea5332f1a0716de4e13c27a24290_254x191.jpg?w=255
6a034c24d4881847be4b51ed,Niels van Namen,https://pi.tedcdn.com/r/pe.tedcdn.com/images/ted/0ffcb89c48c4a8ab0e1b2d9c370601f47efc3aff_254x191.jpg?w=255
6a034c245e700263ec4ad3d9,Joshua Borths,https://tedblade-public-assets.s3.us-east-1.amazonaws.com/default-avatar.jpg
6a034c24d4881847be4b51fc,Rene Laufer,https://tedblade-public-assets.s3.us-east-1.amazonaws.com/default-avatar.jpg
6a034c245e700263ec4ad41b,Zac Goldsmith,https://pi.tedcdn.com/r/pe.tedcdn.com/images/ted/a86fc82161ccbadfcb4410662c1758e689c0e068_254x191.jpg?w=255
6a034c24d4881847be4b520e,TED Health,https://tedblade-public-assets.s3.us-east-1.amazonaws.com/default-avatar.jpg
6a034c24658f0b3b67d4a2c9,Andri Snær Magnason,https://tedblade-public-assets.s3.us-east-1.amazonaws.com/default-avatar.jpg
6a034c24d4881847be4b5255,Joe Gebbia,https://pi.tedcdn.com/r/pe.tedcdn.com/images/ted/11ca1ddaa8175c26e446d8c3e71e09b39ce3accc_254x191.jpg?w=255
6a034c24658f0b3b67d4a2f6,Einstein the Parrot,https://pi.tedcdn.com/r/pe.tedcdn.com/images/ted/52210_254x191.jpg?w=255
6a034c24d4881847be4b5264,Margaret Levi,https://pi.tedcdn.com/r/ted-conferences-speaker-photos-production.s3.amazonaws.com/kd380wj49y4ys0tistjjwygo7y1a?w=255
6a034c24658f0b3b67d4a2fa,Axel Reinaud,https://pi.tedcdn.com/r/pe.tedcdn.com/images/ted/841bd2afdac46ba5db8080027b89026405f73e9d_254x191.jpg?w=255
6a034c24d4881847be4b5276,Miles Zhang,https://tedblade-public-assets.s3.us-east-1.amazonaws.com/default-avatar.jpg
6a034c24658f0b3b67d4a308,Briana Brownell,https://tedblade-public-assets.s3.us-east-1.amazonaws.com/default-avatar.jpg
6a034c24658f0b3b67d4a311,Cecile Richards,https://pi.tedcdn.com/r/pe.tedcdn.com/images/ted/0570ba2acabcd0d24417b1492cf2677b1fbfe69b_254x191.jpg?w=255
6a034c24658f0b3b67d4a394,R.A. Mashelkar,https://tedblade-public-assets.s3.us-east-1.amazonaws.com/default-avatar.jpg
6a034c24658f0b3b67d4a3b3,Harry Cliff,https://pi.tedcdn.com/r/pe.tedcdn.com/images/ted/c4b5ee8b0af009277ac49271d3f2140e6ed74566_254x191.jpg?w=255
6a034c24658f0b3b67d4a3c2,Sangeeta Bhatia,https://pi.tedcdn.com/r/pe.tedcdn.com/images/ted/f24cf4f068ad9572783be12a5df04ede753ebf95_254x191.jpg?w=255
6a034c24658f0b3b67d4a3d8,Joshua Chu-Tan,https://pi.tedcdn.com/r/pe.tedcdn.com/images/ted/b2959a3b3d387177147aaf1d2881033f34be378d_254x191.jpg?w=255
6a034c24658f0b3b67d4a42a,Nicole Maines,https://pi.tedcdn.com/r/pe.tedcdn.com/images/ted/a25b501c835538258af820e791c9e07aeae624a4_254x191.jpg?w=255
6a034c24658f0b3b67d4a42d,Nyle DiMarco,https://tedblade-public-assets.s3.us-east-1.amazonaws.com/default-avatar.jpg
6a034c24658f0b3b67d4a446,Abdoulaye Diabaté,https://pi.tedcdn.com/r/ted-conferences-speaker-photos-production.s3.amazonaws.com/myd2ykp8bffwueut835q1q6h0ig0?w=255
6a034c24658f0b3b67d4a483,Damon Davis,https://pi.tedcdn.com/r/ted-conferences-speaker-photos-production.s3.amazonaws.com/0x77gnjzz0m12c4p9zn77q0wmp3w?w=255
6a034c24658f0b3b67d4a48b,Dave Brain,https://pi.tedcdn.com/r/pe.tedcdn.com/images/ted/0f4306045d28c677dd2fa9b99babe780dca530bd_254x191.jpg?w=255
6a034c24658f0b3b67d4a4d2,Malcolm London,https://pi.tedcdn.com/r/pe.tedcdn.com/images/ted/a65ff4bda5065dec680d7ba149ffd7ef8f2849f3_254x191.jpg?w=255
6a034c249bbcd05aa3165ad7,Lucy Hone,https://pi.tedcdn.com/r/pe.tedcdn.com/images/ted/6ef86512d2aed8bb803589fd5921fd6910295988_254x191.jpg?w=255
6a034c24d4881847be4b5284,Peter McIndoe,https://pi.tedcdn.com/r/ted-conferences-speaker-photos-production.s3.amazonaws.com/cn1c3bwo9616q8ui86q69s4ylxx5?w=255
6a034c249bbcd05aa3165b4d,José Andrés,https://pi.tedcdn.com/r/pe.tedcdn.com/images/ted/e6812293c05ebcc19a9fdfb4835b11a07653fd6e_254x191.jpg?w=255
6a034c24d4881847be4b528d,Rupal Patel,https://pi.tedcdn.com/r/pe.tedcdn.com/images/ted/b74b55255b8dfefcaa590d72cb2ec09704de44dd_254x191.jpg?w=255
6a034c249bbcd05aa3165b80,Adjany Costa,https://pi.tedcdn.com/r/ted-conferences-speaker-photos-production.s3.amazonaws.com/la4jeex9xgr0eybzlyrh02zf04nv?w=255
6a034c249bbcd05aa3165bb6,Steven Anderson,https://tedblade-public-assets.s3.us-east-1.amazonaws.com/default-avatar.jpg
6a034c24d4881847be4b5293,Shunan Teng,https://tedblade-public-assets.s3.us-east-1.amazonaws.com/default-avatar.jpg
6a034c249bbcd05aa3165be2,Kate Slabosky,https://tedblade-public-assets.s3.us-east-1.amazonaws.com/default-avatar.jpg
6a034c249bbcd05aa3165bf7,Mike Sempert,https://tedblade-public-assets.s3.us-east-1.amazonaws.com/default-avatar.jpg
6a034c24b9e30957c4388995,Alexandr Wang,https://pi.tedcdn.com/r/ted-conferences-speaker-photos-production.s3.amazonaws.com/s4pwr14zm1ttmz8psjocgjsn1f2z?w=255
6a034c24b9e30957c43889b6,Shilo Shiv Suleman,https://tedblade-public-assets.s3.us-east-1.amazonaws.com/default-avatar.jpg
6a034c24b9e30957c43889c8,Brent Loken,https://tedblade-public-assets.s3.us-east-1.amazonaws.com/default-avatar.jpg
6a034c24b9e30957c43889eb,Eve Pearlman,https://pi.tedcdn.com/r/pe.tedcdn.com/images/ted/f416c9b385a0ecb1367ef3e50e8f3e7e66cbca9f_254x191.jpg?w=255
6a034c24b9e30957c43889ec,Bruce McCall,https://pi.tedcdn.com/r/pe.tedcdn.com/images/ted/78725_254x191.jpg?w=255
6a034c24b9e30957c43889ef,Francesca Bot,https://tedblade-public-assets.s3.us-east-1.amazonaws.com/default-avatar.jpg
6a034c24b9e30957c43889fd,Jennifer Granick,https://pi.tedcdn.com/r/pe.tedcdn.com/images/ted/ce1dac91fcecbd0d8cda24b692fd59ac6470d02f_254x191.jpg?w=255
6a034c24b9e30957c4388a02,Robert Gordon,https://tedblade-public-assets.s3.us-east-1.amazonaws.com/default-avatar.jpg
6a034c24b9e30957c4388a47,Afra Raymond,https://pi.tedcdn.com/r/pe.tedcdn.com/images/ted/ac153285ca31906d61118c1ca7be9747e6079a19_254x191.jpg?w=255
6a034c24b9e30957c4388a59,Pearl Arredondo,https://pi.tedcdn.com/r/pe.tedcdn.com/images/ted/dc0fc5be6765c79e8ac9f689f860fd41d8311b60_254x191.jpg?w=255
6a034c24b9e30957c4388a8a,"William ""Sandy"" Darity",https://tedblade-public-assets.s3.us-east-1.amazonaws.com/default-avatar.jpg
6a034c24da446a102707f3b5,Danielle Wood,https://pi.tedcdn.com/r/pe.tedcdn.com/images/ted/deca48e2bc0245a0b651395519b6c3c874b71ba1_254x191.jpg?w=255
6a034c24b9e30957c4388a8c,Yasheng Huang,https://pi.tedcdn.com/r/pe.tedcdn.com/images/ted/c2980555c4538227c03a875d6836ea6b550828c8_254x191.jpg?w=255
6a034c24b9e30957c4388af1,Max Sills,https://tedblade-public-assets.s3.us-east-1.amazonaws.com/default-avatar.jpg
6a034c24b9e30957c4388b5f,Ian Chang,https://pi.tedcdn.com/r/ted-conferences-speaker-photos-production.s3.amazonaws.com/x8y92xrxr9xvgorogzql0au3ru0j?w=255
6a034c24b9e30957c4388b98,Reshma Saujani,https://pi.tedcdn.com/r/pe.tedcdn.com/images/ted/7ad7450dfc599dc1fb5113b8dd0e54280c8de938_254x191.jpg?w=255
6a034c24b9e30957c4388ba0,Scott Szwast,https://tedblade-public-assets.s3.us-east-1.amazonaws.com/default-avatar.jpg
6a034c24b9e30957c4388ba6,Stefan Sagmeister,https://pi.tedcdn.com/r/pe.tedcdn.com/images/ted/59ffba03a991f28a64d4ba7a850076d3b2dc5a79_254x191.jpg?w=255
6a034c24b9e30957c4388bae,Usman Riaz + Preston Reed,https://tedblade-public-assets.s3.us-east-1.amazonaws.com/default-avatar.jpg
6a034c24d4881847be4b506d,Alison Sander,https://tedblade-public-assets.s3.us-east-1.amazonaws.com/default-avatar.jpg
6a034c24d4881847be4b50a0,Cameron Webb,https://pi.tedcdn.com/r/ted-conferences-speaker-photos-production.s3.amazonaws.com/tgrp88o764oc6130u33lcsdpd4lv?w=255
6a034c24d4881847be4b50c1,Emma Marris,https://pi.tedcdn.com/r/pe.tedcdn.com/images/ted/d5f3ec2495c292be599e406a400abffc64195892_254x191.jpg?w=255
6a034c24d4881847be4b5130,Kevin Njabo,https://pi.tedcdn.com/r/pe.tedcdn.com/images/ted/6ea88a6517407bd79287713e9e3298fee2d172a0_254x191.jpg?w=255
6a034c24d4881847be4b5137,Larry Burns,https://pi.tedcdn.com/r/pe.tedcdn.com/images/ted/61168_254x191.jpg?w=255
6a034c24d4881847be4b515c,Thomas Abt,https://pi.tedcdn.com/r/pe.tedcdn.com/images/ted/6684250048829fe376a70c6f0ab4c132d803e2f8_254x191.jpg?w=255
6a034c24d4881847be4b5164,Nili Gilbert,https://pi.tedcdn.com/r/ted-conferences-speaker-photos-production.s3.amazonaws.com/z8x11tz5bijjqztebc3j0ktme298?w=255
6a034c24d4881847be4b5168,Noah Wilson-Rich,https://pi.tedcdn.com/r/ted-conferences-speaker-photos-production.s3.amazonaws.com/jbzig81rty8epeq9r7noa3mb7j90?w=255
6a034c24d4881847be4b5171,Raphael Rose,https://tedblade-public-assets.s3.us-east-1.amazonaws.com/default-avatar.jpg
6a034c24d4881847be4b51ac,Dan Phillips,https://pi.tedcdn.com/r/pe.tedcdn.com/images/ted/f2ef3c05139f38adede38b2c038c6395269608b2_254x191.jpg?w=255
6a034c24d4881847be4b51b3,Edward Tenner,https://pi.tedcdn.com/r/pe.tedcdn.com/images/ted/cd2aaa9ab88adea107ee549088150ad121f2f3fd_254x191.jpg?w=255
6a034c24d4881847be4b51bd,Giorgia Lupi,https://pi.tedcdn.com/r/ted-conferences-speaker-photos-production.s3.amazonaws.com/ga0eg88vqhsbza91kgeo77q2vqch?w=255
6a034c24d4881847be4b51bf,Gregory Heyworth,https://pi.tedcdn.com/r/pe.tedcdn.com/images/ted/a20f5f07626892c34e76c875ad18b739cf7a2692_254x191.jpg?w=255
6a034c24d4881847be4b51c4,Jason Shen,https://pi.tedcdn.com/r/pe.tedcdn.com/images/ted/e85aa602ba9beae43fc241a532d712841951d460_254x191.jpg?w=255
6a034c24d4881847be4b51c5,Jay Cousins,https://tedblade-public-assets.s3.us-east-1.amazonaws.com/default-avatar.jpg
6a034c24d4881847be4b51dc,Leila Hoteit,https://pi.tedcdn.com/r/pe.tedcdn.com/images/ted/248d04948a5b79cfe00e2040c4fe2f424569be55_254x191.jpg?w=255
6a034c24d4881847be4b51f3,Paul Pholeros,https://pi.tedcdn.com/r/pe.tedcdn.com/images/ted/b4a4af18bd13d5f51aca7bfa0eff2d82c7ade8f3_254x191.jpg?w=255
6a034c24d4881847be4b51f8,Phil Tetlow,https://tedblade-public-assets.s3.us-east-1.amazonaws.com/default-avatar.jpg
6a034c24d4881847be4b5245,Gwen Yi Wong,https://tedblade-public-assets.s3.us-east-1.amazonaws.com/default-avatar.jpg
6a034c24d4881847be4b5248,Improv Everywhere,https://tedblade-public-assets.s3.us-east-1.amazonaws.com/default-avatar.jpg
6a034c24d4881847be4b524f,Jared Ficklin,https://pi.tedcdn.com/r/pe.tedcdn.com/images/ted/6056fb1727ea01bcb79ef9262690c6a903b84e9c_254x191.jpg?w=255
6a034c24d4881847be4b5265,Margrethe Vestager,https://pi.tedcdn.com/r/pe.tedcdn.com/images/ted/aa090cb67e2247e74f9d9cdf9a1178e6e7526e21_254x191.jpg?w=255
6a034c24d4881847be4b5274,Mike Matas,https://pi.tedcdn.com/r/pe.tedcdn.com/images/ted/a52fe846c895d349e9215162f9054f31cf0988d2_254x191.jpg?w=255
6a034c24d4881847be4b5281,Patty McCord,https://pi.tedcdn.com/r/pe.tedcdn.com/images/ted/1d5d603db24a305b928823e5fa2db4e001609d7d_254x191.jpg?w=255
6a034c24d4881847be4b528b,Robert Ballard,https://pi.tedcdn.com/r/pe.tedcdn.com/images/ted/51ce04131f9ec72d07aa8b154e93e272c4dd826a_254x191.jpg?w=255
6a034c24d4881847be4b529e,Timothy Bartik,https://pi.tedcdn.com/r/pe.tedcdn.com/images/ted/bec81e0deb4e4cef6e05f4a7c5d64f1b7b86f1e7_254x191.jpg?w=255
6a034c24da446a102707f442,Peter Tyack,https://pi.tedcdn.com/r/pe.tedcdn.com/images/ted/177911_254x191.jpg?w=255
6a034c24da446a102707f455,Ruth Chang,https://pi.tedcdn.com/r/pe.tedcdn.com/images/ted/ec969ae8e6110cd4bac8a87cc988539a8cdb68ce_254x191.jpg?w=255
6a034c24da446a102707f45d,Scott Dinsmore,https://pi.tedcdn.com/r/pe.tedcdn.com/images/ted/0555f7fd24c3e2617214ac2489686a27daeac46d_254x191.jpg?w=255
6a034c24da446a102707f47b, Beautyrest,https://tedblade-public-assets.s3.us-east-1.amazonaws.com/default-avatar.jpg
6a034c24da446a102707f4d6,Sharon Brous,https://pi.tedcdn.com/r/pe.tedcdn.com/images/ted/b618d443fcdcea8d2a45c0b7f337b1151e5919d7_254x191.jpg?w=255
6a034c24da446a102707f4e4,Gero Miesenboeck,https://pi.tedcdn.com/r/pe.tedcdn.com/images/ted/369b07cb3402637d9f5b826c2024756c71e566bf_254x191.jpg?w=255
6a034c24da446a102707f512,Larry Page,https://tedblade-public-assets.s3.us-east-1.amazonaws.com/default-avatar.jpg
6a034c24da446a102707f537,Ryan Martin,https://pi.tedcdn.com/r/pe.tedcdn.com/images/ted/9bb130ccea0c943bcedca8b650bab34bdbce258b_254x191.jpg?w=255
6a034c24da446a102707f54f,Yen Pham,https://tedblade-public-assets.s3.us-east-1.amazonaws.com/default-avatar.jpg
6a034c24da446a102707f557,Theo E.J. Wilson,https://tedblade-public-assets.s3.us-east-1.amazonaws.com/default-avatar.jpg
6a034c24da446a102707f55b,Tony Buffington,https://tedblade-public-assets.s3.us-east-1.amazonaws.com/default-avatar.jpg
6a034c24da446a102707f560,Vishal Vaid,https://pi.tedcdn.com/r/pe.tedcdn.com/images/ted/114778_254x191.jpg?w=255
6a034c24da446a102707f563,William Kamkwamba,https://pi.tedcdn.com/r/pe.tedcdn.com/images/ted/117463_254x191.jpg?w=255
6a034c24da446a102707f3e0,Jennifer Petriglieri,https://pi.tedcdn.com/r/pe.tedcdn.com/images/ted/d3fa1e28f15f6a1c60fa393e00410cced149a056_254x191.jpg?w=255
6a034c24da446a102707f570,Alua Arthur,https://pi.tedcdn.com/r/ted-conferences-speaker-photos-production.s3.amazonaws.com/j8nim82lj46qvt75ch82ku9qzwyn?w=255
6a034c24da446a102707f579,Avi Loeb,https://pi.tedcdn.com/r/ted-conferences-speaker-photos-production.s3.amazonaws.com/uchqdic8hhd5vska29iyqxciapob?w=255
6a034c24da446a102707f5c3,Luvvie Ajayi Jones,https://tedblade-public-assets.s3.us-east-1.amazonaws.com/default-avatar.jpg
6a034c25b4b11d1a4858618f,Andrew Zimmerman Jones,https://tedblade-public-assets.s3.us-east-1.amazonaws.com/default-avatar.jpg
6a034c25b4b11d1a48586190,Angelicque White,https://pi.tedcdn.com/r/pe.tedcdn.com/images/ted/6a837a4b42ad00f2e0801d9096a450e4b4aca894_254x191.jpg?w=255
6a034c25b4b11d1a485861d9,Graeme Anderson,https://tedblade-public-assets.s3.us-east-1.amazonaws.com/default-avatar.jpg
6a034c25b4b11d1a48586227,Jennifer D. Sciubba,https://tedblade-public-assets.s3.us-east-1.amazonaws.com/default-avatar.jpg
6a034c24da446a102707f3ee,Aditi Shankardass,https://pi.tedcdn.com/r/pe.tedcdn.com/images/ted/179267_254x191.jpg?w=255
6a034c25b4b11d1a48586235,Priscilla Pemu,https://pi.tedcdn.com/r/pe.tedcdn.com/images/ted/bca387f3760087e4b50e608daa140342a7e994f2_254x191.jpg?w=255
6a034c24da446a102707f3f4,Allan Savory,https://pi.tedcdn.com/r/pe.tedcdn.com/images/ted/6de805d0c07859691634811238c2f4f6fe83c069_254x191.jpg?w=255
6a034c24da446a102707f40d,Martin Hanczyc,https://pi.tedcdn.com/r/pe.tedcdn.com/images/ted/70d32d931c3849d25fc426efe1e4e8304e512392_254x191.jpg?w=255
6a034c24da446a102707f451,Rob Forbes,https://pi.tedcdn.com/r/pe.tedcdn.com/images/ted/65630_254x191.jpg?w=255
6a034c24da446a102707f49a,Ashley Graham,https://tedblade-public-assets.s3.us-east-1.amazonaws.com/default-avatar.jpg
6a034c25b4b11d1a4858629a,Temple Grandin,https://pi.tedcdn.com/r/pe.tedcdn.com/images/ted/150054_254x191.jpg?w=255
6a034c25b4b11d1a485862f1,Kate E. Brandt,https://tedblade-public-assets.s3.us-east-1.amazonaws.com/default-avatar.jpg
6a034c24da446a102707f4fa,Ji Hao,https://tedblade-public-assets.s3.us-east-1.amazonaws.com/default-avatar.jpg
6a034c25b4b11d1a485862f3,Dan Goods,https://pi.tedcdn.com/r/pe.tedcdn.com/images/ted/8e4780bcf776d617427e5357bc6a207c5300b084_254x191.jpg?w=255
6a034c24da446a102707f513,Laura Rovner,https://pi.tedcdn.com/r/pe.tedcdn.com/images/ted/110ca9431f75a125f20e78a6e98c5404af88d651_254x191.jpg?w=255
6a034c25b4b11d1a48586323,Marily Oppezzo,https://pi.tedcdn.com/r/pe.tedcdn.com/images/ted/b2da8f52485adf7e75e074b18b0ef02084444307_254x191.jpg?w=255
6a034c24da446a102707f543,Srishti Bakshi,https://pi.tedcdn.com/r/ted-conferences-speaker-photos-production.s3.amazonaws.com/txsl8oq2dwp2r4ndgugq818lispe?w=255
6a034c25b4b11d1a48586329,Dame Stephanie Shirley,https://tedblade-public-assets.s3.us-east-1.amazonaws.com/default-avatar.jpg
6a034c24da446a102707f598,Eric Nuzum,https://pi.tedcdn.com/r/ted-conferences-speaker-photos-production.s3.amazonaws.com/401cil2kv0jv9da4dyny59rw0jzf?w=255
6a034c24da446a102707f59c,Freeman H. Shen,https://tedblade-public-assets.s3.us-east-1.amazonaws.com/default-avatar.jpg
6a034c25b4b11d1a48586335,Katherine M. Gehl,https://tedblade-public-assets.s3.us-east-1.amazonaws.com/default-avatar.jpg
6a034c24da446a102707f5f6,Sarah Montana,https://tedblade-public-assets.s3.us-east-1.amazonaws.com/default-avatar.jpg
6a034c24da446a102707f60a,Vinod Khosla,https://pi.tedcdn.com/r/ted-conferences-speaker-photos-production.s3.amazonaws.com/1cg0k3hxfd5chhx79g6isrmlcqmg?w=255
6a034c25b4b11d1a48586199,Bruce Aylward,https://pi.tedcdn.com/r/pe.tedcdn.com/images/ted/c0458177eda0f1df1d73ab38d6a7d1e50b7ee7de_254x191.jpg?w=255
6a034c25b4b11d1a485861c7,Bill Keegan,https://tedblade-public-assets.s3.us-east-1.amazonaws.com/default-avatar.jpg
6a034c25b4b11d1a485861cf,Carne Ross,https://tedblade-public-assets.s3.us-east-1.amazonaws.com/default-avatar.jpg
6a034c25b4b11d1a485861d2,Gary Kovacs,https://pi.tedcdn.com/r/pe.tedcdn.com/images/ted/eb8ff9cd54ca521a3ab9312d017b750698a4c5b3_254x191.jpg?w=255
6a034c25b4b11d1a4858623a,Joseph Kim,https://pi.tedcdn.com/r/pe.tedcdn.com/images/ted/b75274047f3e4c893f0c61bcd49d31b04d2ce3d5_254x191.jpg?w=255
6a034c25b4b11d1a48586284,Randall Munroe,https://pi.tedcdn.com/r/pe.tedcdn.com/images/ted/39ed7a878081c94450f50832c692f6fa2e0ef34e_254x191.jpg?w=255
6a034c25b4b11d1a485862b2,Andres Lozano,https://pi.tedcdn.com/r/pe.tedcdn.com/images/ted/b97bdf24cf66afa60e7d3d6ca5c82cd82ce34903_254x191.jpg?w=255
6a034c25b4b11d1a485862cb,Chieko Asakawa,https://pi.tedcdn.com/r/pe.tedcdn.com/images/ted/c75aa354644a5eb7f5b9c71f3c4a09d9835e13ae_254x191.jpg?w=255
6a034c25b4b11d1a485862d5,Elizabeth Brauer,https://tedblade-public-assets.s3.us-east-1.amazonaws.com/default-avatar.jpg
6a034c25b4b11d1a485862e5,Orit Peleg,https://tedblade-public-assets.s3.us-east-1.amazonaws.com/default-avatar.jpg
6a034c25b4b11d1a48586301,Suchitra Krishnan-Sarin,https://pi.tedcdn.com/r/pe.tedcdn.com/images/ted/2ee9340b295733995315f4a3829ca8886b889272_254x191.jpg?w=255
6a034c25b4b11d1a4858632e,Victoria Pratt,https://pi.tedcdn.com/r/ted-conferences-speaker-photos-production.s3.amazonaws.com/45ikmhs2lkhxdwn4o7b0jqcllm86?w=255
6a034c25b4b11d1a48586369,Tea Uglow,https://tedblade-public-assets.s3.us-east-1.amazonaws.com/default-avatar.jpg
6a034c25b4b11d1a48586371,Katerina Kaouri,https://tedblade-public-assets.s3.us-east-1.amazonaws.com/default-avatar.jpg
6a034c25b4b11d1a4858637e,Wingham Rowan,https://pi.tedcdn.com/r/pe.tedcdn.com/images/ted/3d54ffad8379aee7cf4b0ac62fbc59c08059b629_254x191.jpg?w=255
6a034c25b4b11d1a4858638d,Clemantine Wamariya,https://pi.tedcdn.com/r/pe.tedcdn.com/images/ted/c05865416c19301dbecaae7f78f591f38d0f0a8f_254x191.jpg?w=255
6a034c25b4b11d1a48586396,Rajesh Rao,https://pi.tedcdn.com/r/pe.tedcdn.com/images/ted/d178f1b5c0f070510bc753d1a61874445e662fb0_254x191.jpg?w=255
6a034c245e700263ec4ad258,Sonia Shah,https://pi.tedcdn.com/r/pe.tedcdn.com/images/ted/dcd104e65e419cf69d99a6651e6d657965738189_254x191.jpg?w=255
6a034c24658f0b3b67d4a4d8,Melissa Villaseñor,https://pi.tedcdn.com/r/ted-conferences-speaker-photos-production.s3.amazonaws.com/k32k7e5eiw7gp55buy94ugtc4dfo?w=255
6a034c24b9e30957c4388afe,Néstor Guerra,https://tedblade-public-assets.s3.us-east-1.amazonaws.com/default-avatar.jpg
6a034c24b9e30957c4388a14,Kevin B. Jones,https://tedblade-public-assets.s3.us-east-1.amazonaws.com/default-avatar.jpg
6a034c24d4881847be4b5212,Tim Jackson,https://pi.tedcdn.com/r/pe.tedcdn.com/images/ted/1e4a664fd79acc560ec5540085b61a32eb911312_254x191.jpg?w=255
6a034c25b4b11d1a48586286,Rich Powell,https://pi.tedcdn.com/r/ted-conferences-speaker-photos-production.s3.amazonaws.com/e23nwa6dj6fs7rubec5ablasr9ku?w=255
6a034c2435bf06475c27afe3,Sangu Delle,https://pi.tedcdn.com/r/pe.tedcdn.com/images/ted/285f540ae67ba778d2860596eb68f45dac436445_254x191.jpg?w=255
6a034c245e700263ec4ad359,Raspyni Brothers,https://pi.tedcdn.com/r/pe.tedcdn.com/images/ted/31681_254x191.jpg?w=255
6a034c24658f0b3b67d4a39c,Rana Novack,https://tedblade-public-assets.s3.us-east-1.amazonaws.com/default-avatar.jpg
6a034c24d4881847be4b5103,Hugh Evans,https://pi.tedcdn.com/r/pe.tedcdn.com/images/ted/314793f1f1a4d76842b0677b95c4ab33ff9af4e8_254x191.jpg?w=255
6a034c24da446a102707f43b,Franco Sacchi,https://pi.tedcdn.com/r/pe.tedcdn.com/images/ted/59246_254x191.jpg?w=255
6a034c25b4b11d1a4858620f,Margaret Hall,https://pi.tedcdn.com/r/ted-conferences-speaker-photos-production.s3.amazonaws.com/iat47pqutykz7g09iql1gvr5l4w0?w=255
6a034c2435bf06475c27ae61,Bertrand Piccard,https://pi.tedcdn.com/r/pe.tedcdn.com/images/ted/9dc92d97c96e318b0ae9d936b165f2f629beffdb_254x191.jpg?w=255
6a034c245e700263ec4ad200,David L. Hu,https://tedblade-public-assets.s3.us-east-1.amazonaws.com/default-avatar.jpg
6a034c245e700263ec4ad2fb,Jupta Itoewaki,https://pi.tedcdn.com/r/ted-conferences-speaker-photos-production.s3.amazonaws.com/cdfxdpd7p3ygj7xurwvg323bhuq5?w=255
6a034c25b4b11d1a485862d9,France Villarta,https://pi.tedcdn.com/r/pe.tedcdn.com/images/ted/a157165df6ac3c8f81a76ddcaf0eba2a32b476a4_254x191.jpg?w=255
6a034c2435bf06475c27b099,Sophia Wallace,https://tedblade-public-assets.s3.us-east-1.amazonaws.com/default-avatar.jpg
6a034c2437e0c30f44bd1d9f,Camilla Arndal Andersen,https://pi.tedcdn.com/r/pe.tedcdn.com/images/ted/547caf1d89f2f087f0b79d769c51e75fcab5044e_254x191.jpg?w=255
6a034c2437e0c30f44bd1da6, Joan As Police Woman,https://tedblade-public-assets.s3.us-east-1.amazonaws.com/default-avatar.jpg
6a034c2437e0c30f44bd1ed9,Sara Lomelin,https://pi.tedcdn.com/r/ted-conferences-speaker-photos-production.s3.amazonaws.com/jk4ujjx69v6hisyp55ez5mlritwn?w=255
6a034c24d4881847be4b51aa,Corneille Ewango,https://pi.tedcdn.com/r/pe.tedcdn.com/images/ted/a769ccaa8a3c9d7a663307f006ccefc1cec0fc28_254x191.jpg?w=255
6a034c25b4b11d1a48586270,Michael Botticelli,https://pi.tedcdn.com/r/pe.tedcdn.com/images/ted/ce08394fa6ffded7a9565a834b8954922e29df90_254x191.jpg?w=255
6a034c2437e0c30f44bd1dc9,Paula Johnson,https://pi.tedcdn.com/r/pe.tedcdn.com/images/ted/80c6254a58f0cc065e63fa48e99445d6cbadec8d_254x191.jpg?w=255
6a034c249bbcd05aa3165c84,Rebekah Shirley,https://pi.tedcdn.com/r/ted-conferences-speaker-photos-production.s3.amazonaws.com/iq9zkho0j7x09floj0ql6k6u5ph5?w=255
6a034c24d4881847be4b515f,Tim Urban,https://pi.tedcdn.com/r/pe.tedcdn.com/images/ted/9b019d624330241c769911021fd49a1ac680e3b4_254x191.jpg?w=255
6a034c24658f0b3b67d4a2e2,Chris Duffy,https://pi.tedcdn.com/r/ted-conferences-speaker-photos-production.s3.amazonaws.com/jbf3y9do0nnv3v6ml3xgakcmzbrl?w=255
6a034c24b9e30957c4388a73,Ann-Helén Bay,https://tedblade-public-assets.s3.us-east-1.amazonaws.com/default-avatar.jpg
6a034c24da446a102707f54a,Tejal Gala,https://tedblade-public-assets.s3.us-east-1.amazonaws.com/default-avatar.jpg
6a034c25b4b11d1a48586272,Michael McDaniel,https://pi.tedcdn.com/r/pe.tedcdn.com/images/ted/9095a1d8cd87ade23965de58b018aa9acc7479ad_254x191.jpg?w=255
6a034c2435bf06475c27ae7c,Eugenia Cheng,https://pi.tedcdn.com/r/pe.tedcdn.com/images/ted/25a42636366dbb0f47456f92613ae937df2399ba_254x191.jpg?w=255
6a034c2435bf06475c27b0a7,Tomás Chor,https://tedblade-public-assets.s3.us-east-1.amazonaws.com/default-avatar.jpg
6a034c25b4b11d1a485862f0,Joe Lassiter,https://tedblade-public-assets.s3.us-east-1.amazonaws.com/default-avatar.jpg
6a034c2435bf06475c27afee,Tom Nash,https://pi.tedcdn.com/r/pe.tedcdn.com/images/ted/db6d33709e3b87fe0f06751ebe1ba987802ec2b6_254x191.jpg?w=255
6a034c2435bf06475c27b083,Peter van Uhm,https://pi.tedcdn.com/r/pe.tedcdn.com/images/ted/7d670f2b132477f111ea520013384ecaa67cc8e4_254x191.jpg?w=255
6a034c2437e0c30f44bd1ea0,Olafur Eliasson,https://pi.tedcdn.com/r/pe.tedcdn.com/images/ted/091743a659759bf926f02d701f7241e85ee5678f_254x191.jpg?w=255
6a034c245e700263ec4ad3c9,Gian Giudice,https://pi.tedcdn.com/r/pe.tedcdn.com/images/ted/48173136434e985bbea9f041511cc70bab6d89aa_254x191.jpg?w=255
6a034c24658f0b3b67d4a37f,Misan Harriman,https://pi.tedcdn.com/r/ted-conferences-speaker-photos-production.s3.amazonaws.com/mabf09u1gh0g4390i381ldz9xovy?w=255
6a034c24d4881847be4b5243,Gavin Schmidt,https://pi.tedcdn.com/r/pe.tedcdn.com/images/ted/4c0d3c69e73087287f3f730a7f3770eb26607514_254x191.jpg?w=255
6a034c24da446a102707f5b3,Jonathan Marks,https://pi.tedcdn.com/r/pe.tedcdn.com/images/ted/d343e9225e4d9ea0d71fd64ea479da141b614de4_254x191.jpg?w=255
6a034c2437e0c30f44bd1eab,Shameem Akhtar,https://tedblade-public-assets.s3.us-east-1.amazonaws.com/default-avatar.jpg
6a034c249bbcd05aa3165b19,Céline Valéry,https://tedblade-public-assets.s3.us-east-1.amazonaws.com/default-avatar.jpg
6a034c249bbcd05aa3165c99,Timothy Snyder,https://pi.tedcdn.com/r/ted-conferences-speaker-photos-production.s3.amazonaws.com/pz470znojwphmoj0snyzcvdhqsj6?w=255
6a034c24da446a102707f4c7,Demis Hassabis,https://pi.tedcdn.com/r/ted-conferences-speaker-photos-production.s3.amazonaws.com/fdx6qr4it1xyckxeaugdalps0x3h?w=255
6a034c2435bf06475c27ae93,Jens Burchardt,https://pi.tedcdn.com/r/pe.tedcdn.com/images/ted/2b414eb1f554474ada13da5ad61fd6c8d9a40fbe_254x191.jpg?w=255
6a034c249bbcd05aa3165b1e,Darren Croft,https://tedblade-public-assets.s3.us-east-1.amazonaws.com/default-avatar.jpg
6a034c24d4881847be4b50dc,Jane McGonigal,https://pi.tedcdn.com/r/ted-conferences-speaker-photos-production.s3.amazonaws.com/tubfkrkpvzr9ql5ubs40ggnvwwe1?w=255
6a034c2435bf06475c27ae94,Jessy Kate Schingler,https://pi.tedcdn.com/r/pe.tedcdn.com/images/ted/fe6da64db5a3b6eb8fdde0197bff3d870403574c_254x191.jpg?w=255
6a034c2435bf06475c27af9d,Michael Bungay Stanier,https://pi.tedcdn.com/r/ted-conferences-speaker-photos-production.s3.amazonaws.com/uogz4mntcglsc7i7zofvr2yyzi0l?w=255
6a034c2435bf06475c27afb1,Onyx Ashanti,https://pi.tedcdn.com/r/pe.tedcdn.com/images/ted/f6ed4be9e9450fdd10ed2b52eb2661a4099f063f_254x191.jpg?w=255
6a034c245e700263ec4ad348,Okong'o Kinyanjui,https://tedblade-public-assets.s3.us-east-1.amazonaws.com/default-avatar.jpg
6a034c24d4881847be4b526e,Micaela Mantegna,https://pi.tedcdn.com/r/ted-conferences-speaker-photos-production.s3.amazonaws.com/pzt7rrkmc7934dhjims976x983sx?w=255
6a034c2437e0c30f44bd1cc2,Daniel Pauly,https://pi.tedcdn.com/r/pe.tedcdn.com/images/ted/82ad563b249f7922d0d1de34065d8d199071cfc4_254x191.jpg?w=255
6a034c245e700263ec4ad1fa,Clay Routledge,https://tedblade-public-assets.s3.us-east-1.amazonaws.com/default-avatar.jpg
6a034c24d4881847be4b520a,Stephen Palumbi,https://pi.tedcdn.com/r/pe.tedcdn.com/images/ted/180747_254x191.jpg?w=255
6a034c24da446a102707f600,Tapiwa Chiwewe,https://pi.tedcdn.com/r/pe.tedcdn.com/images/ted/6d6089b60d3a3f3855169f4da926f1651eead213_254x191.jpg?w=255
6a034c2437e0c30f44bd1dd7,Rach Ranton,https://tedblade-public-assets.s3.us-east-1.amazonaws.com/default-avatar.jpg
6a034c24da446a102707f3b7,Dasha Navalnaya,https://pi.tedcdn.com/r/ted-conferences-speaker-photos-production.s3.amazonaws.com/ggor5zx00gk4b2c06dwnej3bfjab?w=255
6a034c24da446a102707f3cd,Fei Luo,https://pi.tedcdn.com/r/ted-conferences-speaker-photos-production.s3.amazonaws.com/1t81p5wvjm8ldgwnepwhi0pksv8w?w=255
6a034c25b4b11d1a48586394,Peggy Andover,https://tedblade-public-assets.s3.us-east-1.amazonaws.com/default-avatar.jpg
6a034c2437e0c30f44bd1cc0,Dame Vivian Hunt,https://tedblade-public-assets.s3.us-east-1.amazonaws.com/default-avatar.jpg
6a034c245e700263ec4ad3a3,Alan Smith,https://pi.tedcdn.com/r/pe.tedcdn.com/images/ted/7d5314cf4ace51d76ae52d6c8f9842348f20493c_254x191.jpg?w=255
6a034c24b9e30957c4388a89,Washington Wachira,https://pi.tedcdn.com/r/pe.tedcdn.com/images/ted/7bef94b0fa8177bad0a10a5eef93c78ea64f3c2f_254x191.jpg?w=255
6a034c24d4881847be4b50dd,Emma Bridgewater,https://tedblade-public-assets.s3.us-east-1.amazonaws.com/default-avatar.jpg
6a034c2435bf06475c27af5c,Jackson Katz,https://pi.tedcdn.com/r/pe.tedcdn.com/images/ted/ccbac2a5913ca3127b473d72efd69a8acd75696c_254x191.jpg?w=255
6a034c24b9e30957c4388add,Kemi DaSilva-Ibru,https://pi.tedcdn.com/r/pe.tedcdn.com/images/ted/bda1c5a5eb383c18b89157fe58281662ced280f7_254x191.jpg?w=255
6a034c24da446a102707f3fb,Anil Seth,https://pi.tedcdn.com/r/ted-conferences-speaker-photos-production.s3.amazonaws.com/sxrdkikh5cuvsnykrefewpu1ib4b?w=255
6a034c245e700263ec4ad31b,Margaret Mitchell,https://pi.tedcdn.com/r/pe.tedcdn.com/images/ted/148db3a843ac4bac0c08f9d4314a5a4cdb47eab6_254x191.jpg?w=255
6a034c24b9e30957c4388af4,Melonie D. Parker,https://tedblade-public-assets.s3.us-east-1.amazonaws.com/default-avatar.jpg
6a034c24b9e30957c4388b38,Christine Porath,https://pi.tedcdn.com/r/pe.tedcdn.com/images/ted/e4cb66bdf402b900d68ab8def06967379185fe19_254x191.jpg?w=255
6a034c24d4881847be4b5142,Mahendra Singhi,https://pi.tedcdn.com/r/pe.tedcdn.com/images/ted/d0131b97e46e41efeee2a437d8171c33f4592f95_254x191.jpg?w=255
6a034c2437e0c30f44bd1e79,Manu Prakash,https://pi.tedcdn.com/r/pe.tedcdn.com/images/ted/4f8ecda6fbc8c11d77716d59ff0e001b5b614b86_254x191.jpg?w=255
6a034c24658f0b3b67d4a2a5,AJ Hikes,https://pi.tedcdn.com/r/pe.tedcdn.com/images/ted/0b41a1d54f08109966cc4ba1c0d8b7db841ef0d7_254x191.jpg?w=255
6a034c24658f0b3b67d4a404,Lloyd Treinish,https://tedblade-public-assets.s3.us-east-1.amazonaws.com/default-avatar.jpg
6a034c24da446a102707f3d5,Hannah Ritchie,https://pi.tedcdn.com/r/ted-conferences-speaker-photos-production.s3.amazonaws.com/8637bvez02859eqfot19vm3tv72j?w=255
6a034c24da446a102707f583,Chris Downey,https://pi.tedcdn.com/r/pe.tedcdn.com/images/ted/1f28da5781b30672a80af9cbfb0f2289341683b0_254x191.jpg?w=255
6a034c2435bf06475c27b02e,Deepa Narayan,https://pi.tedcdn.com/r/pe.tedcdn.com/images/ted/a84e4e74d10d386e88b2f5ec725418a3195e8062_254x191.jpg?w=255
6a034c2437e0c30f44bd1da7, The Ferocious Few,https://tedblade-public-assets.s3.us-east-1.amazonaws.com/default-avatar.jpg
6a034c2437e0c30f44bd1e21,Wanda Irving,https://pi.tedcdn.com/r/pe.tedcdn.com/images/ted/be2e9f1c7f1d0fe755c24c52ef48db3741b55f87_254x191.jpg?w=255
6a034c24658f0b3b67d4a342,Françoise Mouly,https://pi.tedcdn.com/r/pe.tedcdn.com/images/ted/670d2d566784a0ed37064e4d48f9654202d10c65_254x191.jpg?w=255
6a034c24d4881847be4b50af,David Lee,https://pi.tedcdn.com/r/pe.tedcdn.com/images/ted/fb4c2e5a14e6d8cd4da78e556a75e8197fddc7e9_254x191.jpg?w=255
6a034c24d4881847be4b51f1,Oren Zaslansky,https://pi.tedcdn.com/r/ted-conferences-speaker-photos-production.s3.amazonaws.com/jeekd2if4v1zbqwlo98cb5u0bstd?w=255
6a034c2437e0c30f44bd1d8a,Leah Garcés,https://pi.tedcdn.com/r/pe.tedcdn.com/images/ted/2204e9a054b1526daafd5bb218bb3d80b760261c_254x191.jpg?w=255
6a034c2437e0c30f44bd1d92,Barton Seaver,https://pi.tedcdn.com/r/pe.tedcdn.com/images/ted/209967_254x191.jpg?w=255
6a034c2435bf06475c27ae55,Alice Bows-Larkin,https://pi.tedcdn.com/r/pe.tedcdn.com/images/ted/acb74635e5246cdecaf4d89ca9010b6ac23bb086_254x191.jpg?w=255
6a034c2435bf06475c27ae58,Andrew Stanton,https://pi.tedcdn.com/r/pe.tedcdn.com/images/ted/ea8e36bb13f231b686d22fe35b6f76f5222e86b8_254x191.jpg?w=255
6a034c24658f0b3b67d4a383,Nancy Duarte,https://pi.tedcdn.com/r/pe.tedcdn.com/images/ted/5aba4b531052c706d58d2d86e0168787b219745e_254x191.jpg?w=255
6a034c2435bf06475c27ae64,Brittany Packnett Cunningham,https://tedblade-public-assets.s3.us-east-1.amazonaws.com/default-avatar.jpg
6a034c249bbcd05aa3165b08,Anima Anandkumar,https://tedblade-public-assets.s3.us-east-1.amazonaws.com/default-avatar.jpg
6a034c2435bf06475c27aedf,tobacco brown,https://pi.tedcdn.com/r/pe.tedcdn.com/images/ted/5c2a7e0d73fe7d60d1801edfb555eac08333ce1b_254x191.jpg?w=255
6a034c25b4b11d1a4858626f,Michael Benton,https://tedblade-public-assets.s3.us-east-1.amazonaws.com/default-avatar.jpg
6a034c2435bf06475c27af01,Arthur Potts Dawson,https://pi.tedcdn.com/r/pe.tedcdn.com/images/ted/7c538d474e6d7fa4977ef80897c84560147330a4_254x191.jpg?w=255
6a034c2435bf06475c27af07,Cindy J. Aaronson,https://tedblade-public-assets.s3.us-east-1.amazonaws.com/default-avatar.jpg
6a034c245e700263ec4ad33a,Naturally 7,https://pi.tedcdn.com/r/pe.tedcdn.com/images/ted/87911_254x191.jpg?w=255
6a034c2435bf06475c27af4f,Garth Lenz,https://pi.tedcdn.com/r/pe.tedcdn.com/images/ted/0d365258adb4ba5fd53d14d85fcec3989e90d2dc_254x191.jpg?w=255
6a034c2435bf06475c27af60,Jan Rader,https://tedblade-public-assets.s3.us-east-1.amazonaws.com/default-avatar.jpg
6a034c2435bf06475c27af8a,Laurel Braitman,https://pi.tedcdn.com/r/ted-conferences-speaker-photos-production.s3.amazonaws.com/oqel66opmk49t8oi2z4furt27hqm?w=255
6a034c24da446a102707f5f7,Sasa Vucinic,https://pi.tedcdn.com/r/pe.tedcdn.com/images/ted/1310_253x190.jpg?w=255
6a034c2435bf06475c27afd2,Simon Anholt,https://pi.tedcdn.com/r/pe.tedcdn.com/images/ted/58da27637077f4b043736457ef3102684eaf20bb_254x191.jpg?w=255
6a034c24da446a102707f493,Matt Mills,https://tedblade-public-assets.s3.us-east-1.amazonaws.com/default-avatar.jpg
6a034c2435bf06475c27b038,Elaine Fong,https://pi.tedcdn.com/r/pe.tedcdn.com/images/ted/f916d29ed209209da086f0561a1018d138cfc56f_254x191.jpg?w=255
6a034c24da446a102707f4d1,Sascha Morrell,https://tedblade-public-assets.s3.us-east-1.amazonaws.com/default-avatar.jpg
6a034c2435bf06475c27b061,Kyle Quinn,https://tedblade-public-assets.s3.us-east-1.amazonaws.com/default-avatar.jpg
6a034c24da446a102707f602,Temie Giwa-Tubosun,https://pi.tedcdn.com/r/ted-conferences-speaker-photos-production.s3.amazonaws.com/47rrazs9ad6e0erxm9yn40wi8xcg?w=255
6a034c2435bf06475c27b068,Madhavi Venkatesan,https://tedblade-public-assets.s3.us-east-1.amazonaws.com/default-avatar.jpg
6a034c2437e0c30f44bd1cb8,Bill Shribman,https://tedblade-public-assets.s3.us-east-1.amazonaws.com/default-avatar.jpg
6a034c2435bf06475c27b070,Michael Shellenberger,https://pi.tedcdn.com/r/pe.tedcdn.com/images/ted/77bc009175ec14e4aa367be3f1b99fe71779e09e_254x191.jpg?w=255
6a034c245e700263ec4ad304,Kathy Vinokurov,https://tedblade-public-assets.s3.us-east-1.amazonaws.com/default-avatar.jpg
6a034c2435bf06475c27b07e,Onora O'Neill,https://tedblade-public-assets.s3.us-east-1.amazonaws.com/default-avatar.jpg
6a034c2435bf06475c27b08f,Ryan Heffington,https://pi.tedcdn.com/r/ted-conferences-speaker-photos-production.s3.amazonaws.com/fowbf97snxdbpffyg16vtf52jx03?w=255
6a034c2435bf06475c27b090,Sakena Yacoobi,https://pi.tedcdn.com/r/pe.tedcdn.com/images/ted/413f730f8346e99f682f76cc7249d2a1bdde9f7c_254x191.jpg?w=255
6a034c24b9e30957c43889d1,Dan Barber,https://pi.tedcdn.com/r/pe.tedcdn.com/images/ted/8f06a095e1cfc272ae0b708778bded129905cdec_254x191.jpg?w=255
6a034c2437e0c30f44bd1cbc,Catalina Lotero,https://pi.tedcdn.com/r/ted-conferences-speaker-photos-production.s3.amazonaws.com/5d51e3uvzet3a7uv4t6choq7c314?w=255
6a034c24d4881847be4b51fb,Rachel Pike,https://pi.tedcdn.com/r/pe.tedcdn.com/images/ted/126532_254x191.jpg?w=255
6a034c2437e0c30f44bd1ce9,Jean-François Bastin,https://tedblade-public-assets.s3.us-east-1.amazonaws.com/default-avatar.jpg
6a034c2437e0c30f44bd1cfe,Marcus Adrian,https://tedblade-public-assets.s3.us-east-1.amazonaws.com/default-avatar.jpg
6a034c2437e0c30f44bd1d21,Stefan C. Dombrowski,https://tedblade-public-assets.s3.us-east-1.amazonaws.com/default-avatar.jpg
6a034c2437e0c30f44bd1d26,Steve Presley,https://pi.tedcdn.com/r/ted-conferences-speaker-photos-production.s3.amazonaws.com/mhd7y1wz2e7mugl8v1q1fakggabl?w=255
6a034c2437e0c30f44bd1d6a,Ingrid Betancourt,https://pi.tedcdn.com/r/pe.tedcdn.com/images/ted/3b971dac6a90743d497b0da5ef03e0e97720fb21_254x191.jpg?w=255
6a034c24da446a102707f4b6,Raj Jayadev,https://pi.tedcdn.com/r/pe.tedcdn.com/images/ted/71d7065b1ae0d00651d9fe51631dad9f93d67ee6_254x191.jpg?w=255
6a034c2437e0c30f44bd1d8c,Lei Li,https://pi.tedcdn.com/r/pe.tedcdn.com/images/ted/b43fe9212caa901a58243d8ea701035b115fa8a3_254x191.jpg?w=255
6a034c245e700263ec4ad3f1,Natalie Panek,https://pi.tedcdn.com/r/pe.tedcdn.com/images/ted/ddbfa8644a8a82ad718e747c2a371d3ce2734999_254x191.jpg?w=255
6a034c2437e0c30f44bd1da1,Candis Watts Smith,https://pi.tedcdn.com/r/pe.tedcdn.com/images/ted/2348b14ef189ac8ad2453f30379ac0dbf7fd1c20_254x191.jpg?w=255
6a034c24da446a102707f40a,Bran Ferren,https://pi.tedcdn.com/r/pe.tedcdn.com/images/ted/da0fa4fa38bd001c513055f4f061a478641a52f0_254x191.jpg?w=255
6a034c2437e0c30f44bd1da9,Adeola Fayehun,https://pi.tedcdn.com/r/pe.tedcdn.com/images/ted/f1ba8486fdeabf4955dcb4e0d52b2477246103b8_254x191.jpg?w=255
6a034c2437e0c30f44bd1dbc,Cecilia Guan,https://tedblade-public-assets.s3.us-east-1.amazonaws.com/default-avatar.jpg
6a034c245e700263ec4ad399,Zahra' Langhi,https://tedblade-public-assets.s3.us-east-1.amazonaws.com/default-avatar.jpg
6a034c2437e0c30f44bd1dd9,Clifford Stoll,https://pi.tedcdn.com/r/pe.tedcdn.com/images/ted/243_254x191.jpg?w=255
6a034c24d4881847be4b509d,Charity Tillemann-Dick,https://tedblade-public-assets.s3.us-east-1.amazonaws.com/default-avatar.jpg
6a034c25b4b11d1a48586353,Bence Nanay,https://tedblade-public-assets.s3.us-east-1.amazonaws.com/default-avatar.jpg
6a034c2437e0c30f44bd1de8,David Griffin,https://pi.tedcdn.com/r/pe.tedcdn.com/images/ted/51576_254x191.jpg?w=255
6a034c249bbcd05aa3165bfb,Nicky Trevorrow,https://pi.tedcdn.com/r/ted-conferences-speaker-photos-production.s3.amazonaws.com/1v3x95tahfwvg6m00b2uhjp7y470?w=255
6a034c2437e0c30f44bd1df3,Drew Curtis,https://pi.tedcdn.com/r/pe.tedcdn.com/images/ted/8ee1a9558f8e74b16fb77768826132e32154c1ba_254x191.jpg?w=255
6a034c24da446a102707f3d4,Hanjo Seibert,https://pi.tedcdn.com/r/ted-conferences-speaker-photos-production.s3.amazonaws.com/4uj2b4idiyxs6o61yphchlkvcqq2?w=255
6a034c2437e0c30f44bd1df6,Emily F. Rothman,https://tedblade-public-assets.s3.us-east-1.amazonaws.com/default-avatar.jpg
6a034c2437e0c30f44bd1eeb,Thomas Madrecki,https://tedblade-public-assets.s3.us-east-1.amazonaws.com/default-avatar.jpg
6a034c2437e0c30f44bd1dfd,Shreya Joshi,https://pi.tedcdn.com/r/ted-conferences-speaker-photos-production.s3.amazonaws.com/0j8rytlg79ff7bow5cq6x5s11yf7?w=255
6a034c24658f0b3b67d4a2b0,Allison Hunt,https://pi.tedcdn.com/r/pe.tedcdn.com/images/ted/13782_254x191.jpg?w=255
6a034c2437e0c30f44bd1e00,David R. Liu,https://tedblade-public-assets.s3.us-east-1.amazonaws.com/default-avatar.jpg
6a034c245e700263ec4ad2b0,Dave Sivaprasad,https://pi.tedcdn.com/r/ted-conferences-speaker-photos-production.s3.amazonaws.com/go3fk5ajld7b2amp6dxak4yf17mq?w=255
6a034c2437e0c30f44bd1e25,Hyeonmi Kim,https://pi.tedcdn.com/r/ted-conferences-speaker-photos-production.s3.amazonaws.com/tBJi6YB4sNbcBm1CE1n1cvNn?w=255
6a034c2435bf06475c27afd3,Ranveer Chandra,https://tedblade-public-assets.s3.us-east-1.amazonaws.com/default-avatar.jpg
6a034c2437e0c30f44bd1e27,Yifat Susskind,https://pi.tedcdn.com/r/pe.tedcdn.com/images/ted/8e19199867eadeffcbc137868a399ef3f6fdc3fd_254x191.jpg?w=255
6a034c2437e0c30f44bd1cd4,Gabrielle Rifkind,https://pi.tedcdn.com/r/ted-conferences-speaker-photos-production.s3.amazonaws.com/2o05z0tstgu4sq6yowpxxkvf6vdw?w=255
6a034c2437e0c30f44bd1e70,Lawrence Lessig,https://tedblade-public-assets.s3.us-east-1.amazonaws.com/default-avatar.jpg
6a034c24658f0b3b67d4a44b,Alice Rawsthorn,https://pi.tedcdn.com/r/pe.tedcdn.com/images/ted/39b344be1bf51bebddf79c8ff20e1ff42a3efef6_254x191.jpg?w=255
6a034c24b9e30957c4388a76,Sasha Sarago,https://tedblade-public-assets.s3.us-east-1.amazonaws.com/default-avatar.jpg
6a034c24da446a102707f5c4,Mai Lan,https://pi.tedcdn.com/r/pe.tedcdn.com/images/ted/adc16c232965d4792efb9f8073cc60127e86e092_254x191.jpg?w=255
6a034c25b4b11d1a485861cd,Bunker Roy,https://pi.tedcdn.com/r/pe.tedcdn.com/images/ted/eebdec068c3b0e7e783ae87c56193c42d70a1ce5_254x191.jpg?w=255
6a034c2437e0c30f44bd1e31,Hadi Eldebek,https://pi.tedcdn.com/r/pe.tedcdn.com/images/ted/ba9f87b9d08d0d7e7b82dc261e40e205901e7378_254x191.jpg?w=255
6a034c2437e0c30f44bd1e44,John Biewen,https://pi.tedcdn.com/r/pe.tedcdn.com/images/ted/d4b49c27248b89222dd83dde8d4ebc8e42567091_254x191.jpg?w=255
6a034c2437e0c30f44bd1e7a,Nicola Sturgeon,https://pi.tedcdn.com/r/pe.tedcdn.com/images/ted/b604f96d04fc62307c596b295c565ff4e965b503_254x191.jpg?w=255
6a034c2437e0c30f44bd1e98,Richard Weller,https://pi.tedcdn.com/r/pe.tedcdn.com/images/ted/d289cae712a7d87f5043fde17b8cba801829cc48_254x191.jpg?w=255
6a034c2437e0c30f44bd1e9d,Nilofer Merchant,https://pi.tedcdn.com/r/pe.tedcdn.com/images/ted/745300959fa764ccac8076e4dd328d13384b0640_254x191.jpg?w=255
6a034c2437e0c30f44bd1ece,Zubaida Bai,https://pi.tedcdn.com/r/pe.tedcdn.com/images/ted/d780c84cabbc559a3d8f8fdf03ada5166069477b_254x191.jpg?w=255
6a034c245e700263ec4ad203,Eleanor Longden,https://pi.tedcdn.com/r/pe.tedcdn.com/images/ted/4394f25e86e9c74b8b041e458b33a337f70723cb_254x191.jpg?w=255
6a034c245e700263ec4ad244,Mounia Akl,https://pi.tedcdn.com/r/pe.tedcdn.com/images/ted/7a009c2283da2d126b133b80938610bcceee445b_254x191.jpg?w=255
6a034c2435bf06475c27af2b,Dina Zielinski,https://pi.tedcdn.com/r/pe.tedcdn.com/images/ted/58499e4bde407a2a8d7250ac0e4a4d57a976c0fa_254x191.jpg?w=255
6a034c245e700263ec4ad25d,TED,https://tedblade-public-assets.s3.us-east-1.amazonaws.com/default-avatar.jpg
6a034c2437e0c30f44bd1d4b,Carla Harris,https://pi.tedcdn.com/r/pe.tedcdn.com/images/ted/113ebc683d0532426b537493055d620dbb9b599c_254x191.jpg?w=255
6a034c2437e0c30f44bd1ee7,Teresa Njoroge,https://pi.tedcdn.com/r/pe.tedcdn.com/images/ted/40b7aa7debe59f940d0bdb64275a7b30c06df434_254x191.jpg?w=255
6a034c24658f0b3b67d4a467,Bill T. Jones,https://tedblade-public-assets.s3.us-east-1.amazonaws.com/default-avatar.jpg
6a034c2435bf06475c27ae53,Aisha Nyandoro,https://pi.tedcdn.com/r/ted-conferences-speaker-photos-production.s3.amazonaws.com/3al25c6nhjek4uii46hc6djnu9ca?w=255
6a034c249bbcd05aa3165ad2,Krystian Aparta,https://tedblade-public-assets.s3.us-east-1.amazonaws.com/default-avatar.jpg
6a034c2435bf06475c27ae70,Christian Picciolini,https://pi.tedcdn.com/r/pe.tedcdn.com/images/ted/d0af5b23d9d7fa12a53f2126f9487968a069ee6c_254x191.jpg?w=255
6a034c24d4881847be4b50bf,Ellen Agler,https://pi.tedcdn.com/r/pe.tedcdn.com/images/ted/5a07893103caa6a595e46a7630b8509c13877e69_254x191.jpg?w=255
6a034c2435bf06475c27ae9f,Kate Orff,https://pi.tedcdn.com/r/pe.tedcdn.com/images/ted/410e6a5312114af57e80f752a8fb613ec770d717_254x191.jpg?w=255
6a034c24d4881847be4b511c,Mohamad Jebara,https://tedblade-public-assets.s3.us-east-1.amazonaws.com/default-avatar.jpg
6a034c2435bf06475c27aeba,Muslim Sahib,https://tedblade-public-assets.s3.us-east-1.amazonaws.com/default-avatar.jpg
6a034c2435bf06475c27aed4,Suzanne Duncan,https://tedblade-public-assets.s3.us-east-1.amazonaws.com/default-avatar.jpg
6a034c2435bf06475c27b0b1,Zoe Pierrat,https://tedblade-public-assets.s3.us-east-1.amazonaws.com/default-avatar.jpg
6a034c2435bf06475c27aef6,Ben Longdon,https://tedblade-public-assets.s3.us-east-1.amazonaws.com/default-avatar.jpg
6a034c249bbcd05aa3165ae5,Nathalie Cabrol,https://pi.tedcdn.com/r/pe.tedcdn.com/images/ted/deac28eb884e797f0288d5678e09855bfe252741_254x191.jpg?w=255
6a034c2435bf06475c27af1e,Christopher M. Moreman,https://tedblade-public-assets.s3.us-east-1.amazonaws.com/default-avatar.jpg
6a034c24b9e30957c43889de,Karen Bakker,https://pi.tedcdn.com/r/ted-conferences-speaker-photos-production.s3.amazonaws.com/62ixtbjmr4rjohfraaplfmeju104?w=255
6a034c2435bf06475c27af49,Fred Krupp,https://pi.tedcdn.com/r/pe.tedcdn.com/images/ted/97c99832373533f7fb780d340a9f0195091ca3c9_254x191.jpg?w=255
6a034c24da446a102707f58f,Douglas L. Oliver,https://tedblade-public-assets.s3.us-east-1.amazonaws.com/default-avatar.jpg
6a034c2435bf06475c27af4b,Frederick Streeter Barrett,https://pi.tedcdn.com/r/pe.tedcdn.com/images/ted/583900f4890824c45535533e35539853ac536e86_254x191.jpg?w=255
6a034c2435bf06475c27af66,Jeremy Gilley,https://pi.tedcdn.com/r/pe.tedcdn.com/images/ted/e5d3476d97e9da4abd4c498a6b952dfdf3e6078c_254x191.jpg?w=255
6a034c2435bf06475c27af69,Jamais Cascio,https://pi.tedcdn.com/r/pe.tedcdn.com/images/ted/66621_254x191.jpg?w=255
6a034c2435bf06475c27af83,Kathryn Mannix,https://pi.tedcdn.com/r/ted-conferences-speaker-photos-production.s3.amazonaws.com/vgb9p42wc37vzqeqrodzu172olky?w=255
6a034c245e700263ec4ad2f5,Julia Galef,https://pi.tedcdn.com/r/pe.tedcdn.com/images/ted/424fe23b259f3798d3263b32a82b7ae3b215ab83_254x191.jpg?w=255
6a034c2435bf06475c27af9a,Matt Cutts,https://pi.tedcdn.com/r/pe.tedcdn.com/images/ted/f03c236e255e397c2cdaa4ed901eaa72a0e77d51_254x191.jpg?w=255
6a034c2435bf06475c27af9f,Michael Murphy,https://pi.tedcdn.com/r/pe.tedcdn.com/images/ted/4370405567c515fbd0523eaa5402026b78653718_254x191.jpg?w=255
6a034c245e700263ec4ad31f,Marian Wright Edelman,https://pi.tedcdn.com/r/pe.tedcdn.com/images/ted/ea9f05ba7cf829b2f2bf78a8bf8dfa65ffe9f89d_254x191.jpg?w=255
6a034c2435bf06475c27afbe,Rob Hopkins,https://pi.tedcdn.com/r/pe.tedcdn.com/images/ted/132139_254x191.jpg?w=255
6a034c245e700263ec4ad322,Matteo Fadel,https://tedblade-public-assets.s3.us-east-1.amazonaws.com/default-avatar.jpg
6a034c2435bf06475c27afc6,Nigel Topping,https://pi.tedcdn.com/r/pe.tedcdn.com/images/ted/7bfb826b6d1a54fca256c1d683ecf81e609724da_254x191.jpg?w=255
6a034c245e700263ec4ad32f,Michael Rain,https://pi.tedcdn.com/r/pe.tedcdn.com/images/ted/5e2851077969d766b4af6bab73c2cac750eb506d_254x191.jpg?w=255
6a034c245e700263ec4ad34f,Priti Krishtel,https://pi.tedcdn.com/r/pe.tedcdn.com/images/ted/cab22eada55a78eb9faaf00599a67c584f6d614e_254x191.jpg?w=255
6a034c2435bf06475c27aff7,Uma Valeti,https://pi.tedcdn.com/r/ted-conferences-speaker-photos-production.s3.amazonaws.com/p7kfn1putr23s6aculkjxz93qcn5?w=255
6a034c245e700263ec4ad37c,Steven Sharp Nelson,https://pi.tedcdn.com/r/pe.tedcdn.com/images/ted/9f9e326428a85eaf017d92fd3b15060d0f9509cd_254x191.jpg?w=255
6a034c2435bf06475c27b00c,Alexander McLean,https://tedblade-public-assets.s3.us-east-1.amazonaws.com/default-avatar.jpg
6a034c245e700263ec4ad394,Tracy Edwards,https://pi.tedcdn.com/r/pe.tedcdn.com/images/ted/87d1c6d0f8ebdc01dc2b87a88b6deaeede7e4ba1_254x191.jpg?w=255
6a034c2435bf06475c27b034,Dorothy Roberts,https://pi.tedcdn.com/r/pe.tedcdn.com/images/ted/feba2aa5bbbc2219a8b539310399b2b003511aaa_254x191.jpg?w=255
6a034c2435bf06475c27b0a6,Timothy Williams,https://tedblade-public-assets.s3.us-east-1.amazonaws.com/default-avatar.jpg
6a034c2437e0c30f44bd1ccd,Dong Woo Jang,https://pi.tedcdn.com/r/pe.tedcdn.com/images/ted/842872b65735ef3c189e78abe2ddc29c76183800_254x191.jpg?w=255
6a034c2437e0c30f44bd1cd0,Ethel,https://pi.tedcdn.com/r/pe.tedcdn.com/images/ted/106_254x191.jpg?w=255
6a034c2437e0c30f44bd1cd7,Gene Luen Yang,https://tedblade-public-assets.s3.us-east-1.amazonaws.com/default-avatar.jpg
6a034c2437e0c30f44bd1cdc,Helen Pearson,https://pi.tedcdn.com/r/pe.tedcdn.com/images/ted/0ca7d9c0cb848f01f0af0e7fc43763811890c8a4_254x191.jpg?w=255
6a034c2437e0c30f44bd1cfa,Linda Zhang,https://tedblade-public-assets.s3.us-east-1.amazonaws.com/default-avatar.jpg
6a034c2437e0c30f44bd1cfd,Manwar Ali,https://pi.tedcdn.com/r/pe.tedcdn.com/images/ted/ba71a12b07d3c140fb31ee8a7ce0351d7e67ac51_254x191.jpg?w=255
6a034c2437e0c30f44bd1d13,Raffaello D'Andrea,https://tedblade-public-assets.s3.us-east-1.amazonaws.com/default-avatar.jpg
6a034c2437e0c30f44bd1d37, Resistance Revival Chorus,https://tedblade-public-assets.s3.us-east-1.amazonaws.com/default-avatar.jpg
6a034c2437e0c30f44bd1d76, Wobbly World,https://tedblade-public-assets.s3.us-east-1.amazonaws.com/default-avatar.jpg
6a034c2437e0c30f44bd1d97,Marcus Byrne,https://pi.tedcdn.com/r/pe.tedcdn.com/images/ted/403b8d4db458d7b615dfacc036c076026501e8cd_254x191.jpg?w=255
6a034c2437e0c30f44bd1dad,Alessandro Acquisti,https://pi.tedcdn.com/r/pe.tedcdn.com/images/ted/e59121d7ae38599f8a0a0beade11356205817bfe_254x191.jpg?w=255
6a034c2437e0c30f44bd1db9,Catherine Bracy,https://pi.tedcdn.com/r/pe.tedcdn.com/images/ted/eafef1ddf27356aa4ea360a038b0984eae966592_254x191.jpg?w=255
6a034c2437e0c30f44bd1dc4,Anne Marie Albano,https://pi.tedcdn.com/r/pe.tedcdn.com/images/ted/ae33f79c239784698536df05fc759f87a726e28b_254x191.jpg?w=255
6a034c2437e0c30f44bd1ddf,Dan Dennett,https://pi.tedcdn.com/r/pe.tedcdn.com/images/ted/185dfcae13ba50e25923e1d2b6eadd199a122241_254x191.jpg?w=255
6a034c2437e0c30f44bd1deb,Christian Wickert,https://tedblade-public-assets.s3.us-east-1.amazonaws.com/default-avatar.jpg
6a034c2437e0c30f44bd1df0,Dennis Wildfogel,https://tedblade-public-assets.s3.us-east-1.amazonaws.com/default-avatar.jpg
6a034c2437e0c30f44bd1e3f,Jiabao Li,https://pi.tedcdn.com/r/pe.tedcdn.com/images/ted/7049c34090200c0d8c7baab17952f974441b82e1_254x191.jpg?w=255
6a034c2437e0c30f44bd1e51,Kang Lee,https://pi.tedcdn.com/r/pe.tedcdn.com/images/ted/26920508912183f8d3a366d2acd2174984b2b95a_254x191.jpg?w=255
6a034c2437e0c30f44bd1e78,Nate Garvis,https://pi.tedcdn.com/r/pe.tedcdn.com/images/ted/499001da4582c00e5924a2da59c3762b5bae1b35_254x191.jpg?w=255
6a034c2437e0c30f44bd1ebe,Teri Hofford,https://pi.tedcdn.com/r/ted-conferences-speaker-photos-production.s3.amazonaws.com/16k9z0lo44tx3ngo56qhc1ruzexu?w=255
6a034c2437e0c30f44bd1ec1,Tony Porter,https://pi.tedcdn.com/r/pe.tedcdn.com/images/ted/12cb9e2531814d8ca9cc4c0a3776acd0929f6235_254x191.jpg?w=255
6a034c2437e0c30f44bd1ecb,Wesley Saint Clair,https://tedblade-public-assets.s3.us-east-1.amazonaws.com/default-avatar.jpg
6a034c2437e0c30f44bd1ee4,Steve Brown,https://tedblade-public-assets.s3.us-east-1.amazonaws.com/default-avatar.jpg
6a034c245e700263ec4ad1f4,Carey Kolaja,https://tedblade-public-assets.s3.us-east-1.amazonaws.com/default-avatar.jpg
6a034c245e700263ec4ad1f9,"Christopher ""moot"" Poole",https://tedblade-public-assets.s3.us-east-1.amazonaws.com/default-avatar.jpg
6a034c245e700263ec4ad1fd,Daniel Garrie,https://tedblade-public-assets.s3.us-east-1.amazonaws.com/default-avatar.jpg
6a034c245e700263ec4ad23a,Marah J. Hardt,https://tedblade-public-assets.s3.us-east-1.amazonaws.com/default-avatar.jpg
6a034c245e700263ec4ad24d,Reuben Margolin,https://pi.tedcdn.com/r/pe.tedcdn.com/images/ted/a14b627be5fcff27e1d7ae4f8216f0505ab61615_254x191.jpg?w=255
6a034c245e700263ec4ad259,Sophie Rose,https://pi.tedcdn.com/r/pe.tedcdn.com/images/ted/d83d8dfbc199b33a7722a768e7456ccc8f7b2e41_254x191.jpg?w=255
6a034c245e700263ec4ad25b,Sue Klebold,https://pi.tedcdn.com/r/pe.tedcdn.com/images/ted/2a86a8e9ddcf6f0eedc3eb6cba9aa160fa5f3d4a_254x191.jpg?w=255
6a034c245e700263ec4ad266,Zach King,https://pi.tedcdn.com/r/pe.tedcdn.com/images/ted/ef38b49b3f6c2fae49163369bf1da4c81b9c2982_254x191.jpg?w=255
6a034c245e700263ec4ad27f,Becca McCharen-Tran,https://pi.tedcdn.com/r/pe.tedcdn.com/images/ted/c22991742639eab4fb9d9725f91b472658cb105c_254x191.jpg?w=255
6a034c245e700263ec4ad29a,Cathie Wood,https://tedblade-public-assets.s3.us-east-1.amazonaws.com/default-avatar.jpg
6a034c2435bf06475c27ae57,Andreas Ekström,https://pi.tedcdn.com/r/pe.tedcdn.com/images/ted/63ec78203eb0062969c3456a0381458b3eb21bfb_254x191.jpg?w=255
6a034c245e700263ec4ad2ad,Daniele Quercia,https://pi.tedcdn.com/r/pe.tedcdn.com/images/ted/1111d5475c705a936e66c8608621980dde79a3c5_254x191.jpg?w=255
6a034c245e700263ec4ad2e8,Jennifer B. Nuzzo,https://tedblade-public-assets.s3.us-east-1.amazonaws.com/default-avatar.jpg
6a034c2435bf06475c27ae73,Danielle N. Lee,https://tedblade-public-assets.s3.us-east-1.amazonaws.com/default-avatar.jpg
6a034c245e700263ec4ad336,Nadia Lopez,https://pi.tedcdn.com/r/pe.tedcdn.com/images/ted/c8d27e31ee743cead5f57dd5e422c1690cafaf87_254x191.jpg?w=255
6a034c2435bf06475c27ae83,Gillian Gibb,https://tedblade-public-assets.s3.us-east-1.amazonaws.com/default-avatar.jpg
6a034c245e700263ec4ad36a,Sarah Cairns-Smith,https://tedblade-public-assets.s3.us-east-1.amazonaws.com/default-avatar.jpg
6a034c2435bf06475c27ae88,Heejae Lim,https://pi.tedcdn.com/r/ted-conferences-speaker-photos-production.s3.amazonaws.com/mob29u5vefd1ev81s0bp0veqxc5c?w=255
6a034c245e700263ec4ad370,Shimon Schocken,https://pi.tedcdn.com/r/pe.tedcdn.com/images/ted/dd5c89877c055dae2ed02e5954fec7059e1cbd18_254x191.jpg?w=255
6a034c2435bf06475c27aea4,Kenneth Shinozuka,https://pi.tedcdn.com/r/pe.tedcdn.com/images/ted/98c25965909d1477aa54ec43677316888551f8e9_254x191.jpg?w=255
6a034c2435bf06475c27aeb5,Michael Beug,https://tedblade-public-assets.s3.us-east-1.amazonaws.com/default-avatar.jpg
6a034c245e700263ec4ad37d,Shereen El Feki,https://pi.tedcdn.com/r/pe.tedcdn.com/images/ted/102834_254x191.jpg?w=255
6a034c2435bf06475c27ae6c,Chip Colwell,https://pi.tedcdn.com/r/pe.tedcdn.com/images/ted/8865acaa6274ecd6420c6fed0b12ef80134b9251_254x191.jpg?w=255
6a034c2435bf06475c27aede,Yanis Varoufakis,https://pi.tedcdn.com/r/pe.tedcdn.com/images/ted/d642ce6d4d00dcc17b0fd43c5089bb7ba0d075ca_254x191.jpg?w=255
6a034c245e700263ec4ad39c, Countdown,https://tedblade-public-assets.s3.us-east-1.amazonaws.com/default-avatar.jpg
6a034c2435bf06475c27ae81,Gareth Gaskell,https://tedblade-public-assets.s3.us-east-1.amazonaws.com/default-avatar.jpg
6a034c2435bf06475c27aef1,Amy Green,https://pi.tedcdn.com/r/pe.tedcdn.com/images/ted/75590cabaea0b9263c3ec5df0c7214a3f3320149_254x191.jpg?w=255
6a034c245e700263ec4ad3a9,Anna Greka,https://pi.tedcdn.com/r/ted-conferences-speaker-photos-production.s3.amazonaws.com/dnvenll3qeq185ccyhsl8b19ofs4?w=255
6a034c2435bf06475c27af0e,Bob Woodward,https://pi.tedcdn.com/r/pe.tedcdn.com/images/ted/147cd142b73719c7f9051496efb45d8d82310eff_254x191.jpg?w=255
6a034c2435bf06475c27aebb,Myriam Sidibe,https://pi.tedcdn.com/r/ted-conferences-speaker-photos-production.s3.amazonaws.com/d3ehqotym1gtgpadsfqnwbo2pzu9?w=255
6a034c245e700263ec4ad3da,Joshua Foer,https://pi.tedcdn.com/r/pe.tedcdn.com/images/ted/94441ba7ba4dc5a51971f4f2e8cad2377e70c3a9_254x191.jpg?w=255
6a034c2435bf06475c27af3e,Doug Levinson,https://tedblade-public-assets.s3.us-east-1.amazonaws.com/default-avatar.jpg
6a034c245e700263ec4ad405,Rose Goslinga,https://pi.tedcdn.com/r/pe.tedcdn.com/images/ted/c82e523cb76e626cdfb6a3666dd803f7404a8015_254x191.jpg?w=255
6a034c2435bf06475c27aefd,Camille A. Brown,https://tedblade-public-assets.s3.us-east-1.amazonaws.com/default-avatar.jpg
6a034c2435bf06475c27af8e,Lisa Nip,https://pi.tedcdn.com/r/pe.tedcdn.com/images/ted/56bdc781e7d44064e75225111c29d958d916a067_254x191.jpg?w=255
6a034c2435bf06475c27af10,Boy Girl Banjo,https://tedblade-public-assets.s3.us-east-1.amazonaws.com/default-avatar.jpg
6a034c245e700263ec4ad40a,Seyi Oyesola,https://pi.tedcdn.com/r/pe.tedcdn.com/images/ted/43500_254x191.jpg?w=255
6a034c2435bf06475c27afa5,Millie Chu Baird,https://pi.tedcdn.com/r/ted-conferences-speaker-photos-production.s3.amazonaws.com/9b6qpqd3xxe8lpkcgy5bgvesaz4o?w=255
6a034c2435bf06475c27af39,Ethan Kross,https://pi.tedcdn.com/r/ted-conferences-speaker-photos-production.s3.amazonaws.com/mwj4nyfydw3er4ua2uufv8lrrg7m?w=255
6a034c24658f0b3b67d4a2a3,A. Dara Dotz,https://tedblade-public-assets.s3.us-east-1.amazonaws.com/default-avatar.jpg
6a034c2435bf06475c27afe0,Susan Etlinger,https://pi.tedcdn.com/r/pe.tedcdn.com/images/ted/a53e7b0b9f85f0debb63ac6973ea02a589bf046f_254x191.jpg?w=255
6a034c2435bf06475c27af42,Eli Beer,https://pi.tedcdn.com/r/pe.tedcdn.com/images/ted/72ca521e7fb771721304239204024ef28317f65d_254x191.jpg?w=255
6a034c2435bf06475c27affd,Twenty Thousand Hertz,https://tedblade-public-assets.s3.us-east-1.amazonaws.com/default-avatar.jpg
6a034c24658f0b3b67d4a331,Jeff Bezos,https://pi.tedcdn.com/r/pe.tedcdn.com/images/ted/3411_254x191.jpg?w=255
6a034c2435bf06475c27af51,Gopal D. Patel,https://tedblade-public-assets.s3.us-east-1.amazonaws.com/default-avatar.jpg
6a034c2435bf06475c27b060,Kim Scott,https://pi.tedcdn.com/r/ted-conferences-speaker-photos-production.s3.amazonaws.com/ukopas04pusytw4684t8o782wbg3?w=255
6a034c2435bf06475c27afb4,Michael Schur,https://pi.tedcdn.com/r/ted-conferences-speaker-photos-production.s3.amazonaws.com/bwt1h9lm0skim1zq66ozd4qi3a7v?w=255
6a034c24658f0b3b67d4a34f,Kelsey Leonard,https://pi.tedcdn.com/r/pe.tedcdn.com/images/ted/6a011a9d048fd5627ee8ab572b67a34efe012920_254x191.jpg?w=255
6a034c2435bf06475c27b06d,Michael Hendryx,https://pi.tedcdn.com/r/pe.tedcdn.com/images/ted/338cfd76eb70d546bdcb4f7da749fb2928935166_254x191.jpg?w=255
6a034c24658f0b3b67d4a36e,John Kasaona,https://pi.tedcdn.com/r/pe.tedcdn.com/images/ted/175653_254x191.jpg?w=255
6a034c2435bf06475c27b072,Mick Mountz,https://pi.tedcdn.com/r/pe.tedcdn.com/images/ted/c473c63042cd8351c6c07a482644a2c8208d2f3f_254x191.jpg?w=255
6a034c24658f0b3b67d4a374,Judy Brewer,https://tedblade-public-assets.s3.us-east-1.amazonaws.com/default-avatar.jpg
6a034c2435bf06475c27b0ae,Yuko Munakata,https://tedblade-public-assets.s3.us-east-1.amazonaws.com/default-avatar.jpg
6a034c2435bf06475c27afdd,Stew,https://pi.tedcdn.com/r/pe.tedcdn.com/images/ted/7607_254x191.jpg?w=255
6a034c24658f0b3b67d4a384,Lars Fæste,https://tedblade-public-assets.s3.us-east-1.amazonaws.com/default-avatar.jpg
6a034c2437e0c30f44bd1cd8,Georgette Bennett,https://pi.tedcdn.com/r/ted-conferences-speaker-photos-production.s3.amazonaws.com/jhouncurov4xns7bf8lfe29950hi?w=255
6a034c24658f0b3b67d4a3bc,Jean-Baptiste Michel,https://pi.tedcdn.com/r/pe.tedcdn.com/images/ted/21b51a2b8e78a17ed3145aed070ef5f5fdb40fd1_254x191.jpg?w=255
6a034c2437e0c30f44bd1cf3,Jonathan Morris,https://tedblade-public-assets.s3.us-east-1.amazonaws.com/default-avatar.jpg
6a034c24658f0b3b67d4a407,Mark Edwards,https://pi.tedcdn.com/r/ted-conferences-speaker-photos-production.s3.amazonaws.com/ub0klumqdcay19sbv0733w8il3rx?w=255
6a034c2437e0c30f44bd1d11,Peter Lorge,https://tedblade-public-assets.s3.us-east-1.amazonaws.com/default-avatar.jpg
6a034c24658f0b3b67d4a439,Phil Borges,https://pi.tedcdn.com/r/pe.tedcdn.com/images/ted/1377_254x191.jpg?w=255
6a034c2435bf06475c27b013,Apollo Robbins,https://pi.tedcdn.com/r/pe.tedcdn.com/images/ted/ba5140561992ef49d3edecde474aaa392350833b_254x191.jpg?w=255
6a034c2435bf06475c27ae89,Helen Czerski,https://pi.tedcdn.com/r/pe.tedcdn.com/images/ted/9d37bc437680aea01d9a5124004381cc5af4130e_254x191.jpg?w=255
6a034c2437e0c30f44bd1d53,Daniel H. Cohen,https://tedblade-public-assets.s3.us-east-1.amazonaws.com/default-avatar.jpg
6a034c245e700263ec4ad3ba,Daniel Levitin,https://pi.tedcdn.com/r/pe.tedcdn.com/images/ted/05e286731c43769d6d0b07337b39c6e488f58d35_254x191.jpg?w=255
6a034c2435bf06475c27aeb3,Max Little,https://pi.tedcdn.com/r/pe.tedcdn.com/images/ted/1f390e8f2f8a6b0aadff726c3908b3ef9994c9a1_254x191.jpg?w=255
6a034c2435bf06475c27ae69,Changhua Wu,https://pi.tedcdn.com/r/ted-conferences-speaker-photos-production.s3.amazonaws.com/7i3890vp6db9lusgwxqmcyt293wj?w=255
6a034c2435bf06475c27ae6f,Chris Kluwe,https://pi.tedcdn.com/r/pe.tedcdn.com/images/ted/3458fca5c1ccc961880b974ce8e6a785182ed3c7_254x191.jpg?w=255
6a034c2435bf06475c27aee4,A.J. Jacobs,https://tedblade-public-assets.s3.us-east-1.amazonaws.com/default-avatar.jpg
6a034c2435bf06475c27ae7a,Emily Esfahani Smith,https://pi.tedcdn.com/r/pe.tedcdn.com/images/ted/7ad915aed738551ab8798322660b80b3189bbeb9_254x191.jpg?w=255
6a034c2435bf06475c27af1a,Christen Reighter,https://pi.tedcdn.com/r/pe.tedcdn.com/images/ted/3bdd565eef054d4e955cb1af2560af907d663fd6_254x191.jpg?w=255
6a034c2435bf06475c27ae95,Joan C. Williams,https://tedblade-public-assets.s3.us-east-1.amazonaws.com/default-avatar.jpg
6a034c2435bf06475c27af3f,Farida Nabourema,https://pi.tedcdn.com/r/pe.tedcdn.com/images/ted/73ca5ae0efad23c7f2cdec2ea8705d88d366b273_254x191.jpg?w=255
6a034c2435bf06475c27ae96,Joel Selanikio,https://pi.tedcdn.com/r/pe.tedcdn.com/images/ted/81ae0017613583ac2e462c99a7ac99c04761416e_254x191.jpg?w=255
6a034c2435bf06475c27af53,Gwynne Shotwell,https://pi.tedcdn.com/r/pe.tedcdn.com/images/ted/1ed941b7d96b0674040bbe830f9b1d78275196e8_254x191.jpg?w=255
6a034c2437e0c30f44bd1d5a,David Miliband,https://pi.tedcdn.com/r/pe.tedcdn.com/images/ted/2e7740aa3231ba2c4400d950631770dcceeeaf62_254x191.jpg?w=255
6a034c2435bf06475c27aea5,Kevin J. Krizek,https://tedblade-public-assets.s3.us-east-1.amazonaws.com/default-avatar.jpg
6a034c2435bf06475c27af9c,Matthew Childs,https://pi.tedcdn.com/r/pe.tedcdn.com/images/ted/84346_254x191.jpg?w=255
6a034c2435bf06475c27aea7,Larry Lagerstrom,https://tedblade-public-assets.s3.us-east-1.amazonaws.com/default-avatar.jpg
6a034c2435bf06475c27afe2,Suzanne Talhouk,https://pi.tedcdn.com/r/pe.tedcdn.com/images/ted/7a5f3f7d66dfeddf3488193513658f18d3cda4dd_254x191.jpg?w=255
6a034c2437e0c30f44bd1db2,Amory Lovins,https://pi.tedcdn.com/r/pe.tedcdn.com/images/ted/22152_254x191.jpg?w=255
6a034c2435bf06475c27b026,David Autor,https://pi.tedcdn.com/r/pe.tedcdn.com/images/ted/aab5604a56425fa681754573dca1f988e86e34b4_254x191.jpg?w=255
6a034c2435bf06475c27aee0, Particle Ink,https://pi.tedcdn.com/r/ted-conferences-speaker-photos-production.s3.amazonaws.com/cq8hhhrjfdz0jng3mwbfp7ehy2og?w=255
6a034c2435bf06475c27b007,Zoya Lytvyn,https://pi.tedcdn.com/r/ted-conferences-speaker-photos-production.s3.amazonaws.com/3xp26t84y6ebir44tnedm4qnhtno?w=255
6a034c2437e0c30f44bd1db8,Neil Burgess,https://pi.tedcdn.com/r/pe.tedcdn.com/images/ted/eb539d0ca8a32909718b118b278fb60d070de86e_254x191.jpg?w=255
6a034c2435bf06475c27b037,Eduardo Sáenz de Cabezón,https://pi.tedcdn.com/r/pe.tedcdn.com/images/ted/47f7a8c6e799555bd70c79258bc28cbcaf5cb012_254x191.jpg?w=255
6a034c2435bf06475c27b00e,Amy Herman,https://pi.tedcdn.com/r/pe.tedcdn.com/images/ted/c268416fda9a51a1696085554d02e25ecb67896f_254x191.jpg?w=255
6a034c24658f0b3b67d4a444, Shawnee,https://tedblade-public-assets.s3.us-east-1.amazonaws.com/default-avatar.jpg
6a034c2435bf06475c27b039,Elon Musk,https://pi.tedcdn.com/r/ted-conferences-speaker-photos-production.s3.amazonaws.com/c9bzt1ahc9iv09uth9oepbetmsuc?w=255
6a034c2435bf06475c27b042,Francisca Mutapi,https://pi.tedcdn.com/r/pe.tedcdn.com/images/ted/6fed620158e95dd4003e4e5e350c61856c6b2157_254x191.jpg?w=255
6a034c2437e0c30f44bd1e0e,Edi Rama,https://pi.tedcdn.com/r/pe.tedcdn.com/images/ted/53d213019bdc913265ceb1a23f3172fbb72bd553_254x191.jpg?w=255
6a034c2435bf06475c27b080,Paolo Cardini,https://pi.tedcdn.com/r/pe.tedcdn.com/images/ted/52ee378b59928e577aff53cf5ef20f85f29d9f16_254x191.jpg?w=255
6a034c2437e0c30f44bd1e16,Hector Lanz,https://tedblade-public-assets.s3.us-east-1.amazonaws.com/default-avatar.jpg
6a034c2435bf06475c27b085,Ravin Agrawal,https://pi.tedcdn.com/r/pe.tedcdn.com/images/ted/142966_254x191.jpg?w=255
6a034c24658f0b3b67d4a44e,Sarah Bergbreiter,https://pi.tedcdn.com/r/pe.tedcdn.com/images/ted/1b35f09b9b4437cd84a835258aeb35025588c514_254x191.jpg?w=255
6a034c2435bf06475c27b03e,Eric Garcetti,https://pi.tedcdn.com/r/pe.tedcdn.com/images/ted/ae4daa835cac001974e567756b7c0870c9fbc12e_254x191.jpg?w=255
6a034c2437e0c30f44bd1e17,Travis Rieder,https://pi.tedcdn.com/r/pe.tedcdn.com/images/ted/8fdbf085492b1a5ee9ca1fa4ce2bc4ebc50cfb5c_254x191.jpg?w=255
6a034c2435bf06475c27b0a1,Tali Sharot,https://pi.tedcdn.com/r/pe.tedcdn.com/images/ted/d1a7eb8065eed9941b80ff999a75959ebc78ef85_254x191.jpg?w=255
6a034c24658f0b3b67d4a461,Ashwini Mrinal Bhagat,https://tedblade-public-assets.s3.us-east-1.amazonaws.com/default-avatar.jpg
6a034c2435bf06475c27b063,Lauren Pharr,https://pi.tedcdn.com/r/pe.tedcdn.com/images/ted/ad5bc88f32d530fe3b9c2e8b518ad72c7284612a_254x191.jpg?w=255
6a034c2437e0c30f44bd1e38,Jean-Baptiste Michel + Erez Lieberman Aiden,https://tedblade-public-assets.s3.us-east-1.amazonaws.com/default-avatar.jpg
6a034c2437e0c30f44bd1cb5,Beatrice K. Otto,https://tedblade-public-assets.s3.us-east-1.amazonaws.com/default-avatar.jpg
6a034c24658f0b3b67d4a4aa,Inhi Cho Suh,https://tedblade-public-assets.s3.us-east-1.amazonaws.com/default-avatar.jpg
6a034c2435bf06475c27aef2,Anika Hazra,https://tedblade-public-assets.s3.us-east-1.amazonaws.com/default-avatar.jpg
6a034c2435bf06475c27b09a,Spencer J. Cox,https://tedblade-public-assets.s3.us-east-1.amazonaws.com/default-avatar.jpg
6a034c2437e0c30f44bd1e3d,Jeff Hancock,https://pi.tedcdn.com/r/pe.tedcdn.com/images/ted/cb6b5ac380aff0fbf6c14211c6d0a79930fbfb75_254x191.jpg?w=255
6a034c24658f0b3b67d4a4b6,Jessica Whited,https://tedblade-public-assets.s3.us-east-1.amazonaws.com/default-avatar.jpg
6a034c2437e0c30f44bd1ce0,Itay Talgam,https://pi.tedcdn.com/r/pe.tedcdn.com/images/ted/d17df5710271a9f717e2fd4052ae45bd90c71dcc_254x191.jpg?w=255
6a034c2437e0c30f44bd1cb1,Ann Curry,https://tedblade-public-assets.s3.us-east-1.amazonaws.com/default-avatar.jpg
6a034c2435bf06475c27af4e,Hailey Hardcastle,https://pi.tedcdn.com/r/pe.tedcdn.com/images/ted/c5a7cfa568b50f5f30c2907ac157f802565f8103_254x191.jpg?w=255
6a034c2437e0c30f44bd1e75,Liam Young,https://pi.tedcdn.com/r/pe.tedcdn.com/images/ted/bc001349e1ac7a434cd717ace1576e44d98ce4e2_254x191.jpg?w=255
6a034c249bbcd05aa3165a85,Aaron Koblin,https://pi.tedcdn.com/r/pe.tedcdn.com/images/ted/f5dd915dfbc45a4d6e4d214b79a10a2eae43120f_254x191.jpg?w=255
6a034c2437e0c30f44bd1cea,Jeff Dekofsky,https://tedblade-public-assets.s3.us-east-1.amazonaws.com/default-avatar.jpg
6a034c2437e0c30f44bd1cda,Gregory Stock,https://pi.tedcdn.com/r/pe.tedcdn.com/images/ted/002b43e906bc28e73f30606420d9355c9ada1724_254x191.jpg?w=255
6a034c2435bf06475c27af73,Jessica Kerr,https://pi.tedcdn.com/r/pe.tedcdn.com/images/ted/6003af0b54fdc2a8fd73d4b48f857dd5169d1c97_254x191.jpg?w=255
6a034c2437e0c30f44bd1e85,Melinda Gates,https://tedblade-public-assets.s3.us-east-1.amazonaws.com/default-avatar.jpg
6a034c2437e0c30f44bd1ced,Jim Fallon,https://pi.tedcdn.com/r/pe.tedcdn.com/images/ted/68e823f3276d17025e12d3d9c7e4f48bef3ea42e_254x191.jpg?w=255
6a034c2437e0c30f44bd1cf4,Joshua Walters,https://pi.tedcdn.com/r/pe.tedcdn.com/images/ted/14a7d9ebc3653c51dee45c79b7019de996ffb4a2_254x191.jpg?w=255
6a034c249bbcd05aa3165ab1,Freeman Dyson,https://pi.tedcdn.com/r/pe.tedcdn.com/images/ted/48583_254x191.jpg?w=255
6a034c2435bf06475c27af7e,Justin Davidson,https://pi.tedcdn.com/r/pe.tedcdn.com/images/ted/8ae33f1726aa254214b5c667bbe9383acba558b0_254x191.jpg?w=255
6a034c2437e0c30f44bd1e92,Rich Benjamin,https://pi.tedcdn.com/r/ted-conferences-speaker-photos-production.s3.amazonaws.com/hyyia0w9bntoefgf5yuzeoxj0r3r?w=255
6a034c2437e0c30f44bd1d96,Ben Wellington,https://pi.tedcdn.com/r/pe.tedcdn.com/images/ted/b1dfbe2af1673307868d5778458fbd09fe6b2c76_254x191.jpg?w=255
6a034c2435bf06475c27af8c,Li Wei Tan,https://pi.tedcdn.com/r/pe.tedcdn.com/images/ted/b043c5e8f90fe5c23f8b19dbec5473ce96b165a3_254x191.jpg?w=255
6a034c249bbcd05aa3165aba,Jack Sinclair,https://tedblade-public-assets.s3.us-east-1.amazonaws.com/default-avatar.jpg
6a034c2437e0c30f44bd1d07,Nathan Wolfe,https://pi.tedcdn.com/r/pe.tedcdn.com/images/ted/80326_254x191.jpg?w=255
6a034c2437e0c30f44bd1ea2,Sam Van Aken,https://pi.tedcdn.com/r/pe.tedcdn.com/images/ted/d2ca4a6e71d6a0364339837bae8fb8e5a2675a3d_254x191.jpg?w=255
6a034c2437e0c30f44bd1daa,Aditi Gupta,https://pi.tedcdn.com/r/pe.tedcdn.com/images/ted/83aa410feb30e29d150b127937da08fc53229513_254x191.jpg?w=255
6a034c2437e0c30f44bd1d40,Antonio Machado-Allison,https://tedblade-public-assets.s3.us-east-1.amazonaws.com/default-avatar.jpg
6a034c2435bf06475c27afbb,Mitchell Joachim,https://pi.tedcdn.com/r/pe.tedcdn.com/images/ted/181023_254x191.jpg?w=255
6a034c249bbcd05aa3165ac0,Jason Pontin,https://pi.tedcdn.com/r/pe.tedcdn.com/images/ted/ae602efeef03d08624b80a802eafa74fa5b69e75_254x191.jpg?w=255
6a034c2437e0c30f44bd1ea9,Sarah Sze,https://pi.tedcdn.com/r/pe.tedcdn.com/images/ted/a96c39e3a9c9f0c010ed81769291026498b69f3c_254x191.jpg?w=255
6a034c2437e0c30f44bd1de4,Bryan Kett,https://tedblade-public-assets.s3.us-east-1.amazonaws.com/default-avatar.jpg
6a034c2437e0c30f44bd1d52,Dan Clay,https://pi.tedcdn.com/r/pe.tedcdn.com/images/ted/37376645058dd13baae07101b93ff5792cb64e18_254x191.jpg?w=255
6a034c2435bf06475c27afc8,Nikki Clifton,https://pi.tedcdn.com/r/pe.tedcdn.com/images/ted/4dc100946bbf00437f22b766d326e662d9f7e1af_254x191.jpg?w=255
6a034c249bbcd05aa3165ae2,Morten Bo Christiansen,https://pi.tedcdn.com/r/ted-conferences-speaker-photos-production.s3.amazonaws.com/5tytzqxs50uscht56rrs4t4ibdgb?w=255
6a034c245e700263ec4ad20f,George T. Whitesides,https://tedblade-public-assets.s3.us-east-1.amazonaws.com/default-avatar.jpg
6a034c2437e0c30f44bd1e0b,Gabriela González,https://pi.tedcdn.com/r/pe.tedcdn.com/images/ted/d9eb6f9241757a4f249fe273a27d115abc1ac721_254x191.jpg?w=255
6a034c2437e0c30f44bd1d75,Jinha Lee,https://pi.tedcdn.com/r/pe.tedcdn.com/images/ted/f40d310d3153c12bb47d1a211c9dccff3ff1f94c_254x191.jpg?w=255
6a034c249bbcd05aa3165b1c,Dan Meyer,https://pi.tedcdn.com/r/pe.tedcdn.com/images/ted/170185_254x191.jpg?w=255
6a034c2435bf06475c27afd4,Regina Hartley,https://pi.tedcdn.com/r/pe.tedcdn.com/images/ted/e55e9022ba4f62a14f5c1a45b2e0de65bcb85be9_254x191.jpg?w=255
6a034c245e700263ec4ad225,Joshua Harvey,https://tedblade-public-assets.s3.us-east-1.amazonaws.com/default-avatar.jpg
6a034c245e700263ec4ad3bc,Daniela Rus,https://pi.tedcdn.com/r/ted-conferences-speaker-photos-production.s3.amazonaws.com/8t9fn6tgoscsq5t57nkrynj3mhja?w=255
6a034c2435bf06475c27afd6,Rhaina Cohen,https://pi.tedcdn.com/r/ted-conferences-speaker-photos-production.s3.amazonaws.com/smaniwcnc5awbrk9el5f2j23sxzw?w=255
6a034c2437e0c30f44bd1e84,Patricia Kuhl,https://pi.tedcdn.com/r/pe.tedcdn.com/images/ted/07250469ae2f9e96748157eb2f1ca513988b3e72_254x191.jpg?w=255
6a034c245e700263ec4ad3cf,Jackie Tabick,https://pi.tedcdn.com/r/pe.tedcdn.com/images/ted/660f9b85c00b78ac97edf5326223af12334d84c2_254x191.jpg?w=255
6a034c2435bf06475c27afdc,Robert Swan,https://pi.tedcdn.com/r/pe.tedcdn.com/images/ted/97ac00c5ef241737bb9fb4e0fe9bc1f0d555624e_254x191.jpg?w=255
6a034c245e700263ec4ad3e1,Kola Masha,https://pi.tedcdn.com/r/pe.tedcdn.com/images/ted/6f3a6fc3e9b2b4045f41ed2e67c585c7d0a5bf25_254x191.jpg?w=255
6a034c2435bf06475c27afe8,Thasunda Duckett,https://pi.tedcdn.com/r/pe.tedcdn.com/images/ted/9bfec28863cd2fed0a85cd701281a6a097c72c55_254x191.jpg?w=255
6a034c2435bf06475c27b006,Wilton L. Virgo,https://tedblade-public-assets.s3.us-east-1.amazonaws.com/default-avatar.jpg
6a034c245e700263ec4ad3e6,Lina Marieth Hoyos,https://tedblade-public-assets.s3.us-east-1.amazonaws.com/default-avatar.jpg
6a034c2435bf06475c27b021,Craig Zimmer,https://tedblade-public-assets.s3.us-east-1.amazonaws.com/default-avatar.jpg
6a034c245e700263ec4ad3f5,Patrick McGinnis,https://pi.tedcdn.com/r/pe.tedcdn.com/images/ted/a8fda44dfcd62bc71c6e338f434c1609643d570a_254x191.jpg?w=255
6a034c2435bf06475c27b033,Don Levy,https://pi.tedcdn.com/r/pe.tedcdn.com/images/ted/c8098c366390916657ca6479e54a4ef33a49ce6a_254x191.jpg?w=255
6a034c24658f0b3b67d4a2a7,Adam Carroll,https://tedblade-public-assets.s3.us-east-1.amazonaws.com/default-avatar.jpg
6a034c2435bf06475c27b059,Kara Logan Berlin,https://pi.tedcdn.com/r/pe.tedcdn.com/images/ted/a32f7247ecaffacc74b1ee5a176a0ba383992f73_254x191.jpg?w=255
6a034c24658f0b3b67d4a2db,Dasha Savage,https://tedblade-public-assets.s3.us-east-1.amazonaws.com/default-avatar.jpg
6a034c2435bf06475c27b074,Monica Menesini,https://tedblade-public-assets.s3.us-east-1.amazonaws.com/default-avatar.jpg
6a034c24658f0b3b67d4a2fb,Elizabeth Loftus,https://pi.tedcdn.com/r/pe.tedcdn.com/images/ted/1b6c8e6eabed053cd394d926165148c2312c1601_254x191.jpg?w=255
6a034c2437e0c30f44bd1caf,Angela Mahecha Adrar,https://pi.tedcdn.com/r/pe.tedcdn.com/images/ted/90aea44bdcad03acbe460820f4dc04271f25cae9_254x191.jpg?w=255
6a034c2437e0c30f44bd1e9f,Sam Kass,https://pi.tedcdn.com/r/ted-conferences-speaker-photos-production.s3.amazonaws.com/blrdc6ysst1d48heod5hef5z0feb?w=255
6a034c24658f0b3b67d4a316,Chin-Teng Lin,https://tedblade-public-assets.s3.us-east-1.amazonaws.com/default-avatar.jpg
6a034c2437e0c30f44bd1cba,Cara Greene Epstein,https://tedblade-public-assets.s3.us-east-1.amazonaws.com/default-avatar.jpg
6a034c245e700263ec4ad1e7, The Merian Ensemble,https://tedblade-public-assets.s3.us-east-1.amazonaws.com/default-avatar.jpg
6a034c24658f0b3b67d4a31a,Dan Bricklin,https://pi.tedcdn.com/r/pe.tedcdn.com/images/ted/8d729823cc786cd0062157fe1a15f4f085d48a30_254x191.jpg?w=255
6a034c2437e0c30f44bd1d23,Stephanie Honchell Smith,https://tedblade-public-assets.s3.us-east-1.amazonaws.com/default-avatar.jpg
6a034c24658f0b3b67d4a3db,Su Santidad el Papa Francisco,https://tedblade-public-assets.s3.us-east-1.amazonaws.com/default-avatar.jpg
6a034c245e700263ec4ad1f6,Charles Limb,https://pi.tedcdn.com/r/pe.tedcdn.com/images/ted/75768c04b1affd1726869ff2e1086ef3a4b4a00a_254x191.jpg?w=255
6a034c24658f0b3b67d4a44f,Ami Angelowicz,https://tedblade-public-assets.s3.us-east-1.amazonaws.com/default-avatar.jpg
6a034c2437e0c30f44bd1d4e,Colm Kelleher,https://tedblade-public-assets.s3.us-east-1.amazonaws.com/default-avatar.jpg
6a034c245e700263ec4ad1fe,David Agus,https://pi.tedcdn.com/r/pe.tedcdn.com/images/ted/146613_254x191.jpg?w=255
6a034c24658f0b3b67d4a474,Charlie Jane Anders,https://pi.tedcdn.com/r/pe.tedcdn.com/images/ted/e7db36796543e3203b48db061fb4555c27b1cd0d_254x191.jpg?w=255
6a034c2437e0c30f44bd1d62,Faheem Curtis-Khidr,https://tedblade-public-assets.s3.us-east-1.amazonaws.com/default-avatar.jpg
6a034c2437e0c30f44bd1d7b,Addison Anderson,https://tedblade-public-assets.s3.us-east-1.amazonaws.com/default-avatar.jpg
6a034c24658f0b3b67d4a491,Valorie Kondos Field,https://pi.tedcdn.com/r/pe.tedcdn.com/images/ted/ec5473f693469bad123bb6bca6d830fb74d71d92_254x191.jpg?w=255
6a034c24658f0b3b67d4a4bf,Ken Chenault,https://pi.tedcdn.com/r/ted-conferences-speaker-photos-production.s3.amazonaws.com/Un7DTFofhGAvLckj7zFxDU8e?w=255
6a034c24658f0b3b67d4a4dc,Musimbi Kanyoro,https://pi.tedcdn.com/r/pe.tedcdn.com/images/ted/71a4d74cddcf2a1dc4e9f2e7bce3c9112c0c59fd_254x191.jpg?w=255
6a034c24658f0b3b67d4a4fa,Thomas Hellum,https://pi.tedcdn.com/r/pe.tedcdn.com/images/ted/e2c142e3031065e6b247821b48cda36d44ed2856_254x191.jpg?w=255
6a034c24658f0b3b67d4a4fe,Timothy Graf,https://tedblade-public-assets.s3.us-east-1.amazonaws.com/default-avatar.jpg
6a034c24658f0b3b67d4a500,Tom Schuler,https://pi.tedcdn.com/r/pe.tedcdn.com/images/ted/81ed54dfe1f6edf04443d2bcbb5fbbfd51f2a370_254x191.jpg?w=255
6a034c249bbcd05aa3165a81, Jerusalem Youth Chorus,https://pi.tedcdn.com/r/ted-conferences-speaker-photos-production.s3.amazonaws.com/mh0uutsd93ct1xyvvip5xgvfrpbv?w=255
6a034c245e700263ec4ad249,Olivia Tyler,https://tedblade-public-assets.s3.us-east-1.amazonaws.com/default-avatar.jpg
6a034c2437e0c30f44bd1db0,America Ferrera,https://pi.tedcdn.com/r/pe.tedcdn.com/images/ted/03b29823267906f4cd39e29281778f0937f4b5e8_254x191.jpg?w=255
6a034c249bbcd05aa3165a9b,Chetna Gala Sinha,https://tedblade-public-assets.s3.us-east-1.amazonaws.com/default-avatar.jpg
6a034c245e700263ec4ad251,Ross Lovegrove,https://pi.tedcdn.com/r/pe.tedcdn.com/images/ted/1410_254x191.jpg?w=255
6a034c249bbcd05aa3165abb,Jacqueline DiBiasie-Sammons,https://tedblade-public-assets.s3.us-east-1.amazonaws.com/default-avatar.jpg
6a034c2437e0c30f44bd1dba,Noah Raford,https://pi.tedcdn.com/r/ted-conferences-speaker-photos-production.s3.amazonaws.com/0t3yfmn645yqj1jjni5sxkrv1erl?w=255
6a034c245e700263ec4ad2b4,Dean Furness,https://pi.tedcdn.com/r/pe.tedcdn.com/images/ted/976bd6e7c3bdb7acd8eb3e36da969599e8485043_254x191.jpg?w=255
6a034c249bbcd05aa3165ad1,Kiran Bedi,https://tedblade-public-assets.s3.us-east-1.amazonaws.com/default-avatar.jpg
6a034c2437e0c30f44bd1dd2,Punya Mishra,https://pi.tedcdn.com/r/ted-conferences-speaker-photos-production.s3.amazonaws.com/3lp9c552i9vf1qt4d3or0l9hwq5r?w=255
6a034c245e700263ec4ad2ba,Dorsa Amir,https://tedblade-public-assets.s3.us-east-1.amazonaws.com/default-avatar.jpg
6a034c249bbcd05aa3165ad6,Lorraine Lisiecki,https://tedblade-public-assets.s3.us-east-1.amazonaws.com/default-avatar.jpg
6a034c2437e0c30f44bd1dfc,Eric Berridge,https://pi.tedcdn.com/r/pe.tedcdn.com/images/ted/dae5d528e626b5e4997bd153f8ed71b4f3a39a7a_254x191.jpg?w=255
6a034c245e700263ec4ad2bc,Dr. Natascha M. Santos,https://tedblade-public-assets.s3.us-east-1.amazonaws.com/default-avatar.jpg
6a034c2437e0c30f44bd1dfe,David Casarett,https://pi.tedcdn.com/r/pe.tedcdn.com/images/ted/d76bc7dd25c62165a6fffa9669dbf271b294adca_254x191.jpg?w=255
6a034c245e700263ec4ad2e4,Ioannis Papachimonas,https://tedblade-public-assets.s3.us-east-1.amazonaws.com/default-avatar.jpg
6a034c249bbcd05aa3165add,Mark Bittman,https://pi.tedcdn.com/r/pe.tedcdn.com/images/ted/41941_254x191.jpg?w=255
6a034c2437e0c30f44bd1e0d,Thomas Heatherwick,https://pi.tedcdn.com/r/ted-conferences-speaker-photos-production.s3.amazonaws.com/66if3wpsddvgp6msoecelmqs0lj7?w=255
6a034c245e700263ec4ad320,Markus Lorenz,https://tedblade-public-assets.s3.us-east-1.amazonaws.com/default-avatar.jpg
6a034c2437e0c30f44bd1e18,Erica Frenkel,https://pi.tedcdn.com/r/pe.tedcdn.com/images/ted/d22b9aaa33c0fca887ada189d47a6874f96706ab_254x191.jpg?w=255
6a034c245e700263ec4ad330,Miho Janvier,https://pi.tedcdn.com/r/pe.tedcdn.com/images/ted/a358d8f85656d7b74ead0ae1dcc32174c0f7bfd5_254x191.jpg?w=255
6a034c2437e0c30f44bd1e1d,Eve Abrams,https://pi.tedcdn.com/r/pe.tedcdn.com/images/ted/a44c1ad1a2edc7145c5411ee87f71f8682805524_254x191.jpg?w=255
6a034c249bbcd05aa3165ae8,Nora Flanagan,https://pi.tedcdn.com/r/pe.tedcdn.com/images/ted/302541e186820c5245d3980119efc7f599c133da_254x191.jpg?w=255
6a034c245e700263ec4ad34a,Oliver Sacks,https://pi.tedcdn.com/r/pe.tedcdn.com/images/ted/116021_254x191.jpg?w=255
6a034c2437e0c30f44bd1e2b,Ivan Poupyrev,https://pi.tedcdn.com/r/pe.tedcdn.com/images/ted/d2609af9086c7ecd40e85eff31bd57253a3a1a03_254x191.jpg?w=255
6a034c249bbcd05aa3165af0,Raye Zaragoza,https://tedblade-public-assets.s3.us-east-1.amazonaws.com/default-avatar.jpg
6a034c245e700263ec4ad361,Richard E. Cytowic,https://tedblade-public-assets.s3.us-east-1.amazonaws.com/default-avatar.jpg
6a034c2437e0c30f44bd1e5d,Katie Hinde,https://pi.tedcdn.com/r/pe.tedcdn.com/images/ted/b47357f8ef2efbd5261c33151461f89c8d950fe8_254x191.jpg?w=255
6a034c249bbcd05aa3165b01,Alberto Garín,https://tedblade-public-assets.s3.us-east-1.amazonaws.com/default-avatar.jpg
6a034c245e700263ec4ad362,Rosie King,https://pi.tedcdn.com/r/pe.tedcdn.com/images/ted/562adacf9d7920f5de74a4edd95f5a69dba1c9df_254x191.jpg?w=255
6a034c2437e0c30f44bd1ecc,"Xiaojun ""Tom"" Wang",https://tedblade-public-assets.s3.us-east-1.amazonaws.com/default-avatar.jpg
6a034c249bbcd05aa3165b10,Candice Neveu,https://pi.tedcdn.com/r/ted-conferences-speaker-photos-production.s3.amazonaws.com/yyw1yfo89594z1gw65p52bhkwex1?w=255
6a034c2437e0c30f44bd1d9b,Mark Applebaum,https://pi.tedcdn.com/r/pe.tedcdn.com/images/ted/436c6130370fb58daf4994dd457146489077fe77_254x191.jpg?w=255
6a034c245e700263ec4ad36e,Sheila Ngozi Oparaocha,https://pi.tedcdn.com/r/ted-conferences-speaker-photos-production.s3.amazonaws.com/zs1xqepnlqk93vq1ux9tyzbdt8jq?w=255
6a034c245e700263ec4ad202,Derek Sarno,https://tedblade-public-assets.s3.us-east-1.amazonaws.com/default-avatar.jpg
6a034c249bbcd05aa3165b79,Philip A. Chan,https://tedblade-public-assets.s3.us-east-1.amazonaws.com/default-avatar.jpg
6a034c245e700263ec4ad3ff,Robert Lang,https://pi.tedcdn.com/r/pe.tedcdn.com/images/ted/50194_254x191.jpg?w=255
6a034c245e700263ec4ad24f,Rick Smolan,https://pi.tedcdn.com/r/pe.tedcdn.com/images/ted/47411_254x191.jpg?w=255
6a034c2437e0c30f44bd1dc6,Paul S. Kindstedt,https://tedblade-public-assets.s3.us-east-1.amazonaws.com/default-avatar.jpg
6a034c249bbcd05aa3165ba7,Daniel Krawczyk,https://tedblade-public-assets.s3.us-east-1.amazonaws.com/default-avatar.jpg
6a034c245e700263ec4ad253,Sakinah Hofler,https://pi.tedcdn.com/r/pe.tedcdn.com/images/ted/a617b59a6b41b5caafc466fbf0e6e32963cb3239_254x191.jpg?w=255
6a034c24658f0b3b67d4a2c2,Ayelet Fishbach,https://pi.tedcdn.com/r/ted-conferences-speaker-photos-production.s3.amazonaws.com/543armknw76vgbw8ni33mhp5cnfs?w=255
6a034c249bbcd05aa3165bcd,Yat Siu,https://pi.tedcdn.com/r/ted-conferences-speaker-photos-production.s3.amazonaws.com/cbpquuxgfh9rozx0pr7o3or4wrjk?w=255
6a034c2437e0c30f44bd1dd3,Cleo Wade,https://pi.tedcdn.com/r/pe.tedcdn.com/images/ted/48087b3ecd399b2b91d456fd7670575af63d892a_254x191.jpg?w=255
6a034c245e700263ec4ad2a6,Colombe Cahen-Salvador,https://pi.tedcdn.com/r/pe.tedcdn.com/images/ted/68b3a580658d5528b5efa2ae506391793fb43e02_254x191.jpg?w=255
6a034c24658f0b3b67d4a33a,Erika Debenedictis,https://tedblade-public-assets.s3.us-east-1.amazonaws.com/default-avatar.jpg
6a034c249bbcd05aa3165bf0,Magnus Larsson,https://pi.tedcdn.com/r/pe.tedcdn.com/images/ted/132182_254x191.jpg?w=255
6a034c2437e0c30f44bd1dde,Bright Simons,https://pi.tedcdn.com/r/pe.tedcdn.com/images/ted/288f323aae616f0bd39372510c9e1404328606d6_254x191.jpg?w=255
6a034c24658f0b3b67d4a33f,Jonathan Smith,https://tedblade-public-assets.s3.us-east-1.amazonaws.com/default-avatar.jpg
6a034c249bbcd05aa3165c19,Tavi Gevinson,https://pi.tedcdn.com/r/pe.tedcdn.com/images/ted/01dde621b869a77a2de9073d2f8c7c7ba8f40631_254x191.jpg?w=255
6a034c2437e0c30f44bd1df4,Craig Thomson,https://tedblade-public-assets.s3.us-east-1.amazonaws.com/default-avatar.jpg
6a034c24658f0b3b67d4a348,Kathryn A. Whitehead,https://tedblade-public-assets.s3.us-east-1.amazonaws.com/default-avatar.jpg
6a034c249bbcd05aa3165c2b,Catarina Mota,https://pi.tedcdn.com/r/pe.tedcdn.com/images/ted/5fb7fd1b43bde8ca7d12295689d48ccead9bd66c_254x191.jpg?w=255
6a034c249bbcd05aa3165b34,Guntur V. Subbarao,https://tedblade-public-assets.s3.us-east-1.amazonaws.com/default-avatar.jpg
6a034c24658f0b3b67d4a378,Justin Hall-Tipping,https://pi.tedcdn.com/r/pe.tedcdn.com/images/ted/454e3dee2db3d28f97774307f91ad22c67046fdf_254x191.jpg?w=255
6a034c2437e0c30f44bd1e80,Oak Felder,https://tedblade-public-assets.s3.us-east-1.amazonaws.com/default-avatar.jpg
6a034c249bbcd05aa3165c2c,Chris Bennett,https://pi.tedcdn.com/r/pe.tedcdn.com/images/ted/e1d88b19b93effe2e96eed208ac6b94137da0d3e_254x191.jpg?w=255
6a034c249bbcd05aa3165b5f,Ludwick Marishane,https://pi.tedcdn.com/r/pe.tedcdn.com/images/ted/69681c5648d2ad67301e9b91cd55064f434e2b00_254x191.jpg?w=255
6a034c245e700263ec4ad2a8,Dan Sayers,https://tedblade-public-assets.s3.us-east-1.amazonaws.com/default-avatar.jpg
6a034c2437e0c30f44bd1e8b,Michael C. Bush,https://tedblade-public-assets.s3.us-east-1.amazonaws.com/default-avatar.jpg
6a034c24658f0b3b67d4a38b,Laurie Garrett,https://pi.tedcdn.com/r/pe.tedcdn.com/images/ted/86428_254x191.jpg?w=255
6a034c249bbcd05aa3165c4f,Helen M. Farrell,https://tedblade-public-assets.s3.us-east-1.amazonaws.com/default-avatar.jpg
6a034c245e700263ec4ad2c3,Emily Levesque,https://pi.tedcdn.com/r/pe.tedcdn.com/images/ted/586408a497cf269e8778029dd8c8ba6436a7a286_254x191.jpg?w=255
6a034c249bbcd05aa3165b77,Per Espen Stoknes,https://pi.tedcdn.com/r/pe.tedcdn.com/images/ted/3c9dab23ad2679482ba770a260d5ce90b107afaa_254x191.jpg?w=255
6a034c2437e0c30f44bd1eef,Yongey Mingyur Rinpoche,https://pi.tedcdn.com/r/ted-conferences-speaker-photos-production.s3.amazonaws.com/p558bptohgvdpsyosuh3ipaebsoy?w=255
6a034c24658f0b3b67d4a39e,Melinda Babits,https://tedblade-public-assets.s3.us-east-1.amazonaws.com/default-avatar.jpg
6a034c249bbcd05aa3165c6b,Leo Q. Wan,https://tedblade-public-assets.s3.us-east-1.amazonaws.com/default-avatar.jpg
6a034c245e700263ec4ad24b,Peachy Liv,https://pi.tedcdn.com/r/pe.tedcdn.com/images/ted/e62794dbac16a0aed6e7ba239ebc323c21a4dd65_254x191.jpg?w=255
6a034c249bbcd05aa3165c8b,Sebastian Kraves,https://pi.tedcdn.com/r/pe.tedcdn.com/images/ted/62245da2b51e6b6f0ed55142dff8e4a9d268fd67_254x191.jpg?w=255
6a034c249bbcd05aa3165c8c,Sergey Brin + Larry Page,https://tedblade-public-assets.s3.us-east-1.amazonaws.com/default-avatar.jpg
6a034c24b9e30957c438898b,Adrienne Mayor,https://tedblade-public-assets.s3.us-east-1.amazonaws.com/default-avatar.jpg
6a034c24b9e30957c43889ab,Boris Hesser,https://tedblade-public-assets.s3.us-east-1.amazonaws.com/default-avatar.jpg
6a034c24b9e30957c43889dc,Kevin Allocca,https://pi.tedcdn.com/r/pe.tedcdn.com/images/ted/a1af8b5f15e845f33101205e906f6e82a604698e_254x191.jpg?w=255
6a034c24b9e30957c43889f5,Giles Duley,https://pi.tedcdn.com/r/pe.tedcdn.com/images/ted/62ccb581ad3627364601b03a2ec8c463aff59a3f_254x191.jpg?w=255
6a034c24b9e30957c4388a0a,David Gruber,https://pi.tedcdn.com/r/pe.tedcdn.com/images/ted/683f9933e0931252ab57ab71ec1ea87d56bcefc4_254x191.jpg?w=255
6a034c24b9e30957c4388a26,Taylor Wilson,https://pi.tedcdn.com/r/pe.tedcdn.com/images/ted/0af1e7039d309de1baedc957729632018701c4ff_254x191.jpg?w=255
6a034c24b9e30957c4388a44,Mike O'Sullivan,https://tedblade-public-assets.s3.us-east-1.amazonaws.com/default-avatar.jpg
6a034c24658f0b3b67d4a3c1,Norma Pimentel,https://pi.tedcdn.com/r/pe.tedcdn.com/images/ted/520c0b93b7a96381a66bd5703aa4fe5cb747db35_254x191.jpg?w=255
6a034c245e700263ec4ad2e6,James Geary,https://pi.tedcdn.com/r/pe.tedcdn.com/images/ted/136751_254x191.jpg?w=255
6a034c24b9e30957c4388a6c,Sam Berns,https://tedblade-public-assets.s3.us-east-1.amazonaws.com/default-avatar.jpg
6a034c24658f0b3b67d4a3e3,Tameka Montgomery,https://tedblade-public-assets.s3.us-east-1.amazonaws.com/default-avatar.jpg
6a034c245e700263ec4ad30a,Kid President,https://tedblade-public-assets.s3.us-east-1.amazonaws.com/default-avatar.jpg
6a034c24b9e30957c4388a6d,Jacob Soboroff,https://tedblade-public-assets.s3.us-east-1.amazonaws.com/default-avatar.jpg
6a034c24b9e30957c4388a8f,Abigail Spanberger,https://tedblade-public-assets.s3.us-east-1.amazonaws.com/default-avatar.jpg
6a034c245e700263ec4ad25e,Thandiwe Newton,https://pi.tedcdn.com/r/pe.tedcdn.com/images/ted/9081bd6c845ce4a6a1d4dbfbb20365a67d96ec97_254x191.jpg?w=255
6a034c24b9e30957c4388acf,Jennifer Healey,https://pi.tedcdn.com/r/pe.tedcdn.com/images/ted/c3bc70a302b8c507fc3e9a52ebcaae29c190fefe_254x191.jpg?w=255
6a034c245e700263ec4ad211,Hanna-Ilona Härmävaara,https://tedblade-public-assets.s3.us-east-1.amazonaws.com/default-avatar.jpg
6a034c24658f0b3b67d4a406,Sally Murphy,https://tedblade-public-assets.s3.us-east-1.amazonaws.com/default-avatar.jpg
6a034c245e700263ec4ad268,Alastair O'Neill,https://tedblade-public-assets.s3.us-east-1.amazonaws.com/default-avatar.jpg
6a034c24b9e30957c4388aea,Magatte Wade,https://pi.tedcdn.com/r/pe.tedcdn.com/images/ted/85dc59adef758f25f9497e3da8c0dd0c3c85b5b8_254x191.jpg?w=255
6a034c245e700263ec4ad21b,Jade Begay,https://pi.tedcdn.com/r/ted-conferences-speaker-photos-production.s3.amazonaws.com/6vt6s80xxtaguhx5ddnshzz3qoy8?w=255
6a034c24658f0b3b67d4a41c,Suzie Sheehy,https://pi.tedcdn.com/r/pe.tedcdn.com/images/ted/adf7fac1867695f00d8c0d0829958e9d66962548_254x191.jpg?w=255
6a034c245e700263ec4ad286,Amane Dannouni,https://pi.tedcdn.com/r/ted-conferences-speaker-photos-production.s3.amazonaws.com/7kr4o2gfmikmvp9nii3thzm9acr1?w=255
6a034c24b9e30957c4388b06,Raghava KK,https://tedblade-public-assets.s3.us-east-1.amazonaws.com/default-avatar.jpg
6a034c245e700263ec4ad252,Russell Wilson,https://pi.tedcdn.com/r/pe.tedcdn.com/images/ted/1ef8784795241b1d70f1c982b82d183d999671bd_254x191.jpg?w=255
6a034c24658f0b3b67d4a4c9,Lieven Scheire,https://tedblade-public-assets.s3.us-east-1.amazonaws.com/default-avatar.jpg
6a034c245e700263ec4ad28c,Andrew Yang,https://pi.tedcdn.com/r/ted-conferences-speaker-photos-production.s3.amazonaws.com/g9pqry8pp29onhikzwjh7omxb9zx?w=255
6a034c24b9e30957c4388b22,Yuan-Sen Ting,https://tedblade-public-assets.s3.us-east-1.amazonaws.com/default-avatar.jpg
6a034c24b9e30957c4388b8f,Nigel Marsh,https://pi.tedcdn.com/r/pe.tedcdn.com/images/ted/83527be84e5e8818e954591a8b473d765a2b5840_254x191.jpg?w=255
6a034c24b9e30957c4388b94,Pawan Sinha,https://pi.tedcdn.com/r/pe.tedcdn.com/images/ted/152495_254x191.jpg?w=255
6a034c24d4881847be4b508d,Atul Gawande,https://tedblade-public-assets.s3.us-east-1.amazonaws.com/default-avatar.jpg
6a034c24d4881847be4b50bd,Elizabeth Camarillo Gutierrez,https://pi.tedcdn.com/r/pe.tedcdn.com/images/ted/6b7863d5b2606ba351fda31058795f7b54090826_254x191.jpg?w=255
6a034c24d4881847be4b50ee,Ken Jennings,https://pi.tedcdn.com/r/pe.tedcdn.com/images/ted/7a1ddb76234ae334b5db20e1aa538a7db08d4637_254x191.jpg?w=255
6a034c24d4881847be4b514b,Mark Liddell,https://tedblade-public-assets.s3.us-east-1.amazonaws.com/default-avatar.jpg
6a034c24d4881847be4b519c,Andrea M. Henle,https://tedblade-public-assets.s3.us-east-1.amazonaws.com/default-avatar.jpg
6a034c24d4881847be4b51cd,Jon Bergmann,https://pi.tedcdn.com/r/pe.tedcdn.com/images/ted/b5c7b226bd7530b08356ea95caa9dd3f3fb7563b_254x191.jpg?w=255
6a034c24d4881847be4b5249,Isaac Mizrahi,https://pi.tedcdn.com/r/pe.tedcdn.com/images/ted/de5087457c53135fa6d0beb4e84b4b29a6971e71_254x191.jpg?w=255
6a034c24d4881847be4b528a,Richard Sears,https://pi.tedcdn.com/r/pe.tedcdn.com/images/ted/172160_254x191.jpg?w=255
6a034c24d4881847be4b52a4,Xiuhtezcatl,https://tedblade-public-assets.s3.us-east-1.amazonaws.com/default-avatar.jpg
6a034c24da446a102707f3a3,Ben Cort,https://pi.tedcdn.com/r/pe.tedcdn.com/images/ted/762973f8a54d812aaa58074f533418ea8aa5313b_254x191.jpg?w=255
6a034c24da446a102707f3be,Edmond Hui,https://tedblade-public-assets.s3.us-east-1.amazonaws.com/default-avatar.jpg
6a034c24da446a102707f3da,Jackie Gartner-Schmidt,https://tedblade-public-assets.s3.us-east-1.amazonaws.com/default-avatar.jpg
6a034c24da446a102707f3f2,Alexander Tsiaras,https://pi.tedcdn.com/r/pe.tedcdn.com/images/ted/141e778619fa7f5ea5d11bea8fa6f9a8b2bcd156_254x191.jpg?w=255
6a034c24da446a102707f3fc,Krista Donaldson,https://pi.tedcdn.com/r/pe.tedcdn.com/images/ted/2881f4f2d2892f9a60353511e5efa67fcd2d1842_254x191.jpg?w=255
6a034c245e700263ec4ad2fe,Kate Green,https://tedblade-public-assets.s3.us-east-1.amazonaws.com/default-avatar.jpg
6a034c245e700263ec4ad365,Rob Toews,https://pi.tedcdn.com/r/ted-conferences-speaker-photos-production.s3.amazonaws.com/atmkkd1ogt1jgv6oup5w3pk271ok?w=255
6a034c245e700263ec4ad372,Silk Road Ensemble + Rhiannon Giddens,https://tedblade-public-assets.s3.us-east-1.amazonaws.com/default-avatar.jpg
6a034c245e700263ec4ad3aa,Anna Mracek Dietrich,https://tedblade-public-assets.s3.us-east-1.amazonaws.com/default-avatar.jpg
6a034c245e700263ec4ad3f9,Philip Zimbardo,https://pi.tedcdn.com/r/pe.tedcdn.com/images/ted/54221_254x191.jpg?w=255
6a034c245e700263ec4ad3fd,Rebecca McMackin,https://pi.tedcdn.com/r/ted-conferences-speaker-photos-production.s3.amazonaws.com/0de7bxkwxmlvs59sjjyzich6h0wk?w=255
6a034c24658f0b3b67d4a30d,Elisabeth Pierre,https://tedblade-public-assets.s3.us-east-1.amazonaws.com/default-avatar.jpg
6a034c24658f0b3b67d4a4e5,Patrick Ferrucci,https://tedblade-public-assets.s3.us-east-1.amazonaws.com/default-avatar.jpg
6a034c24658f0b3b67d4a32c,Dorie Clark,https://pi.tedcdn.com/r/ted-conferences-speaker-photos-production.s3.amazonaws.com/pw1n2z3g6u0210ks05cg6jlr4krj?w=255
6a034c249bbcd05aa3165abe,James Tanton,https://tedblade-public-assets.s3.us-east-1.amazonaws.com/default-avatar.jpg
6a034c24658f0b3b67d4a332,Débora Mesa Molina,https://pi.tedcdn.com/r/pe.tedcdn.com/images/ted/83c585e1e62b506c2d17ea24434f5fbb5d4ba63b_254x191.jpg?w=255
6a034c249bbcd05aa3165b41,Jeanne Gang,https://pi.tedcdn.com/r/pe.tedcdn.com/images/ted/ae08919eafde802d0aeac924a3211c04bbc74a64_254x191.jpg?w=255
6a034c24658f0b3b67d4a333,Jim Collins,https://pi.tedcdn.com/r/pe.tedcdn.com/images/ted/b23d7df2dfe23a241a505a6bb5b9b2767f369527_254x191.jpg?w=255
6a034c249bbcd05aa3165b65,Maria Golubeva,https://tedblade-public-assets.s3.us-east-1.amazonaws.com/default-avatar.jpg
6a034c245e700263ec4ad312,Levon Biss,https://pi.tedcdn.com/r/pe.tedcdn.com/images/ted/c57300fa820233fc084d3bb2a6dd194026eb6025_254x191.jpg?w=255
6a034c24658f0b3b67d4a336,Elizabeth Gilbert,https://pi.tedcdn.com/r/pe.tedcdn.com/images/ted/70538_254x191.jpg?w=255
6a034c245e700263ec4ad3b2,Catie Cuan,https://pi.tedcdn.com/r/ted-conferences-speaker-photos-production.s3.amazonaws.com/wcmtohq3bjre241llkws0dads714?w=255
6a034c249bbcd05aa3165b6b,Michael Tubbs,https://pi.tedcdn.com/r/pe.tedcdn.com/images/ted/18c0bdc7ef3944e9640ce5a84c25de88d0af62d8_254x191.jpg?w=255
6a034c24658f0b3b67d4a341,Joon Sung Park,https://tedblade-public-assets.s3.us-east-1.amazonaws.com/default-avatar.jpg
6a034c249bbcd05aa3165b8a,Andrew Bird,https://pi.tedcdn.com/r/pe.tedcdn.com/images/ted/4dbb51b6016d8bad3e6e34fd27d494dfd71dbcde_254x191.jpg?w=255
6a034c245e700263ec4ad3d8,Jonathan Foley,https://pi.tedcdn.com/r/ted-conferences-speaker-photos-production.s3.amazonaws.com/eqzabw5jdqpmygf41kbi7aofe8mw?w=255
6a034c24658f0b3b67d4a352,Hannah Brencher,https://pi.tedcdn.com/r/pe.tedcdn.com/images/ted/93cb66f67da6dd6b74933a9d154394ab928d8d79_254x191.jpg?w=255
6a034c245e700263ec4ad415,Vaitea Cowan,https://pi.tedcdn.com/r/ted-conferences-speaker-photos-production.s3.amazonaws.com/buo1at808lnkhzj58oxybbm4k85s?w=255
6a034c24658f0b3b67d4a376,Julieanna L. Richardson,https://tedblade-public-assets.s3.us-east-1.amazonaws.com/default-avatar.jpg
6a034c249bbcd05aa3165baa,Simon Sinek,https://pi.tedcdn.com/r/pe.tedcdn.com/images/ted/168354_254x191.jpg?w=255
6a034c24658f0b3b67d4a2ce,Abe Davis,https://pi.tedcdn.com/r/pe.tedcdn.com/images/ted/837bae320f94bc5a5675d28261e69beb9c3ef327_254x191.jpg?w=255
6a034c24658f0b3b67d4a38a,Pankaj Ghemawat,https://pi.tedcdn.com/r/pe.tedcdn.com/images/ted/905b338c881b0babffd168bd8828b910fc78d501_254x191.jpg?w=255
6a034c249bbcd05aa3165bde,Joe Kowan,https://pi.tedcdn.com/r/pe.tedcdn.com/images/ted/f165a285d9c00bb1be630d762ef4a590bacdff87_254x191.jpg?w=255
6a034c24658f0b3b67d4a2e5,Christiane Amanpour,https://pi.tedcdn.com/r/ted-conferences-speaker-photos-production.s3.amazonaws.com/81jhvudx6jd2j3z0vlu70sh6s25c?w=255
6a034c245e700263ec4ad30d,Lauren Esposito,https://tedblade-public-assets.s3.us-east-1.amazonaws.com/default-avatar.jpg
6a034c24658f0b3b67d4a3f8,Toni Griffin,https://pi.tedcdn.com/r/pe.tedcdn.com/images/ted/15f69a64ea4d4edb70b7c32cbfca4914972af2f9_254x191.jpg?w=255
6a034c24658f0b3b67d4a2ed,Don Norman,https://pi.tedcdn.com/r/pe.tedcdn.com/images/ted/75972_254x191.jpg?w=255
6a034c245e700263ec4ad319,Marc Abrahams,https://pi.tedcdn.com/r/pe.tedcdn.com/images/ted/6ce52170e488499f44d4145454d54b247325bc8b_254x191.jpg?w=255
6a034c24658f0b3b67d4a40e,William Black,https://pi.tedcdn.com/r/pe.tedcdn.com/images/ted/7d08aea67ffd4b23a12557237444481e7b206345_254x191.jpg?w=255
6a034c249bbcd05aa3165be9,Lana Mazahreh,https://pi.tedcdn.com/r/pe.tedcdn.com/images/ted/c6c0d3b60a41925ed8b8ec581fb57d20cff9c6f8_254x191.jpg?w=255
6a034c24658f0b3b67d4a328,Del Harvey,https://pi.tedcdn.com/r/pe.tedcdn.com/images/ted/9ca6d481cc8c55d3d10ebf2bbd5122e66c25df2a_254x191.jpg?w=255
6a034c245e700263ec4ad321,Mariana Atencio,https://tedblade-public-assets.s3.us-east-1.amazonaws.com/default-avatar.jpg
6a034c24658f0b3b67d4a413,Stefan Wolff,https://pi.tedcdn.com/r/pe.tedcdn.com/images/ted/55b967efba53017f7743bb18c2cb9ad137165f1e_254x191.jpg?w=255
6a034c249bbcd05aa3165bed,Lucy Clayton,https://tedblade-public-assets.s3.us-east-1.amazonaws.com/default-avatar.jpg
6a034c24658f0b3b67d4a329,J.D. Vance,https://tedblade-public-assets.s3.us-east-1.amazonaws.com/default-avatar.jpg
6a034c245e700263ec4ad34b,Peter Haas,https://pi.tedcdn.com/r/ted-conferences-speaker-photos-production.s3.amazonaws.com/nvgj0uwaxtp6g037jqhh6d4r53zh?w=255
6a034c24658f0b3b67d4a417,Memory Banda,https://pi.tedcdn.com/r/pe.tedcdn.com/images/ted/f8f8e6618f206c2583a95470fc87b399c085b3f6_254x191.jpg?w=255
6a034c249bbcd05aa3165c2d,Chris Sheldrick,https://pi.tedcdn.com/r/pe.tedcdn.com/images/ted/768266857cc81dfd0839bad8d68a068335996b2f_254x191.jpg?w=255
6a034c24658f0b3b67d4a330,Dwinita Mosby Tyler,https://tedblade-public-assets.s3.us-east-1.amazonaws.com/default-avatar.jpg
6a034c245e700263ec4ad351,Rachel Kleinfeld,https://pi.tedcdn.com/r/pe.tedcdn.com/images/ted/72b2c50eb612456a5dc348442a342e3f896a28ed_254x191.jpg?w=255
6a034c249bbcd05aa3165c5b,Jorge Soto,https://pi.tedcdn.com/r/pe.tedcdn.com/images/ted/7d0079b785d4a52829242924b9c619def27db68d_254x191.jpg?w=255
6a034c24658f0b3b67d4a41f,Mona Chalabi,https://pi.tedcdn.com/r/pe.tedcdn.com/images/ted/54dc14a72d7e498368b7c8f3b561e3322d22cc57_254x191.jpg?w=255
6a034c24658f0b3b67d4a334,Eliezer Yudkowsky,https://pi.tedcdn.com/r/ted-conferences-speaker-photos-production.s3.amazonaws.com/0g751cv3zcdsepxzfgzv1w7wlkd4?w=255
6a034c245e700263ec4ad386,Steve Jobs,https://tedblade-public-assets.s3.us-east-1.amazonaws.com/default-avatar.jpg
6a034c249bbcd05aa3165c6c,Louise Leakey,https://pi.tedcdn.com/r/pe.tedcdn.com/images/ted/45255_254x191.jpg?w=255
6a034c24658f0b3b67d4a427,Tito Deler,https://pi.tedcdn.com/r/pe.tedcdn.com/images/ted/cc37627e66c174f0bc9e4c7854b685ec89744ed4_254x191.jpg?w=255
6a034c24658f0b3b67d4a355,Ian Dunbar,https://pi.tedcdn.com/r/pe.tedcdn.com/images/ted/2a184cf265789c0dd7579475aaf3a80831b3bf7e_254x191.jpg?w=255
6a034c245e700263ec4ad392,Tim Flannery,https://pi.tedcdn.com/r/pe.tedcdn.com/images/ted/acaf29fedb7ebc7e2f2db13106eafebc80d08c31_254x191.jpg?w=255
6a034c249bbcd05aa3165b87,Amy Padnani,https://pi.tedcdn.com/r/pe.tedcdn.com/images/ted/9c99fa59881f152178375e06380d10461cf65647_254x191.jpg?w=255
6a034c24b9e30957c43889a6,David H. Rosmarin,https://tedblade-public-assets.s3.us-east-1.amazonaws.com/default-avatar.jpg
6a034c24658f0b3b67d4a429,Todd Scott,https://pi.tedcdn.com/r/pe.tedcdn.com/images/ted/b8599d202cdce47ac632923757c454bea13b203a_254x191.jpg?w=255
6a034c24658f0b3b67d4a35c,Kristen Wenz,https://pi.tedcdn.com/r/pe.tedcdn.com/images/ted/a059ed9485b8926f75e664accf99ebe2e192e185_254x191.jpg?w=255
6a034c245e700263ec4ad39e,Adam Foss,https://tedblade-public-assets.s3.us-east-1.amazonaws.com/default-avatar.jpg
6a034c24b9e30957c43889ba,Uldus Bakhtiozina,https://pi.tedcdn.com/r/pe.tedcdn.com/images/ted/226ec8550d47cc520fe28133278aea7b3d97cbda_254x191.jpg?w=255
6a034c24658f0b3b67d4a454,Andreas Raptopoulos,https://pi.tedcdn.com/r/pe.tedcdn.com/images/ted/80b87692f3d060d496414397e67209c8c3f05daf_254x191.jpg?w=255
6a034c249bbcd05aa3165bbf,Taylor Cassidy,https://pi.tedcdn.com/r/ted-conferences-speaker-photos-production.s3.amazonaws.com/azc8je5ylwp8uyt4i5a6cabhg2j7?w=255
6a034c24658f0b3b67d4a361,Jill Sobule,https://pi.tedcdn.com/r/pe.tedcdn.com/images/ted/1470_254x191.jpg?w=255
6a034c245e700263ec4ad3e0,Kiana Hayeri,https://pi.tedcdn.com/r/ted-conferences-speaker-photos-production.s3.amazonaws.com/3ky1gd0ho5zup1clfiipzj5u1fi4?w=255
6a034c24b9e30957c43889bb,Charles Wallace,https://tedblade-public-assets.s3.us-east-1.amazonaws.com/default-avatar.jpg
6a034c24658f0b3b67d4a364,Laura Indolfi,https://pi.tedcdn.com/r/pe.tedcdn.com/images/ted/38c3be12c55196e9df03babfc24793fde59c1c3c_254x191.jpg?w=255
6a034c24658f0b3b67d4a49b,Freeman Hrabowski,https://pi.tedcdn.com/r/pe.tedcdn.com/images/ted/c85b417cbc0a48284e3dfa1554d185b11ee7102b_254x191.jpg?w=255
6a034c245e700263ec4ad3e9,Martin Pistorius,https://pi.tedcdn.com/r/pe.tedcdn.com/images/ted/aa4c7e856dbc6e9d618eea0fb009ace2c45b23da_254x191.jpg?w=255
6a034c24b9e30957c43889cd,Cynthia Schneider,https://pi.tedcdn.com/r/pe.tedcdn.com/images/ted/126519_254x191.jpg?w=255
6a034c24658f0b3b67d4a37d,Michael Middlebrooks,https://tedblade-public-assets.s3.us-east-1.amazonaws.com/default-avatar.jpg
6a034c24658f0b3b67d4a4f7,Tamekia MizLadi Smith,https://pi.tedcdn.com/r/pe.tedcdn.com/images/ted/d40aa9ac80ffa0155636b55c2d99bad0d62a2ec2_254x191.jpg?w=255
6a034c249bbcd05aa3165bfc,Niro Sivanathan,https://pi.tedcdn.com/r/pe.tedcdn.com/images/ted/8107de0e4c766818353a27743d7433a060ea61f6_254x191.jpg?w=255
6a034c245e700263ec4ad3f0,Nancy Frates,https://pi.tedcdn.com/r/pe.tedcdn.com/images/ted/d12d5db6bf601b8d6a207b80bdf9b8acb4232a31_254x191.jpg?w=255
6a034c24b9e30957c43889e3,Efosa Ojomo,https://pi.tedcdn.com/r/pe.tedcdn.com/images/ted/01fdcb5b5e1999f40d717b806730ddb7b9632822_254x191.jpg?w=255
6a034c249bbcd05aa3165ad0,Kevin Etter,https://tedblade-public-assets.s3.us-east-1.amazonaws.com/default-avatar.jpg
6a034c24b9e30957c4388a04,Caroline Lavelle,https://pi.tedcdn.com/r/pe.tedcdn.com/images/ted/38_254x191.jpg?w=255
6a034c245e700263ec4ad416,Varun Sivaram,https://pi.tedcdn.com/r/ted-conferences-speaker-photos-production.s3.amazonaws.com/fwa6zhhhhp43ah9fdtgxc7xr07u9?w=255
6a034c24da446a102707f3fd,Anne F. Broadbridge,https://tedblade-public-assets.s3.us-east-1.amazonaws.com/default-avatar.jpg
6a034c249bbcd05aa3165c29,Caleb Chung,https://pi.tedcdn.com/r/pe.tedcdn.com/images/ted/54415_254x191.jpg?w=255
6a034c24658f0b3b67d4a39f,George Papandreou,https://pi.tedcdn.com/r/pe.tedcdn.com/images/ted/17eb398db930d6f6e450153b00a3c7534196dd37_254x191.jpg?w=255
6a034c249bbcd05aa3165ad8,Lucy McRae,https://pi.tedcdn.com/r/pe.tedcdn.com/images/ted/6534bd1c4d826deba2bedd747179edb94d692812_254x191.jpg?w=255
6a034c24b9e30957c4388a19,LZ Granderson,https://pi.tedcdn.com/r/pe.tedcdn.com/images/ted/41ad7a083a13228923fc23408c2753bf2cca26b8_254x191.jpg?w=255
6a034c24658f0b3b67d4a2de,Charles C. Mann,https://tedblade-public-assets.s3.us-east-1.amazonaws.com/default-avatar.jpg
6a034c249bbcd05aa3165c49,Georges Nzongola-Ntalaja,https://tedblade-public-assets.s3.us-east-1.amazonaws.com/default-avatar.jpg
6a034c24658f0b3b67d4a3a4,Gloria Steinem,https://pi.tedcdn.com/r/pe.tedcdn.com/images/ted/d76f0a1d8a5309e2cd874157ea57aaa029fdeab9_254x191.jpg?w=255
6a034c249bbcd05aa3165af2,Reed Kroloff,https://pi.tedcdn.com/r/pe.tedcdn.com/images/ted/49844_254x191.jpg?w=255
6a034c24da446a102707f44f,Rhiannon Giddens,https://pi.tedcdn.com/r/pe.tedcdn.com/images/ted/d4b6a2f3bed0f7e7c4d0716b06971f33f72a6b33_254x191.jpg?w=255
6a034c24b9e30957c4388a20,Reza Varzidehkar,https://tedblade-public-assets.s3.us-east-1.amazonaws.com/default-avatar.jpg
6a034c24658f0b3b67d4a2e8,Claire Wardle,https://pi.tedcdn.com/r/pe.tedcdn.com/images/ted/02210c27d09c33f6cc69b77301a7c944d0c3b983_254x191.jpg?w=255
6a034c249bbcd05aa3165c4a,Giada Gerboni,https://pi.tedcdn.com/r/pe.tedcdn.com/images/ted/84df2d4cad7ca41cb7dfa6dcb767dc515d46dc2c_254x191.jpg?w=255
6a034c249bbcd05aa3165b03,Alexander Leitner,https://tedblade-public-assets.s3.us-east-1.amazonaws.com/default-avatar.jpg
6a034c24658f0b3b67d4a3c4,Olivia Remes,https://tedblade-public-assets.s3.us-east-1.amazonaws.com/default-avatar.jpg
6a034c24b9e30957c4388a39,Nathalie Miebach,https://pi.tedcdn.com/r/pe.tedcdn.com/images/ted/75a7b63e6d373ce6397bbdd1505e5032ec20a52a_254x191.jpg?w=255
6a034c24658f0b3b67d4a2ec,Anastasia Taylor-Lind,https://pi.tedcdn.com/r/pe.tedcdn.com/images/ted/70ebcb715aebaf34c4387d348df8be897a9944d4_254x191.jpg?w=255
6a034c249bbcd05aa3165c6d,Luma Mufleh,https://pi.tedcdn.com/r/pe.tedcdn.com/images/ted/a74b0a567b945912b3a52ca4c96ab84e985a76c8_254x191.jpg?w=255
6a034c24da446a102707f459,James Watson,https://pi.tedcdn.com/r/pe.tedcdn.com/images/ted/c1cc5cc9feac59484b30c8d8135183c367b15862_254x191.jpg?w=255
6a034c249bbcd05aa3165b05,Alexis Ohanian,https://pi.tedcdn.com/r/pe.tedcdn.com/images/ted/136381_254x191.jpg?w=255
6a034c24658f0b3b67d4a405,Vishaan Chakrabarti,https://pi.tedcdn.com/r/pe.tedcdn.com/images/ted/2cd0af038888a9d59190fad4ffd810292f380b5f_254x191.jpg?w=255
6a034c24b9e30957c4388a5f,Philip Evans,https://pi.tedcdn.com/r/pe.tedcdn.com/images/ted/4c5c8ab2ce97417bafd4c7e94a9cbaf004104e70_254x191.jpg?w=255
6a034c249bbcd05aa3165c81,Peter Calthorpe,https://pi.tedcdn.com/r/pe.tedcdn.com/images/ted/3ffacabc930aec313665db3cc493b6925ad47829_254x191.jpg?w=255
6a034c24658f0b3b67d4a349,Gangadhar Patil,https://pi.tedcdn.com/r/pe.tedcdn.com/images/ted/2645eeeda25fcc5541e183e4a69be3c86aa1b385_254x191.jpg?w=255
6a034c249bbcd05aa3165b12,Chance Coughenour,https://pi.tedcdn.com/r/pe.tedcdn.com/images/ted/01ddfd4411ebae9672573410211b200b380de5c7_254x191.jpg?w=255
6a034c24da446a102707f460,Jeff Speck,https://pi.tedcdn.com/r/pe.tedcdn.com/images/ted/1924f7b72c8fa9de758c36f1e274f6e93bc59d5c_254x191.jpg?w=255
6a034c24658f0b3b67d4a48a,Tracie Revis,https://pi.tedcdn.com/r/ted-conferences-speaker-photos-production.s3.amazonaws.com/3dc6tksyey2len48ba93ekjce0e2?w=255
6a034c24b9e30957c4388a9b,Ashwini Bhandiwad,https://tedblade-public-assets.s3.us-east-1.amazonaws.com/default-avatar.jpg
6a034c249bbcd05aa3165b1d,Daro Sulakauri,https://pi.tedcdn.com/r/ted-conferences-speaker-photos-production.s3.amazonaws.com/oi7lj2pu0vulalhebrkmh8zzdshg?w=255
6a034c24da446a102707f4ad,Chris Anderson (TED),https://tedblade-public-assets.s3.us-east-1.amazonaws.com/default-avatar.jpg
6a034c24658f0b3b67d4a4ac,Jackson Bird,https://pi.tedcdn.com/r/pe.tedcdn.com/images/ted/727cd60970716a6abcc73cf0b79f6cecf64710ec_254x191.jpg?w=255
6a034c249bbcd05aa3165b20,David Deutsch,https://pi.tedcdn.com/r/pe.tedcdn.com/images/ted/b5bd878df6cbd99d226018b2653636f66824e499_254x191.jpg?w=255
6a034c24da446a102707f4af,Chrystina Russell,https://pi.tedcdn.com/r/pe.tedcdn.com/images/ted/4bc8637bb175699fd79a149601c543859a8ecb8b_254x191.jpg?w=255
6a034c2435bf06475c27ae54,Alaa Murabit,https://pi.tedcdn.com/r/pe.tedcdn.com/images/ted/f7b668fd55ceacf9b0f274b37bc0326bb7ea804c_254x191.jpg?w=255
6a034c24658f0b3b67d4a4dd,Mustafa Suleyman,https://pi.tedcdn.com/r/ted-conferences-speaker-photos-production.s3.amazonaws.com/i2l4fzwt5h6rjwiulo326v2wi1q8?w=255
6a034c24658f0b3b67d4a366,Lidia Yuknavitch,https://pi.tedcdn.com/r/pe.tedcdn.com/images/ted/60700e2fcc3a26805cee702b90a7375faf410c85_254x191.jpg?w=255
6a034c249bbcd05aa3165cae,Stephen Burt,https://pi.tedcdn.com/r/pe.tedcdn.com/images/ted/884ded265e896edc1770d2cf4e455d67924900dd_254x191.jpg?w=255
6a034c24658f0b3b67d4a4de,Nadya Mason,https://pi.tedcdn.com/r/pe.tedcdn.com/images/ted/1a8571d2d35dc297f5cfe8f8ae8682d3b6ffc90f_254x191.jpg?w=255
6a034c249bbcd05aa3165b2f,Ginnie Nguyen,https://tedblade-public-assets.s3.us-east-1.amazonaws.com/default-avatar.jpg
6a034c24da446a102707f4d8,Shekinah Elmore,https://pi.tedcdn.com/r/pe.tedcdn.com/images/ted/ef0b4ad10f06334f1f0aebc41c5d56cbdb1b4ba5_254x191.jpg?w=255
6a034c2435bf06475c27ae7e,Farish Ahmad-Noor,https://pi.tedcdn.com/r/pe.tedcdn.com/images/ted/bdd43ad080c5a3cad35bd0715705f780da107107_254x191.jpg?w=255
6a034c24658f0b3b67d4a385,Nancy Kanwisher,https://pi.tedcdn.com/r/pe.tedcdn.com/images/ted/d7f79bc6b181dcf2844ec68b575e5f7c6e13dcde_254x191.jpg?w=255
6a034c249bbcd05aa3165cb0,Stuart Kauffman,https://pi.tedcdn.com/r/ted-conferences-speaker-photos-production.s3.amazonaws.com/sgq22lpxlven6wf108sm7ynw8buy?w=255
6a034c249bbcd05aa3165a86,Adong Judith,https://pi.tedcdn.com/r/pe.tedcdn.com/images/ted/44e4fcf2342a2549a1007d2de25d0f59a2722d27_254x191.jpg?w=255
6a034c249bbcd05aa3165b88,Anand Varma,https://pi.tedcdn.com/r/pe.tedcdn.com/images/ted/62bf96c00eddaa4c606b8c70b83c49659d3ef035_254x191.jpg?w=255
6a034c24da446a102707f500,John C. Mather,https://tedblade-public-assets.s3.us-east-1.amazonaws.com/default-avatar.jpg
6a034c2435bf06475c27aee9,Alyssa-Amor Gibbons,https://pi.tedcdn.com/r/ted-conferences-speaker-photos-production.s3.amazonaws.com/gvqfq5ydsz5g3ho81fjzggizai89?w=255
6a034c24658f0b3b67d4a38f,Lisa Kaltenegger,https://pi.tedcdn.com/r/ted-conferences-speaker-photos-production.s3.amazonaws.com/2ez3yt2d1wzn13xih5m4zym0krff?w=255
6a034c249bbcd05aa3165a9e,Cynthia Ma Shwe Sin Win,https://tedblade-public-assets.s3.us-east-1.amazonaws.com/default-avatar.jpg
6a034c24b9e30957c4388999,Shelley Shott,https://tedblade-public-assets.s3.us-east-1.amazonaws.com/default-avatar.jpg
6a034c249bbcd05aa3165bb4,Stephanie Kelton,https://pi.tedcdn.com/r/pe.tedcdn.com/images/ted/ed67871e818674f634f6bc84fb62f94d52db3077_254x191.jpg?w=255
6a034c24da446a102707f50f,Kirsten Hall,https://tedblade-public-assets.s3.us-east-1.amazonaws.com/default-avatar.jpg
6a034c24658f0b3b67d4a396,Mainak Mazumdar,https://pi.tedcdn.com/r/pe.tedcdn.com/images/ted/9045d4123f73b2712826543655499089e3c29310_254x191.jpg?w=255
6a034c2435bf06475c27aeeb,Alok Sharma,https://pi.tedcdn.com/r/pe.tedcdn.com/images/ted/4c3864da0151f54ed4b2af33f65e3c325e9b988a_254x191.jpg?w=255
6a034c249bbcd05aa3165aa2,Daniel M. Abrams,https://tedblade-public-assets.s3.us-east-1.amazonaws.com/default-avatar.jpg
6a034c249bbcd05aa3165bdb,Jennifer Wilcox,https://tedblade-public-assets.s3.us-east-1.amazonaws.com/default-avatar.jpg
6a034c24da446a102707f552,Sue Jaye Johnson,https://pi.tedcdn.com/r/pe.tedcdn.com/images/ted/5c67f0b0c5ada74ca32fc65b3defba6ed89ef15d_254x191.jpg?w=255
6a034c24b9e30957c43889b0,Stefan Al,https://tedblade-public-assets.s3.us-east-1.amazonaws.com/default-avatar.jpg
6a034c24b9e30957c4388acd,Jan Wurzbacher,https://pi.tedcdn.com/r/ted-conferences-speaker-photos-production.s3.amazonaws.com/z7u7jglwfbx2qfkpgtaeh6bzqi52?w=255
6a034c24658f0b3b67d4a398,Mark Hopwood,https://tedblade-public-assets.s3.us-east-1.amazonaws.com/default-avatar.jpg
6a034c2435bf06475c27af08,Becky Barker,https://pi.tedcdn.com/r/ted-conferences-speaker-photos-production.s3.amazonaws.com/99et3jvcmuf3cljo8612a769e51u?w=255
6a034c249bbcd05aa3165ab4,Geraldine Hamilton,https://pi.tedcdn.com/r/pe.tedcdn.com/images/ted/f103da118d5fe573dc036d621372a4d9d91123fd_254x191.jpg?w=255
6a034c24da446a102707f55e,Vinith Misra,https://tedblade-public-assets.s3.us-east-1.amazonaws.com/default-avatar.jpg
6a034c24b9e30957c43889bf,Chinaka Hodge,https://pi.tedcdn.com/r/pe.tedcdn.com/images/ted/9fd07214448955be3029fc4aa1f9941b8794d680_254x191.jpg?w=255
6a034c2435bf06475c27af12,Boyd Varty,https://pi.tedcdn.com/r/pe.tedcdn.com/images/ted/6555c7bfa5d600a07dc94036139a78c91bc297da_254x191.jpg?w=255
6a034c24b9e30957c4388adb,Karinna Grant,https://pi.tedcdn.com/r/ted-conferences-speaker-photos-production.s3.amazonaws.com/8cn2pn46nqwchri0jmph0593o838?w=255
6a034c24658f0b3b67d4a3f9,Klaus Stadlmann,https://pi.tedcdn.com/r/pe.tedcdn.com/images/ted/1e0fa1d62e16295199b321c4bb981d02e3b9731c_254x191.jpg?w=255
6a034c24b9e30957c43889c2,Jim Schulz,https://tedblade-public-assets.s3.us-east-1.amazonaws.com/default-avatar.jpg
6a034c24da446a102707f5a4,Irina Kareva,https://pi.tedcdn.com/r/pe.tedcdn.com/images/ted/f6138f32ea6eff73220011f716492fcd0b399b4d_254x191.jpg?w=255
6a034c2435bf06475c27af23,David Witzeneder,https://tedblade-public-assets.s3.us-east-1.amazonaws.com/default-avatar.jpg
6a034c24b9e30957c4388b1e,Trillion Small,https://tedblade-public-assets.s3.us-east-1.amazonaws.com/default-avatar.jpg
6a034c249bbcd05aa3165ac3,Jill Dash,https://tedblade-public-assets.s3.us-east-1.amazonaws.com/default-avatar.jpg
6a034c24658f0b3b67d4a41b,Miranda Brown,https://tedblade-public-assets.s3.us-east-1.amazonaws.com/default-avatar.jpg
6a034c24b9e30957c43889c4,Joshua Paul Dale,https://tedblade-public-assets.s3.us-east-1.amazonaws.com/default-avatar.jpg
6a034c249bbcd05aa3165c30,Dana Gunders,https://pi.tedcdn.com/r/ted-conferences-speaker-photos-production.s3.amazonaws.com/div246axoss5zcpuclplv0s742zm?w=255
6a034c2435bf06475c27af58,Ibram X. Kendi,https://tedblade-public-assets.s3.us-east-1.amazonaws.com/default-avatar.jpg
6a034c24da446a102707f5af,Jim Snabe,https://tedblade-public-assets.s3.us-east-1.amazonaws.com/default-avatar.jpg
6a034c24b9e30957c4388b23,Zoë Karl-Waithaka,https://pi.tedcdn.com/r/pe.tedcdn.com/images/ted/6bef75686808d679dc362c25715307270f7ab09c_254x191.jpg?w=255
6a034c249bbcd05aa3165ae7,Neylan McBaine,https://tedblade-public-assets.s3.us-east-1.amazonaws.com/default-avatar.jpg
6a034c24658f0b3b67d4a428,Nicolas Perony,https://tedblade-public-assets.s3.us-east-1.amazonaws.com/default-avatar.jpg
6a034c24b9e30957c4388a1e,Giulia Enders,https://pi.tedcdn.com/r/pe.tedcdn.com/images/ted/b2facd92402078ca9b8070422eb0939d3a1c6071_254x191.jpg?w=255
6a034c2435bf06475c27afc1,Navi Radjou,https://pi.tedcdn.com/r/pe.tedcdn.com/images/ted/f924ccdf62c737a74c62bced1e6626b7ed556552_254x191.jpg?w=255
6a034c24da446a102707f5c6,Marcin Jakubowski,https://pi.tedcdn.com/r/pe.tedcdn.com/images/ted/503a23c76db90a0bd39659d26987ad2a9df98834_254x191.jpg?w=255
6a034c24b9e30957c4388b4d,Francesco Sauro,https://pi.tedcdn.com/r/pe.tedcdn.com/images/ted/93e9e77e66deca004b50f6361b497b864d8b7c7b_254x191.jpg?w=255
6a034c249bbcd05aa3165aef,Randy Seriguchi Jr.,https://pi.tedcdn.com/r/ted-conferences-speaker-photos-production.s3.amazonaws.com/81neivfi1ucj2bqq0l32a0sz04yk?w=255
6a034c249bbcd05aa3165c37,David Kelley,https://pi.tedcdn.com/r/pe.tedcdn.com/images/ted/7948_254x191.jpg?w=255
6a034c24658f0b3b67d4a43a,Wanis Kabbaj,https://pi.tedcdn.com/r/pe.tedcdn.com/images/ted/22b6bfb2c740a26d2cd772e476958238b045d0ed_254x191.jpg?w=255
6a034c24b9e30957c4388a5d,Peter Ouko,https://pi.tedcdn.com/r/pe.tedcdn.com/images/ted/2ea2411e334a243e74cf8cd8518bff89d530c243_254x191.jpg?w=255
6a034c2435bf06475c27afc2,Nick Veasey,https://pi.tedcdn.com/r/pe.tedcdn.com/images/ted/139630_254x191.jpg?w=255
6a034c24b9e30957c4388b4f,Genevieve von Petzinger,https://pi.tedcdn.com/r/pe.tedcdn.com/images/ted/74ae89111a5d43d041e92a9e0efd0390503767fa_254x191.jpg?w=255
6a034c249bbcd05aa3165af5,Robb Willer,https://pi.tedcdn.com/r/pe.tedcdn.com/images/ted/6482c4a10234f87ef3b9b6d2289e0d8db12d7778_254x191.jpg?w=255
6a034c249bbcd05aa3165c41,Eleni Gabre-Madhin,https://pi.tedcdn.com/r/pe.tedcdn.com/images/ted/18570_254x191.jpg?w=255
6a034c24658f0b3b67d4a4ad,Jakob Christensen-Dalsgaard,https://tedblade-public-assets.s3.us-east-1.amazonaws.com/default-avatar.jpg
6a034c24da446a102707f5d4,Molly Crockett,https://pi.tedcdn.com/r/pe.tedcdn.com/images/ted/4f71bcb781fabfc7de1ee241d859ebd146d853d2_254x191.jpg?w=255
6a034c2435bf06475c27afca,P.W. Singer,https://tedblade-public-assets.s3.us-east-1.amazonaws.com/default-avatar.jpg
6a034c24b9e30957c4388b58,Greg Anderson,https://pi.tedcdn.com/r/pe.tedcdn.com/images/ted/1615da68bb4fb817ab6553c18bd4dd3b9bedb0d8_254x191.jpg?w=255
6a034c24b9e30957c4388a7b,Sheperd Doeleman,https://pi.tedcdn.com/r/pe.tedcdn.com/images/ted/f9edf763bba2e6e0c39f956f9039fe076e636d29_254x191.jpg?w=255
6a034c249bbcd05aa3165b8d,Angela Lee Duckworth,https://pi.tedcdn.com/r/pe.tedcdn.com/images/ted/653e6ae7dd37474bfb1d4951fb281be8000ee456_254x191.jpg?w=255
6a034c24658f0b3b67d4a4ba,Jordan Wirfs-Brock,https://tedblade-public-assets.s3.us-east-1.amazonaws.com/default-avatar.jpg
6a034c249bbcd05aa3165c94,TED Business,https://tedblade-public-assets.s3.us-east-1.amazonaws.com/default-avatar.jpg
6a034c2435bf06475c27b054,Johanna Benesty,https://pi.tedcdn.com/r/pe.tedcdn.com/images/ted/ae9874878107632ec2a059f93197e3da27bb1edf_254x191.jpg?w=255
6a034c24da446a102707f5f5,Sarah Aviram,https://tedblade-public-assets.s3.us-east-1.amazonaws.com/default-avatar.jpg
6a034c24b9e30957c4388a81,Suheir Hammad,https://pi.tedcdn.com/r/pe.tedcdn.com/images/ted/b699c0df5eff4319dcd15d2efbe2ecb07323d881_254x191.jpg?w=255
6a034c24b9e30957c4388b61,Iwan Baan,https://pi.tedcdn.com/r/ted-conferences-speaker-photos-production.s3.amazonaws.com/gwzdo7c4pdo7wyqvtloc5v7d8qyr?w=255
6a034c249bbcd05aa3165bbd,Gaby Barrios,https://pi.tedcdn.com/r/pe.tedcdn.com/images/ted/59400bdce96bed7bda104de4f4fea8243fa3102f_254x191.jpg?w=255
6a034c24658f0b3b67d4a4e3,Paco de Leon,https://pi.tedcdn.com/r/pe.tedcdn.com/images/ted/f951e6db9cf46a2d82e540b362eb850e628a51e9_254x191.jpg?w=255
6a034c2435bf06475c27b067,M. Alejandra Perotti,https://tedblade-public-assets.s3.us-east-1.amazonaws.com/default-avatar.jpg
6a034c25b4b11d1a485861b4,Emmanuel Schanzer,https://tedblade-public-assets.s3.us-east-1.amazonaws.com/default-avatar.jpg
6a034c24b9e30957c4388a9e,Barbara Thorne,https://tedblade-public-assets.s3.us-east-1.amazonaws.com/default-avatar.jpg
6a034c24d4881847be4b5071,Amanda Gorman,https://pi.tedcdn.com/r/pe.tedcdn.com/images/ted/1210cf09d883983d357845ebe18eb000114d9131_254x191.jpg?w=255
6a034c249bbcd05aa3165bc7,Viann Nguyen-Feng,https://tedblade-public-assets.s3.us-east-1.amazonaws.com/default-avatar.jpg
6a034c24658f0b3b67d4a4fb,Thomas Suarez,https://pi.tedcdn.com/r/pe.tedcdn.com/images/ted/d1b81a0caa7494e6fbdaadfdfc7a69014c35b1c5_254x191.jpg?w=255
6a034c25b4b11d1a485861fc,Far Flung,https://tedblade-public-assets.s3.us-east-1.amazonaws.com/default-avatar.jpg
6a034c2435bf06475c27b08e,Rose Eveleth,https://tedblade-public-assets.s3.us-east-1.amazonaws.com/default-avatar.jpg
6a034c24d4881847be4b5079,Anne Savage,https://tedblade-public-assets.s3.us-east-1.amazonaws.com/default-avatar.jpg
6a034c24b9e30957c4388ac7,Halla Tómasdóttir,https://pi.tedcdn.com/r/pe.tedcdn.com/images/ted/724fc62755c3fa954e2dd4eee3768881156d15a3_254x191.jpg?w=255
6a034c249bbcd05aa3165a89,Alan Siegel,https://pi.tedcdn.com/r/pe.tedcdn.com/images/ted/158620_254x191.jpg?w=255
6a034c249bbcd05aa3165bc8,Georges C. Benjamin,https://tedblade-public-assets.s3.us-east-1.amazonaws.com/default-avatar.jpg
6a034c2435bf06475c27b092,Sean Sherman,https://pi.tedcdn.com/r/pe.tedcdn.com/images/ted/1d69600cec101b460e3233777a2cb9ae787f4699_254x191.jpg?w=255
6a034c25b4b11d1a48586224,Neal Katyal,https://pi.tedcdn.com/r/pe.tedcdn.com/images/ted/931359ba26d1ee56b9327ccc74ab78dce0fda9c7_254x191.jpg?w=255
6a034c24b9e30957c4388ada,Kala Constantino,https://pi.tedcdn.com/r/ted-conferences-speaker-photos-production.s3.amazonaws.com/n6y1k3r2lin74gpjobuyip89sbyg?w=255
6a034c24d4881847be4b5081,Ash Beckham,https://pi.tedcdn.com/r/pe.tedcdn.com/images/ted/9cec2022d87568327a51a3722de80f19b686f2b7_254x191.jpg?w=255
6a034c249bbcd05aa3165a8d,Anant Agarwal,https://pi.tedcdn.com/r/pe.tedcdn.com/images/ted/a2f05a0f21af982c631f0aaef017909eb4aa5e76_254x191.jpg?w=255
6a034c249bbcd05aa3165bce,Hiromi Ozaki,https://tedblade-public-assets.s3.us-east-1.amazonaws.com/default-avatar.jpg
6a034c2435bf06475c27b095,Shaffi Mather,https://pi.tedcdn.com/r/pe.tedcdn.com/images/ted/136835_254x191.jpg?w=255
6a034c24b9e30957c4388b46,Eddie Jaku,https://tedblade-public-assets.s3.us-east-1.amazonaws.com/default-avatar.jpg
6a034c25b4b11d1a4858623d,Sarah Donnelly,https://pi.tedcdn.com/r/pe.tedcdn.com/images/ted/24b750adff2615e02c0132c64814230879c7017e_254x191.jpg?w=255
6a034c249bbcd05aa3165bf1,Maja Bosnic,https://pi.tedcdn.com/r/ted-conferences-speaker-photos-production.s3.amazonaws.com/j8nmwylrl8v2kcsed9opzsn4zvkj?w=255
6a034c249bbcd05aa3165a95,Ben Proudfoot,https://tedblade-public-assets.s3.us-east-1.amazonaws.com/default-avatar.jpg
6a034c24d4881847be4b5083,Anindya Kundu,https://pi.tedcdn.com/r/pe.tedcdn.com/images/ted/c1bf9056bdf23b63654cbe5e760c9ca7a52457e6_254x191.jpg?w=255
6a034c24b9e30957c4388b62,James Flynn,https://tedblade-public-assets.s3.us-east-1.amazonaws.com/default-avatar.jpg
6a034c2435bf06475c27b09c,Stephen Ritz,https://pi.tedcdn.com/r/pe.tedcdn.com/images/ted/d4e1e366176f90c106dbfd14b205eebe76bbec08_254x191.jpg?w=255
6a034c25b4b11d1a48586243,Sheryl Sandberg,https://pi.tedcdn.com/r/pe.tedcdn.com/images/ted/ab9dfcd148d9f69f83aaccb02be004a54fab65e9_254x191.jpg?w=255
6a034c249bbcd05aa3165aa9,Eddy Cartaya,https://pi.tedcdn.com/r/pe.tedcdn.com/images/ted/6046bc961a426f9deb4bd7e5c44bf9786dce2d83_254x191.jpg?w=255
6a034c249bbcd05aa3165c24,Angela Patton,https://pi.tedcdn.com/r/pe.tedcdn.com/images/ted/316cab66b9c6f05c7e9cc2fc7bcf0814253b27c6_254x191.jpg?w=255
6a034c24b9e30957c4388b8a,Mikhail Zygar,https://pi.tedcdn.com/r/pe.tedcdn.com/images/ted/a30fc5f64068476a55c856031b8ca677a032bf97_254x191.jpg?w=255
6a034c24d4881847be4b5096,Brenda Laurel,https://pi.tedcdn.com/r/pe.tedcdn.com/images/ted/74933_254x191.jpg?w=255
6a034c2437e0c30f44bd1cfb,Loretta Napoleoni,https://pi.tedcdn.com/r/pe.tedcdn.com/images/ted/135683_254x191.jpg?w=255
6a034c24b9e30957c4388baa,Susan Shaw,https://pi.tedcdn.com/r/pe.tedcdn.com/images/ted/186829_254x191.jpg?w=255
6a034c249bbcd05aa3165ad5,Lorna Davis,https://pi.tedcdn.com/r/pe.tedcdn.com/images/ted/c0a9a4339b6aca298b3752a0b70797df7a413ebb_254x191.jpg?w=255
6a034c24d4881847be4b50cb,Gloria Chan Packer,https://tedblade-public-assets.s3.us-east-1.amazonaws.com/default-avatar.jpg
6a034c249bbcd05aa3165c28,Bill Doyle,https://pi.tedcdn.com/r/pe.tedcdn.com/images/ted/9f4c9afb16c25e8578449fae4c67c86109cebb79_254x191.jpg?w=255
6a034c25b4b11d1a48586258,Tania Simoncelli,https://pi.tedcdn.com/r/pe.tedcdn.com/images/ted/73784900d19198fca0bfb0809422e379666a4b4a_254x191.jpg?w=255
6a034c2437e0c30f44bd1d27,Sting,https://pi.tedcdn.com/r/pe.tedcdn.com/images/ted/9be8a47b84634bf8df86f96291292a5a179903b0_254x191.jpg?w=255
6a034c24d4881847be4b50da,James Orsulak,https://tedblade-public-assets.s3.us-east-1.amazonaws.com/default-avatar.jpg
6a034c2437e0c30f44bd1d36,Özlem Cekic,https://pi.tedcdn.com/r/pe.tedcdn.com/images/ted/4abc65d3f9efd9e65e17c6c0be75ab1d76ba6e98_254x191.jpg?w=255
6a034c2437e0c30f44bd1d3f,Anne Curzan,https://pi.tedcdn.com/r/pe.tedcdn.com/images/ted/5788983dfac3cf5e4cce66b91c09c2dbe09c784a_254x191.jpg?w=255
6a034c2437e0c30f44bd1d73,Jennifer Golbeck,https://pi.tedcdn.com/r/ted-conferences-speaker-photos-production.s3.amazonaws.com/0hu92ee270sq79se82hsu1sjtiut?w=255
6a034c2437e0c30f44bd1d7e,Judy Cebra-Thomas,https://tedblade-public-assets.s3.us-east-1.amazonaws.com/default-avatar.jpg
6a034c2437e0c30f44bd1d95,Malcolm Gladwell,https://pi.tedcdn.com/r/ted-conferences-speaker-photos-production.s3.amazonaws.com/gne8ylpncgqjjchdm6im0ef5alup?w=255
6a034c2437e0c30f44bd1d9a,Bill Joy,https://pi.tedcdn.com/r/pe.tedcdn.com/images/ted/59819_254x191.jpg?w=255
6a034c2437e0c30f44bd1d9e,Melanie Nezer,https://pi.tedcdn.com/r/pe.tedcdn.com/images/ted/2f33d44619c22a4360a25597252e85952c7fbddc_254x191.jpg?w=255
6a034c2437e0c30f44bd1de7,Robert A. Belle,https://tedblade-public-assets.s3.us-east-1.amazonaws.com/default-avatar.jpg
6a034c2437e0c30f44bd1e28,Iain McGilchrist,https://tedblade-public-assets.s3.us-east-1.amazonaws.com/default-avatar.jpg
6a034c2437e0c30f44bd1e49,Josh Samani,https://tedblade-public-assets.s3.us-east-1.amazonaws.com/default-avatar.jpg
6a034c2437e0c30f44bd1e50,Julian Baggini,https://pi.tedcdn.com/r/pe.tedcdn.com/images/ted/b85d25b7845188409cdaa57eeb3163b9f0e99640_254x191.jpg?w=255
6a034c2437e0c30f44bd1e65,Matthew A. Wilson,https://tedblade-public-assets.s3.us-east-1.amazonaws.com/default-avatar.jpg
6a034c2437e0c30f44bd1e6d,Mitch Resnick,https://pi.tedcdn.com/r/pe.tedcdn.com/images/ted/5a044a7f70557ae935f0ec29ddc6a8b02f3a3249_254x191.jpg?w=255
6a034c2437e0c30f44bd1e7d,Mark Tyndall,https://pi.tedcdn.com/r/pe.tedcdn.com/images/ted/0e3a2c3e17f24446035991023b6a48bf1c09c307_254x191.jpg?w=255
6a034c2437e0c30f44bd1e8e,Rayma Suprani,https://pi.tedcdn.com/r/pe.tedcdn.com/images/ted/1998a1bedbd4684a1ed58a4a825b08df84a97e0b_254x191.jpg?w=255
6a034c2437e0c30f44bd1eb7,Stacey A. Gibson,https://tedblade-public-assets.s3.us-east-1.amazonaws.com/default-avatar.jpg
6a034c2437e0c30f44bd1ebf,Tim Adams,https://tedblade-public-assets.s3.us-east-1.amazonaws.com/default-avatar.jpg
6a034c245e700263ec4ad20d,Gautam Shah,https://pi.tedcdn.com/r/ted-conferences-speaker-photos-production.s3.amazonaws.com/c354kbrut25wz3p8ws0nhkzcaj3v?w=255
6a034c245e700263ec4ad254,Sara Menker,https://pi.tedcdn.com/r/pe.tedcdn.com/images/ted/10622c43fd232179141116cbeed488fdf31f17d2_254x191.jpg?w=255
6a034c245e700263ec4ad29d,Beth Ann Fennelly,https://tedblade-public-assets.s3.us-east-1.amazonaws.com/default-avatar.jpg
6a034c245e700263ec4ad2b3,Devin Shuman,https://tedblade-public-assets.s3.us-east-1.amazonaws.com/default-avatar.jpg
6a034c245e700263ec4ad2bd,Elizabeth Lyle,https://tedblade-public-assets.s3.us-east-1.amazonaws.com/default-avatar.jpg
6a034c245e700263ec4ad2d6,Frank Müller-Pierstorff,https://tedblade-public-assets.s3.us-east-1.amazonaws.com/default-avatar.jpg
6a034c245e700263ec4ad2f7,Julian Burschka,https://pi.tedcdn.com/r/pe.tedcdn.com/images/ted/9ee27136d784a331e4fa21816ee3f79ab4bf2d15_254x191.jpg?w=255
6a034c245e700263ec4ad31e,Mark Halliday,https://tedblade-public-assets.s3.us-east-1.amazonaws.com/default-avatar.jpg
6a034c245e700263ec4ad356,Rob Cooke,https://pi.tedcdn.com/r/pe.tedcdn.com/images/ted/f22fd1e838f1e7de7fbd355bd958a07b45eeccdb_254x191.jpg?w=255
6a034c245e700263ec4ad35e,Ronald Sullivan,https://pi.tedcdn.com/r/pe.tedcdn.com/images/ted/cc1f05ce87eef822f4cb39ed3e1c706ee75e8ae8_254x191.jpg?w=255
6a034c245e700263ec4ad369,Roni Shanoada,https://tedblade-public-assets.s3.us-east-1.amazonaws.com/default-avatar.jpg
6a034c245e700263ec4ad3a5,Ameya Gondhalekar,https://tedblade-public-assets.s3.us-east-1.amazonaws.com/default-avatar.jpg
6a034c245e700263ec4ad3c5,Francisco Díez-Buzo,https://tedblade-public-assets.s3.us-east-1.amazonaws.com/default-avatar.jpg
6a034c24658f0b3b67d4a2c6,Bono,https://pi.tedcdn.com/r/pe.tedcdn.com/images/ted/1300_253x190.jpg?w=255
6a034c24658f0b3b67d4a2e3,Deeyah Khan,https://pi.tedcdn.com/r/pe.tedcdn.com/images/ted/7f31770f197c79ec9e901b68df53bc9d93fe29ba_254x191.jpg?w=255
6a034c24658f0b3b67d4a2f0,Dr. Robert Talisse,https://tedblade-public-assets.s3.us-east-1.amazonaws.com/default-avatar.jpg
6a034c24658f0b3b67d4a305,Dr. Turi King,https://tedblade-public-assets.s3.us-east-1.amazonaws.com/default-avatar.jpg
6a034c24658f0b3b67d4a30e,Carl Schoonover,https://pi.tedcdn.com/r/pe.tedcdn.com/images/ted/210277e9425d0b9e0053419b09d1eff28c6361ea_254x191.jpg?w=255
6a034c24658f0b3b67d4a339,John Mullins,https://tedblade-public-assets.s3.us-east-1.amazonaws.com/default-avatar.jpg
6a034c24658f0b3b67d4a3c8,Sharon Terry,https://pi.tedcdn.com/r/pe.tedcdn.com/images/ted/8a43ad35ac3b9d94df4a013ddcc6111d949dbe0c_254x191.jpg?w=255
6a034c249bbcd05aa3165b06,Alice Pailhès,https://pi.tedcdn.com/r/pe.tedcdn.com/images/ted/e369176bc130928627e65e79d78d7c1ef29daaed_254x191.jpg?w=255
6a034c24658f0b3b67d4a3e2,Phnam Bagley,https://pi.tedcdn.com/r/ted-conferences-speaker-photos-production.s3.amazonaws.com/2zx06vcghumkyfh4v47eorus7ewr?w=255
6a034c24658f0b3b67d4a435,Peter Eigen,https://pi.tedcdn.com/r/pe.tedcdn.com/images/ted/147770_254x191.jpg?w=255
6a034c25b4b11d1a4858627c,Paolo Gaudiano,https://pi.tedcdn.com/r/ted-conferences-speaker-photos-production.s3.amazonaws.com/4127tq0jgmup6l9wsjeqzu3xm068?w=255
6a034c249bbcd05aa3165b48,John David Walters,https://tedblade-public-assets.s3.us-east-1.amazonaws.com/default-avatar.jpg
6a034c249bbcd05aa3165cac,Shou Chew,https://pi.tedcdn.com/r/ted-conferences-speaker-photos-production.s3.amazonaws.com/6uaw0nab4qvoilpuw3wt11ja456f?w=255
6a034c24658f0b3b67d4a443,Rick Warren,https://pi.tedcdn.com/r/pe.tedcdn.com/images/ted/1368_254x191.jpg?w=255
6a034c249bbcd05aa3165b52,Keith Weed,https://tedblade-public-assets.s3.us-east-1.amazonaws.com/default-avatar.jpg
6a034c25b4b11d1a485862b8,Ashton Cofer,https://pi.tedcdn.com/r/pe.tedcdn.com/images/ted/468279835d2f82c3086e815bdfb65f8e7728c9b8_254x191.jpg?w=255
6a034c24b9e30957c43889c3,Chris Gerdes,https://pi.tedcdn.com/r/pe.tedcdn.com/images/ted/4b9ed364ee5a312ab1e004dd8b31cfcc2f02837e_254x191.jpg?w=255
6a034c24658f0b3b67d4a445,Robin Kramer,https://pi.tedcdn.com/r/ted-conferences-speaker-photos-production.s3.amazonaws.com/4am79l6qlqsh1l1hyzmosnn3rnnw?w=255
6a034c249bbcd05aa3165b58,Laura Bates,https://tedblade-public-assets.s3.us-east-1.amazonaws.com/default-avatar.jpg
6a034c25b4b11d1a485862bc,Bektour Iskender,https://pi.tedcdn.com/r/ted-conferences-speaker-photos-production.s3.amazonaws.com/xx671akwmb33knvhdjqpq1y5sbbd?w=255
6a034c24658f0b3b67d4a450,Amir Nizar Zuabi,https://pi.tedcdn.com/r/ted-conferences-speaker-photos-production.s3.amazonaws.com/3npe1t0ax388yqtfsuvgw5fv11jq?w=255
6a034c249bbcd05aa3165b61,M Jackson,https://tedblade-public-assets.s3.us-east-1.amazonaws.com/default-avatar.jpg
6a034c25b4b11d1a485862e0,Hani Goodarzi,https://pi.tedcdn.com/r/ted-conferences-speaker-photos-production.s3.amazonaws.com/x74s14goyk9eijx47no1wkir895a?w=255
6a034c24b9e30957c43889d5,Dan Finkel,https://tedblade-public-assets.s3.us-east-1.amazonaws.com/default-avatar.jpg
6a034c24658f0b3b67d4a452,Anastasia Penright,https://pi.tedcdn.com/r/pe.tedcdn.com/images/ted/b9a1821353edb192f9d80ba882cd2baf6439482f_254x191.jpg?w=255
6a034c25b4b11d1a48586309,Katherine James,https://tedblade-public-assets.s3.us-east-1.amazonaws.com/default-avatar.jpg
6a034c24b9e30957c43889f2,James Spann,https://tedblade-public-assets.s3.us-east-1.amazonaws.com/default-avatar.jpg
6a034c249bbcd05aa3165ba8,David Gallo,https://pi.tedcdn.com/r/pe.tedcdn.com/images/ted/f512e69097ce96e9cc5555df5879d09c8d4c5c82_254x191.jpg?w=255
6a034c24658f0b3b67d4a4a8,eL Seed,https://pi.tedcdn.com/r/pe.tedcdn.com/images/ted/76b9f6ca9959be177679726a4ed1c9ff1d11910b_254x191.jpg?w=255
6a034c25b4b11d1a48586356,Stefana Broadbent,https://pi.tedcdn.com/r/pe.tedcdn.com/images/ted/99f18506befae92206a3578e4ab2c96b0ac7efad_254x191.jpg?w=255
6a034c24b9e30957c4388a62,Astro Teller,https://pi.tedcdn.com/r/pe.tedcdn.com/images/ted/1810458eb7de9f13245b7823c803e4b1d35aa102_254x191.jpg?w=255
6a034c249bbcd05aa3165bb7,Eric Mead,https://pi.tedcdn.com/r/pe.tedcdn.com/images/ted/155961_254x191.jpg?w=255
6a034c24658f0b3b67d4a4d0,Makhtoum Abdalla,https://pi.tedcdn.com/r/pe.tedcdn.com/images/ted/c390720bf167a781b584b64b027209b13eb110e8_254x191.jpg?w=255
6a034c25b4b11d1a4858636b,The Hartford,https://tedblade-public-assets.s3.us-east-1.amazonaws.com/default-avatar.jpg
6a034c24b9e30957c4388a66,Bonnie Bassler,https://pi.tedcdn.com/r/pe.tedcdn.com/images/ted/82596_254x191.jpg?w=255
6a034c249bbcd05aa3165bd5,Jake Wood,https://pi.tedcdn.com/r/pe.tedcdn.com/images/ted/cca67894564993fc457d5b243b5c18beb3908d48_254x191.jpg?w=255
6a034c25b4b11d1a48586384,Marisa Fick-Jordan,https://pi.tedcdn.com/r/pe.tedcdn.com/images/ted/49541_254x191.jpg?w=255
6a034c249bbcd05aa3165aa0,Damon Brown,https://tedblade-public-assets.s3.us-east-1.amazonaws.com/default-avatar.jpg
6a034c24b9e30957c4388a7c,Stacy Kauk,https://pi.tedcdn.com/r/ted-conferences-speaker-photos-production.s3.amazonaws.com/vcvozomihcdt9z1goiqrqdb2u1rj?w=255
6a034c25b4b11d1a485863a6,Jessa Gamble,https://pi.tedcdn.com/r/pe.tedcdn.com/images/ted/198862_254x191.jpg?w=255
6a034c249bbcd05aa3165ab0,Fred Swaniker,https://pi.tedcdn.com/r/pe.tedcdn.com/images/ted/adb367089a0e26ef5846d780ecfaf5fe8b0dc88c_254x191.jpg?w=255
6a034c249bbcd05aa3165c43,Emily King,https://pi.tedcdn.com/r/pe.tedcdn.com/images/ted/54cefa7886971be813b88306cac36bdca4a44c50_254x191.jpg?w=255
6a034c24d4881847be4b5133,Robert Hammond,https://pi.tedcdn.com/r/pe.tedcdn.com/images/ted/c6b2746ac9251268397ae4be014d43a8dfcda887_254x191.jpg?w=255
6a034c25b4b11d1a485863a9,Suki Kim,https://pi.tedcdn.com/r/pe.tedcdn.com/images/ted/e670750f01a5bea76853d97d91862d5fe9d48474_254x191.jpg?w=255
6a034c249bbcd05aa3165ab7,Harvey Fineberg,https://pi.tedcdn.com/r/pe.tedcdn.com/images/ted/afdc7b9a3775e4c23185a6b6bd7e5e39b7dee260_254x191.jpg?w=255
6a034c249bbcd05aa3165c4c,Gregory Berns,https://tedblade-public-assets.s3.us-east-1.amazonaws.com/default-avatar.jpg
6a034c24b9e30957c4388a7d,Stan Lee,https://tedblade-public-assets.s3.us-east-1.amazonaws.com/default-avatar.jpg
6a034c249bbcd05aa3165ace,Kelly Wanser,https://pi.tedcdn.com/r/pe.tedcdn.com/images/ted/a250e0b3926d4bd16b74bf939dc82065f7e245c3_254x191.jpg?w=255
6a034c24d4881847be4b5146,Shabana Basij-Rasikh,https://pi.tedcdn.com/r/pe.tedcdn.com/images/ted/a3d1bde712505f2be510f73b5fb0dd1c1b120ded_254x191.jpg?w=255
6a034c249bbcd05aa3165acf,Keren Elazari,https://tedblade-public-assets.s3.us-east-1.amazonaws.com/default-avatar.jpg
6a034c249bbcd05aa3165ad9,Madison Mohns,https://pi.tedcdn.com/r/ted-conferences-speaker-photos-production.s3.amazonaws.com/ii5cb2lu8clywvappld4jso8hs7r?w=255
6a034c249bbcd05aa3165b45,Jessica McCabe,https://tedblade-public-assets.s3.us-east-1.amazonaws.com/default-avatar.jpg
6a034c249bbcd05aa3165b46,Jill Tarter,https://tedblade-public-assets.s3.us-east-1.amazonaws.com/default-avatar.jpg
6a034c249bbcd05aa3165b75,Pedro Brugarolas,https://tedblade-public-assets.s3.us-east-1.amazonaws.com/default-avatar.jpg
6a034c249bbcd05aa3165b7b,Ralitsa Petrova,https://tedblade-public-assets.s3.us-east-1.amazonaws.com/default-avatar.jpg
6a034c249bbcd05aa3165b8b,Andrew Lovering,https://tedblade-public-assets.s3.us-east-1.amazonaws.com/default-avatar.jpg
6a034c249bbcd05aa3165bc5,Veerle Provoost,https://pi.tedcdn.com/r/pe.tedcdn.com/images/ted/7c64c5534458b512e65655f3f460abf5bb60ce01_254x191.jpg?w=255
6a034c249bbcd05aa3165bf9,Naomi R. Mercer,https://tedblade-public-assets.s3.us-east-1.amazonaws.com/default-avatar.jpg
6a034c249bbcd05aa3165c03,Peter Saul,https://pi.tedcdn.com/r/pe.tedcdn.com/images/ted/18af2208e11b5f2f68078c27112495b41c2f55f6_254x191.jpg?w=255
6a034c249bbcd05aa3165c51,Hillel Cooperman,https://pi.tedcdn.com/r/pe.tedcdn.com/images/ted/179725_254x191.jpg?w=255
6a034c249bbcd05aa3165c53,Ian Bremmer,https://pi.tedcdn.com/r/ted-conferences-speaker-photos-production.s3.amazonaws.com/fvsbumpskqfg11ls67zqjx1xfv7c?w=255
6a034c249bbcd05aa3165c78,Myles Allen,https://pi.tedcdn.com/r/pe.tedcdn.com/images/ted/dac7c96dc928117afbdebe026ad5fb2921b463d8_254x191.jpg?w=255
6a034c24d4881847be4b515d,Tim Nevius,https://pi.tedcdn.com/r/pe.tedcdn.com/images/ted/01ab7030c8a2d378dc27f86b3cad7cca3dab7da9_254x191.jpg?w=255
6a034c249bbcd05aa3165c7f,Nora McInerny,https://pi.tedcdn.com/r/pe.tedcdn.com/images/ted/96f78be07abcbb58fc159b7dba300d913d2a2e29_254x191.jpg?w=255
6a034c24d4881847be4b516d,monday.com,https://tedblade-public-assets.s3.us-east-1.amazonaws.com/default-avatar.jpg
6a034c249bbcd05aa3165c9a,Topher White,https://pi.tedcdn.com/r/pe.tedcdn.com/images/ted/ddb0bae6f3d3bcdb51366648928a1d7bbfff73d0_254x191.jpg?w=255
6a034c24d4881847be4b517e,Sarah Gray,https://pi.tedcdn.com/r/pe.tedcdn.com/images/ted/b5fce7fa2c2eead1aa7a8b6de3214c0b540cb795_254x191.jpg?w=255
6a034c24b9e30957c4388981,'Gbenga Sesan,https://tedblade-public-assets.s3.us-east-1.amazonaws.com/default-avatar.jpg
6a034c24d4881847be4b5198,Alice Goffman,https://pi.tedcdn.com/r/pe.tedcdn.com/images/ted/da650bde356424cddde666b4c041acc11fcd6b64_254x191.jpg?w=255
6a034c24b9e30957c4388a85,Todd Humphreys,https://pi.tedcdn.com/r/pe.tedcdn.com/images/ted/75f7ddd952f51c6c823d325364eae7359c5dd367_254x191.jpg?w=255
6a034c24b9e30957c438898a,Alejandro Aravena,https://pi.tedcdn.com/r/pe.tedcdn.com/images/ted/2d2063a0d2a8017de28a84c5ac70c9dab4a739ee_254x191.jpg?w=255
6a034c24d4881847be4b51cc,Joi Ito,https://pi.tedcdn.com/r/pe.tedcdn.com/images/ted/8b5e1fdab0f776496a3b87ed1e09ca1d838739a1_254x191.jpg?w=255
6a034c24b9e30957c43889bd,Chen Qiufan,https://pi.tedcdn.com/r/pe.tedcdn.com/images/ted/1b15175f9d7ba2b424f4459783c2cedda6115336_254x191.jpg?w=255
6a034c24b9e30957c4388aca,Inés Hercovich,https://pi.tedcdn.com/r/pe.tedcdn.com/images/ted/c97ef8228b54c329097ed3fe6c797032bc1de279_254x191.jpg?w=255
6a034c24d4881847be4b51d8,Kim Stanley Robinson,https://pi.tedcdn.com/r/pe.tedcdn.com/images/ted/561f32343c2d01370bce3eb60e2dd84ef45c8eb0_254x191.jpg?w=255
6a034c24b9e30957c43889be,Ian Goldin,https://pi.tedcdn.com/r/pe.tedcdn.com/images/ted/bd2f99b254c756f6ca94dc04cbdab79972223ecf_254x191.jpg?w=255
6a034c24b9e30957c4388ad5,John Soluri,https://tedblade-public-assets.s3.us-east-1.amazonaws.com/default-avatar.jpg
6a034c24d4881847be4b51db,Laura Boykin,https://pi.tedcdn.com/r/pe.tedcdn.com/images/ted/7901d48789c7e121c12a4598a96173ef9d71d1b0_254x191.jpg?w=255
6a034c24b9e30957c4388a2a,Jeff Hawkins,https://pi.tedcdn.com/r/pe.tedcdn.com/images/ted/8623_254x191.jpg?w=255
6a034c249bbcd05aa3165ca4,Sara Giusto,https://pi.tedcdn.com/r/ted-conferences-speaker-photos-production.s3.amazonaws.com/y216d6w1ju6qgfmdiyq0h6cx9w74?w=255
6a034c24b9e30957c4388b3f,Danny Hillis,https://pi.tedcdn.com/r/pe.tedcdn.com/images/ted/9e001dad9c1a45caa23a52328f8aa33a256f18ab_254x191.jpg?w=255
6a034c24d4881847be4b522f,Chibeze Ezekiel,https://tedblade-public-assets.s3.us-east-1.amazonaws.com/default-avatar.jpg
6a034c24b9e30957c4388a4d,Niaz Nawab,https://tedblade-public-assets.s3.us-east-1.amazonaws.com/default-avatar.jpg
6a034c24d4881847be4b5296,Sophal Ear,https://pi.tedcdn.com/r/pe.tedcdn.com/images/ted/100983_254x191.jpg?w=255
6a034c24d4881847be4b5085,Annalee Newitz,https://pi.tedcdn.com/r/ted-conferences-speaker-photos-production.s3.amazonaws.com/lpzcod7cjh71ftbcy6rfsf1ivjwl?w=255
6a034c249bbcd05aa3165cbe,Yeonmi Park,https://pi.tedcdn.com/r/pe.tedcdn.com/images/ted/5355869f683574c5ba32d8366cf8711b13867923_254x191.jpg?w=255
6a034c24b9e30957c4388a8b,William Butler Yeats,https://tedblade-public-assets.s3.us-east-1.amazonaws.com/default-avatar.jpg
6a034c24da446a102707f3c2,Eleni Myrivili,https://pi.tedcdn.com/r/ted-conferences-speaker-photos-production.s3.amazonaws.com/72txsgh383hd1k6lz1prm2wgggy0?w=255
6a034c24d4881847be4b508f,Bea Rodriguez-Fransen,https://tedblade-public-assets.s3.us-east-1.amazonaws.com/default-avatar.jpg
6a034c24b9e30957c43889c5,Christopher Bahl,https://pi.tedcdn.com/r/ted-conferences-speaker-photos-production.s3.amazonaws.com/9sygsbn0418xiif86hf3m4po6bv7?w=255
6a034c24b9e30957c4388aa8,Brian Goldman,https://pi.tedcdn.com/r/pe.tedcdn.com/images/ted/669bbd1792e55809298a4fcd95aad8d8c3bc9e46_254x191.jpg?w=255
6a034c24da446a102707f3db,James Bridle,https://pi.tedcdn.com/r/pe.tedcdn.com/images/ted/f56acc92785bdc3e2fa3b27b3604b477bd45f493_254x191.jpg?w=255
6a034c24d4881847be4b5093,Brad Troeger,https://tedblade-public-assets.s3.us-east-1.amazonaws.com/default-avatar.jpg
6a034c24b9e30957c43889d3,Dan Berkenstock,https://pi.tedcdn.com/r/pe.tedcdn.com/images/ted/f73fbc5ac3246933c71979e4ce86a8428ca2aa07_254x191.jpg?w=255
6a034c24b9e30957c4388abe,Emily Levine,https://pi.tedcdn.com/r/pe.tedcdn.com/images/ted/766a203ee663c50c2ccd22424852ca2579bb4d19_254x191.jpg?w=255
6a034c24d4881847be4b5087,Antonio Garcia Vicente,https://tedblade-public-assets.s3.us-east-1.amazonaws.com/default-avatar.jpg
6a034c24da446a102707f3f5,Katharina Ribbeck,https://tedblade-public-assets.s3.us-east-1.amazonaws.com/default-avatar.jpg
6a034c24b9e30957c43889d9,Danielle Feinberg,https://pi.tedcdn.com/r/pe.tedcdn.com/images/ted/94bf9a9247faf637b3e070de00c7913daa34c74b_254x191.jpg?w=255
6a034c24da446a102707f448,Rachel Armstrong,https://pi.tedcdn.com/r/pe.tedcdn.com/images/ted/126219_254x191.jpg?w=255
6a034c24d4881847be4b50a7,Dan Widmaier,https://pi.tedcdn.com/r/ted-conferences-speaker-photos-production.s3.amazonaws.com/mp82oylxj9vagn7h71b716oijusn?w=255
6a034c24da446a102707f499,Arinjay Banerjee,https://tedblade-public-assets.s3.us-east-1.amazonaws.com/default-avatar.jpg
6a034c24b9e30957c43889ee,Ananda Shankar Jayant,https://pi.tedcdn.com/r/pe.tedcdn.com/images/ted/178335_254x191.jpg?w=255
6a034c24d4881847be4b50b6,Cynthia Kenyon,https://pi.tedcdn.com/r/pe.tedcdn.com/images/ted/5c5959ed5cb6e542f9aa798935852cd1e0d6525f_254x191.jpg?w=255
6a034c24da446a102707f4a4,Olesya Khromeychuk,https://pi.tedcdn.com/r/ted-conferences-speaker-photos-production.s3.amazonaws.com/dygglvhi9xgmmygyia396s980j7s?w=255
6a034c24b9e30957c43889f7,Ilona Stengel,https://pi.tedcdn.com/r/pe.tedcdn.com/images/ted/77ce84c29df6bc16bb200b606ad6d00130b57d83_254x191.jpg?w=255
6a034c24da446a102707f4b1,Claron McFadden,https://pi.tedcdn.com/r/pe.tedcdn.com/images/ted/c36bbf1c1ce5d408e1208c3068e1babd55c44569_254x191.jpg?w=255
6a034c24b9e30957c4388a37,Sarah Elizabeth Charles,https://tedblade-public-assets.s3.us-east-1.amazonaws.com/default-avatar.jpg
6a034c24da446a102707f4ba,Rana el Kaliouby,https://pi.tedcdn.com/r/pe.tedcdn.com/images/ted/de414b319b867763b0479f0502b5584519cd8a77_254x191.jpg?w=255
6a034c24b9e30957c4388a4e,Alex Worsnip,https://tedblade-public-assets.s3.us-east-1.amazonaws.com/default-avatar.jpg
6a034c24da446a102707f4c1,David MacKay,https://pi.tedcdn.com/r/pe.tedcdn.com/images/ted/4342034e6efe3769c40c68f2b698f4507db5eb50_254x191.jpg?w=255
6a034c24b9e30957c4388a53,Noah Charney,https://tedblade-public-assets.s3.us-east-1.amazonaws.com/default-avatar.jpg
6a034c24da446a102707f502,John Q. Walker,https://tedblade-public-assets.s3.us-east-1.amazonaws.com/default-avatar.jpg
6a034c24b9e30957c4388a58,Jennifer Brea,https://tedblade-public-assets.s3.us-east-1.amazonaws.com/default-avatar.jpg
6a034c24da446a102707f50d,Karina Galperin,https://pi.tedcdn.com/r/pe.tedcdn.com/images/ted/d2498db2813fc3cfd904d910089dd4ff1b3b0e73_254x191.jpg?w=255
6a034c24b9e30957c4388a75,Tawanda Kanhema,https://pi.tedcdn.com/r/pe.tedcdn.com/images/ted/d7a5602b3e4dcbaeb6504a8f04d68c6ba8aaa9b1_254x191.jpg?w=255
6a034c24da446a102707f528,Nadia Al-Sakkaf,https://pi.tedcdn.com/r/pe.tedcdn.com/images/ted/8df3a6a095995fb8af347c936e9e156267caecf2_254x191.jpg?w=255
6a034c24b9e30957c4388a79,Shane Wickes,https://tedblade-public-assets.s3.us-east-1.amazonaws.com/default-avatar.jpg
6a034c24da446a102707f532,Rasmus Ankersen,https://tedblade-public-assets.s3.us-east-1.amazonaws.com/default-avatar.jpg
6a034c24b9e30957c4388ae6,Lord Nicholas Stern,https://pi.tedcdn.com/r/pe.tedcdn.com/images/ted/d68d7fbcf9cb4b018ee2c7e54e807ef172207c4d_254x191.jpg?w=255
6a034c24da446a102707f539,Sam Martin,https://pi.tedcdn.com/r/pe.tedcdn.com/images/ted/121314_254x191.jpg?w=255
6a034c24b9e30957c4388b00,Patricia Burchat,https://pi.tedcdn.com/r/pe.tedcdn.com/images/ted/a2f17443c7e7a14c0426d1e3c830d8bec9660a72_254x191.jpg?w=255
6a034c24da446a102707f53c,Severn Cullis-Suzuki,https://pi.tedcdn.com/r/pe.tedcdn.com/images/ted/6494bcf5fb160cd9f93a57d8809c61190026fa79_254x191.jpg?w=255
6a034c24b9e30957c4388b17,Tessa Clarke,https://pi.tedcdn.com/r/ted-conferences-speaker-photos-production.s3.amazonaws.com/efyqz8zbtu7k7eq4fht9bwm1atjf?w=255
6a034c24da446a102707f555,Susan M. Reverby,https://tedblade-public-assets.s3.us-east-1.amazonaws.com/default-avatar.jpg
6a034c24b9e30957c4388b21,Yoram Yovell,https://pi.tedcdn.com/r/ted-conferences-speaker-photos-production.s3.amazonaws.com/g7czk5e7gjy6v15ewdxlf03b4tho?w=255
6a034c24d4881847be4b50a5,Dan Katz,https://tedblade-public-assets.s3.us-east-1.amazonaws.com/default-avatar.jpg
6a034c24da446a102707f568, Mahogany-N-Motion,https://tedblade-public-assets.s3.us-east-1.amazonaws.com/default-avatar.jpg
6a034c24b9e30957c4388b3a,Christopher Soghoian,https://pi.tedcdn.com/r/pe.tedcdn.com/images/ted/78bd19dea910971194eb8b6cc4d3d0a416538f19_254x191.jpg?w=255
6a034c24da446a102707f57e,Bob Nease,https://tedblade-public-assets.s3.us-east-1.amazonaws.com/default-avatar.jpg
6a034c24d4881847be4b50b9,Daniel Hallak,https://pi.tedcdn.com/r/ted-conferences-speaker-photos-production.s3.amazonaws.com/u8naolz0iks0wsjbtw3q2r6fvize?w=255
6a034c24b9e30957c4388b55,Glen Henry,https://pi.tedcdn.com/r/pe.tedcdn.com/images/ted/2a631316a49d46ac9f06506500e6acaf336ea81b_254x191.jpg?w=255
6a034c24da446a102707f599,Erik Brynjolfsson,https://pi.tedcdn.com/r/pe.tedcdn.com/images/ted/95f4876f9d914142a906e20f3dfa9201d536715c_254x191.jpg?w=255
6a034c24d4881847be4b50d6,James Earle,https://tedblade-public-assets.s3.us-east-1.amazonaws.com/default-avatar.jpg
6a034c24d4881847be4b50cf,E.O. Wilson,https://tedblade-public-assets.s3.us-east-1.amazonaws.com/default-avatar.jpg
6a034c24b9e30957c4388b66,Jessica Ladd,https://pi.tedcdn.com/r/pe.tedcdn.com/images/ted/3d30041e5d15efaa98e6f4548816cfeebfb4a892_254x191.jpg?w=255
6a034c24da446a102707f5c5,Mani Vajipey,https://pi.tedcdn.com/r/pe.tedcdn.com/images/ted/c38aabfc4db0273cc72bb5948c11c704ffde7a7a_254x191.jpg?w=255
6a034c24d4881847be4b5111,Jennifer Heldmann,https://pi.tedcdn.com/r/ted-conferences-speaker-photos-production.s3.amazonaws.com/y38aep8aylpi3fvduoh0f35usg4n?w=255
6a034c24d4881847be4b50d5,Elizabeth Streb,https://pi.tedcdn.com/r/pe.tedcdn.com/images/ted/09d95630314041a136292de44cb1e0c0ab76b1d8_254x191.jpg?w=255
6a034c24b9e30957c4388b72,Katie Mack,https://pi.tedcdn.com/r/ted-conferences-speaker-photos-production.s3.amazonaws.com/6dh6shkj7g6ua34f09hpbvisis33?w=255
6a034c24da446a102707f5d1,Michael Sheen,https://pi.tedcdn.com/r/ted-conferences-speaker-photos-production.s3.amazonaws.com/ynvcjjwvjgxx5lrq3as6rxw3f7p3?w=255
6a034c24d4881847be4b5152,Maya Penn,https://pi.tedcdn.com/r/ted-conferences-speaker-photos-production.s3.amazonaws.com/xn88d1krqn0xoy34u1yx5rt8g089?w=255
6a034c249bbcd05aa3165c62,Kate Ackerman,https://tedblade-public-assets.s3.us-east-1.amazonaws.com/default-avatar.jpg
6a034c24d4881847be4b50ed,Gabriel Prieto,https://tedblade-public-assets.s3.us-east-1.amazonaws.com/default-avatar.jpg
6a034c24da446a102707f5fb,Shantell Martin,https://pi.tedcdn.com/r/pe.tedcdn.com/images/ted/e5d4cf1c42c59404dba9e0c3ec9d7d5323ee28cd_254x191.jpg?w=255
6a034c24b9e30957c4388b7b,Lisa Genova,https://pi.tedcdn.com/r/pe.tedcdn.com/images/ted/0916152261669df12261844c0092d92ae819fb03_254x191.jpg?w=255
6a034c24d4881847be4b5154,Mena Fombo,https://tedblade-public-assets.s3.us-east-1.amazonaws.com/default-avatar.jpg
6a034c249bbcd05aa3165c8e,Sian Leah Beilock,https://pi.tedcdn.com/r/pe.tedcdn.com/images/ted/f51c7ecc44d808df4f7babacd5d1edc8c1302c54_254x191.jpg?w=255
6a034c25b4b11d1a48586184,Adam Grosser,https://pi.tedcdn.com/r/pe.tedcdn.com/images/ted/46180_254x191.jpg?w=255
6a034c24b9e30957c4388b83,Matt Weinstein,https://pi.tedcdn.com/r/pe.tedcdn.com/images/ted/140398_254x191.jpg?w=255
6a034c24d4881847be4b5157,Tessa West,https://pi.tedcdn.com/r/ted-conferences-speaker-photos-production.s3.amazonaws.com/922yv6ehf7zjeqj7bj68tnlk25id?w=255
6a034c24d4881847be4b50f5,Kit Brooks,https://tedblade-public-assets.s3.us-east-1.amazonaws.com/default-avatar.jpg
6a034c249bbcd05aa3165ca5,Sarah Kurnick,https://pi.tedcdn.com/r/pe.tedcdn.com/images/ted/7dbae37a044d3acfb711f1962d08a9e9d99969e5_254x191.jpg?w=255
6a034c24d4881847be4b5190,Wendy Freedman,https://pi.tedcdn.com/r/pe.tedcdn.com/images/ted/f4527dbdfb9c3d4ab61cc0b89ac2a62bb350003b_254x191.jpg?w=255
6a034c24b9e30957c4388b97,Ray Laurence,https://tedblade-public-assets.s3.us-east-1.amazonaws.com/default-avatar.jpg
6a034c24d4881847be4b512f,Randall Hayes,https://tedblade-public-assets.s3.us-east-1.amazonaws.com/default-avatar.jpg
6a034c24b9e30957c438898e,Alwar Balasubramaniam,https://tedblade-public-assets.s3.us-east-1.amazonaws.com/default-avatar.jpg
6a034c24b9e30957c4388ba9,Sunni Patterson,https://pi.tedcdn.com/r/pe.tedcdn.com/images/ted/16dec229a9a8cf2234fb83bdc1af3b37ce44a0d7_254x191.jpg?w=255
6a034c24d4881847be4b5138,Ron McCallum,https://pi.tedcdn.com/r/pe.tedcdn.com/images/ted/74b3e023d7b2e2de72ca3d09f709a6f5cbb688cc_254x191.jpg?w=255
6a034c24d4881847be4b519a,Ami Klin,https://pi.tedcdn.com/r/pe.tedcdn.com/images/ted/6adb3a4715eac1b0ded9c973a0bc3925ec6e0e54_254x191.jpg?w=255
6a034c24b9e30957c438899d,Ian Ritchie,https://pi.tedcdn.com/r/pe.tedcdn.com/images/ted/0b117eb3cf69c7c13a66106f2119746330de45b3_254x191.jpg?w=255
6a034c24b9e30957c4388bab,Taken for Granted,https://tedblade-public-assets.s3.us-east-1.amazonaws.com/default-avatar.jpg
6a034c24d4881847be4b5151,Sxip Shirey + Rachelle Garniez,https://tedblade-public-assets.s3.us-east-1.amazonaws.com/default-avatar.jpg
6a034c24d4881847be4b51af,David Schwartz,https://tedblade-public-assets.s3.us-east-1.amazonaws.com/default-avatar.jpg
6a034c24b9e30957c43889b9,Cat Laine,https://pi.tedcdn.com/r/pe.tedcdn.com/images/ted/137575_254x191.jpg?w=255
6a034c24d4881847be4b51cf,Joshua Amponsem,https://pi.tedcdn.com/r/ted-conferences-speaker-photos-production.s3.amazonaws.com/90f7grqieb4nycq2kp7vvxgi48b5?w=255
6a034c24d4881847be4b50d3,Elizabeth Nyamayaro,https://pi.tedcdn.com/r/pe.tedcdn.com/images/ted/2c861ab88d4914dd980c93fb4e15fff183d624b9_254x191.jpg?w=255
6a034c24d4881847be4b5184,Siegfried Woldhek,https://pi.tedcdn.com/r/pe.tedcdn.com/images/ted/36742_254x191.jpg?w=255
6a034c24d4881847be4b51d0,Juliana Rotich,https://pi.tedcdn.com/r/ted-conferences-speaker-photos-production.s3.amazonaws.com/4q2ie8y7eccpjqa8ngw1yd8jue91?w=255
6a034c24d4881847be4b51b5,Elizabeth Stordeur Pryor,https://pi.tedcdn.com/r/pe.tedcdn.com/images/ted/13314203b8afb5b81f08d2524894d13c34941008_254x191.jpg?w=255
6a034c24d4881847be4b50d4,Jackie Savitz,https://pi.tedcdn.com/r/pe.tedcdn.com/images/ted/858545d274afc7fc396936b9052f9f0080a7bc39_254x191.jpg?w=255
6a034c24d4881847be4b51c1,Ian Bassin,https://pi.tedcdn.com/r/ted-conferences-speaker-photos-production.s3.amazonaws.com/93881c7q7hjldnenytz8r11e2qat?w=255
6a034c24d4881847be4b50e1,Eric Topol,https://pi.tedcdn.com/r/ted-conferences-speaker-photos-production.s3.amazonaws.com/egtmicct833drdxl4ctw0uq9m6sf?w=255
6a034c24d4881847be4b51c3,Jared Freid,https://tedblade-public-assets.s3.us-east-1.amazonaws.com/default-avatar.jpg
6a034c24b9e30957c43889d2,Hiroki Koga,https://pi.tedcdn.com/r/ted-conferences-speaker-photos-production.s3.amazonaws.com/dgwm456qc5knzm9761wqyp3ccyte?w=255
6a034c25b4b11d1a48586185,Adora Svitak,https://pi.tedcdn.com/r/pe.tedcdn.com/images/ted/160856_254x191.jpg?w=255
6a034c24d4881847be4b50e9,Fahad Saeed,https://tedblade-public-assets.s3.us-east-1.amazonaws.com/default-avatar.jpg
6a034c24d4881847be4b51c6,Jeanne Pinder,https://pi.tedcdn.com/r/pe.tedcdn.com/images/ted/ab105080c6cc911f0c02227243799f0e8e6e0b24_254x191.jpg?w=255
6a034c24d4881847be4b50fa,Lee Smolin,https://pi.tedcdn.com/r/pe.tedcdn.com/images/ted/58246_254x191.jpg?w=255
6a034c24b9e30957c43889fa,Joe von Fischer,https://tedblade-public-assets.s3.us-east-1.amazonaws.com/default-avatar.jpg
6a034c25b4b11d1a48586198,Body Stuff with Dr. Jen Gunter,https://tedblade-public-assets.s3.us-east-1.amazonaws.com/default-avatar.jpg
6a034c24d4881847be4b5261,Liz Fosslien,https://pi.tedcdn.com/r/pe.tedcdn.com/images/ted/b9b7297882309f88a7ea97074681e13fee169076_254x191.jpg?w=255
6a034c24d4881847be4b5110,Michael Moschen,https://pi.tedcdn.com/r/pe.tedcdn.com/images/ted/41109_254x191.jpg?w=255
6a034c24b9e30957c4388a06,Kristin Jones,https://pi.tedcdn.com/r/pe.tedcdn.com/images/ted/39227faeaf3ec8d5ab9e5db26727a9704b691d5b_254x191.jpg?w=255
6a034c24d4881847be4b5288,Ralph Nader,https://pi.tedcdn.com/r/pe.tedcdn.com/images/ted/547f869daacbb1f086e7951a9eeae02bff042cad_254x191.jpg?w=255
6a034c24d4881847be4b51f5,Payton M. Wilkins,https://tedblade-public-assets.s3.us-east-1.amazonaws.com/default-avatar.jpg
6a034c25b4b11d1a485861b0,Alicia Eggert,https://pi.tedcdn.com/r/pe.tedcdn.com/images/ted/5cf8ea6e3e19adf245d4e7f24eb039baca966201_254x191.jpg?w=255
6a034c24d4881847be4b5139,Lee Hotz,https://tedblade-public-assets.s3.us-east-1.amazonaws.com/default-avatar.jpg
6a034c24b9e30957c4388a09,Julie Burstein,https://pi.tedcdn.com/r/pe.tedcdn.com/images/ted/9275e4c5f17be62d430ca57e19a94cf8f1cd1a9b_254x191.jpg?w=255
6a034c24da446a102707f3aa,Chad Orzel,https://tedblade-public-assets.s3.us-east-1.amazonaws.com/default-avatar.jpg
6a034c25b4b11d1a485861c2,Euna Lee,https://pi.tedcdn.com/r/pe.tedcdn.com/images/ted/c2dabff885b103a8a248d33de5d8cebc4ae7ca81_254x191.jpg?w=255
6a034c24d4881847be4b5218,Wale Elegbede,https://pi.tedcdn.com/r/pe.tedcdn.com/images/ted/463cf36c10ee02c95dd88ff8244e0f035060bf92_254x191.jpg?w=255
6a034c24d4881847be4b516e,Paul Moller,https://pi.tedcdn.com/r/pe.tedcdn.com/images/ted/65191_254x191.jpg?w=255
6a034c25b4b11d1a485861dc,Damien Riehl,https://pi.tedcdn.com/r/ted-conferences-speaker-photos-production.s3.amazonaws.com/eplm1bq47uijg5v52adohsm5zpq9?w=255
6a034c24d4881847be4b5241,Felipe Sánchez Luna,https://pi.tedcdn.com/r/ted-conferences-speaker-photos-production.s3.amazonaws.com/9qpg13aa2um8aehe1r8py3y9dceb?w=255
6a034c24da446a102707f3e1,Jill Shargaa,https://pi.tedcdn.com/r/pe.tedcdn.com/images/ted/705b58d24cd4f7250dd05cd1b161fade64367436_254x191.jpg?w=255
6a034c24d4881847be4b51d4,Katherine Hampsten,https://tedblade-public-assets.s3.us-east-1.amazonaws.com/default-avatar.jpg
6a034c24b9e30957c4388a0b,Julio Gil,https://pi.tedcdn.com/r/pe.tedcdn.com/images/ted/398317289207d9d1c016eef7e6dac63d05d20593_254x191.jpg?w=255
6a034c25b4b11d1a485861ef,Dustin Yellin,https://tedblade-public-assets.s3.us-east-1.amazonaws.com/default-avatar.jpg
6a034c24d4881847be4b524e,Jan Chipchase,https://pi.tedcdn.com/r/pe.tedcdn.com/images/ted/18519_254x191.jpg?w=255
6a034c24d4881847be4b51da,Laura Boushnak,https://pi.tedcdn.com/r/pe.tedcdn.com/images/ted/50cace3e4a54fd277172f5c7a10b8d385d004109_254x191.jpg?w=255
6a034c24da446a102707f3e7, Kaz,https://pi.tedcdn.com/r/pe.tedcdn.com/images/ted/ee49a15d022a9b51db2531f4e63a2f93f48eca1a_254x191.jpg?w=255
6a034c25b4b11d1a48586215,Matt Russo,https://pi.tedcdn.com/r/pe.tedcdn.com/images/ted/970f70ec1db9d8ee88589b92195a266eb3054683_254x191.jpg?w=255
6a034c24b9e30957c4388a15,Lindsay DeMarchi,https://tedblade-public-assets.s3.us-east-1.amazonaws.com/default-avatar.jpg
6a034c24d4881847be4b51fe,Ryan Holladay,https://pi.tedcdn.com/r/pe.tedcdn.com/images/ted/3ca17e776a01ad7e403bf56e6085aaf976a62e8c_254x191.jpg?w=255
6a034c25b4b11d1a4858621f,James Zucker,https://tedblade-public-assets.s3.us-east-1.amazonaws.com/default-avatar.jpg
6a034c24da446a102707f3f6,Amber M. Yates,https://tedblade-public-assets.s3.us-east-1.amazonaws.com/default-avatar.jpg
6a034c24b9e30957c4388a45,Charles Hazlewood + British Paraorchestra,https://tedblade-public-assets.s3.us-east-1.amazonaws.com/default-avatar.jpg
6a034c24d4881847be4b51ff,Salvatore Iaconesi,https://pi.tedcdn.com/r/pe.tedcdn.com/images/ted/26b5303c57ab915f203ba3c9c596f5134ec66cd2_254x191.jpg?w=255
6a034c25b4b11d1a4858622a,Nila Ibrahimi,https://pi.tedcdn.com/r/ted-conferences-speaker-photos-production.s3.amazonaws.com/db2l6reewefgkxpx7vao3okyopon?w=255
6a034c24b9e30957c4388a5c,Joy Sun,https://pi.tedcdn.com/r/pe.tedcdn.com/images/ted/bf69adf7d82bd4a3a95ff6bd7a7b855397f069c1_254x191.jpg?w=255
6a034c24da446a102707f441,Geoffrey Canada,https://pi.tedcdn.com/r/pe.tedcdn.com/images/ted/9859f605f3dfe14e4f24262e91b82bcdad727954_254x191.jpg?w=255
6a034c24d4881847be4b5204,Shari Davis,https://pi.tedcdn.com/r/pe.tedcdn.com/images/ted/8cd90aacb0aa1b33dc626c95fc90d8f018c4dbc2_254x191.jpg?w=255
6a034c25b4b11d1a48586261,Maria Elena De Obaldia,https://tedblade-public-assets.s3.us-east-1.amazonaws.com/default-avatar.jpg
6a034c24b9e30957c4388ac6,Greg Gage,https://pi.tedcdn.com/r/pe.tedcdn.com/images/ted/74cfb3d2b03a8bd1ae153c1945b18ca99c345581_254x191.jpg?w=255
6a034c25b4b11d1a485862b7,Ashkbiz Danehkar,https://tedblade-public-assets.s3.us-east-1.amazonaws.com/default-avatar.jpg
6a034c24da446a102707f466,Jodie Houlston-Lau,https://tedblade-public-assets.s3.us-east-1.amazonaws.com/default-avatar.jpg
6a034c24d4881847be4b5220,Alexis Powell-Howard,https://tedblade-public-assets.s3.us-east-1.amazonaws.com/default-avatar.jpg
6a034c24b9e30957c4388a80,Steven Pinker,https://pi.tedcdn.com/r/ted-conferences-speaker-photos-production.s3.amazonaws.com/2inda4zt9b1u7dzx0e3xmrpac8as?w=255
6a034c25b4b11d1a4858630c,Richard Resnick,https://pi.tedcdn.com/r/pe.tedcdn.com/images/ted/cff2143ef1ebaf1fd6c86fb5106c96d59f0651f1_254x191.jpg?w=255
6a034c24da446a102707f49c,Astrid J. Hsu,https://tedblade-public-assets.s3.us-east-1.amazonaws.com/default-avatar.jpg
6a034c24d4881847be4b5225,Andrew Arruda,https://tedblade-public-assets.s3.us-east-1.amazonaws.com/default-avatar.jpg
6a034c24b9e30957c4388ae7,Lucie Pinson,https://pi.tedcdn.com/r/pe.tedcdn.com/images/ted/7c1a0792b9ab483eef4f34bc556fffa8a4065301_254x191.jpg?w=255
6a034c25b4b11d1a4858632c,May El-Khalil,https://pi.tedcdn.com/r/pe.tedcdn.com/images/ted/ce66692aedfaa27aa4be106078af4a07afd930b7_254x191.jpg?w=255
6a034c24da446a102707f49f,Aubrey de Grey,https://pi.tedcdn.com/r/pe.tedcdn.com/images/ted/16458d0f5725d3a196b41a965991a673c1a16729_254x191.jpg?w=255
6a034c24d4881847be4b5252,Jenell Johnson,https://tedblade-public-assets.s3.us-east-1.amazonaws.com/default-avatar.jpg
6a034c24b9e30957c4388af8,Mikael Fogelstrom,https://tedblade-public-assets.s3.us-east-1.amazonaws.com/default-avatar.jpg
6a034c25b4b11d1a48586343,Jorge Drexler,https://pi.tedcdn.com/r/pe.tedcdn.com/images/ted/aee22084785a456f697e2ccc68170554e67237e1_254x191.jpg?w=255
6a034c24b9e30957c4388aa5,Bill Gates,https://pi.tedcdn.com/r/ted-conferences-speaker-photos-production.s3.amazonaws.com/sruntwqpmn6de65ae2ozuz9zhdwz?w=255
6a034c24da446a102707f4bd,David Bismark,https://pi.tedcdn.com/r/pe.tedcdn.com/images/ted/210356_254x191.jpg?w=255
6a034c24d4881847be4b5279,Nadjia Yousif,https://pi.tedcdn.com/r/pe.tedcdn.com/images/ted/e79bff4032a0cea2985e65e82fd7a109f78c6a65_254x191.jpg?w=255
6a034c25b4b11d1a48586360,Suzanne Lee,https://pi.tedcdn.com/r/pe.tedcdn.com/images/ted/61d4d91dfbdf26b874de304f0266b10e22627e4a_254x191.jpg?w=255
6a034c24d4881847be4b52a2,Will Hurd,https://pi.tedcdn.com/r/pe.tedcdn.com/images/ted/827fc88df1c3132519493ac0508cf453be98d909_254x191.jpg?w=255
6a034c24b9e30957c4388aaf,Christopher Ategeka,https://pi.tedcdn.com/r/pe.tedcdn.com/images/ted/5c8d85336941c66886ad6cffd5828b42a0c53c3c_254x191.jpg?w=255
6a034c24b9e30957c4388b0f,Sarah Kay,https://pi.tedcdn.com/r/ted-conferences-speaker-photos-production.s3.amazonaws.com/8c7zyn843gd6jzk1gwd3yf5fb07s?w=255
6a034c24da446a102707f4eb,Imogen Heap,https://pi.tedcdn.com/r/pe.tedcdn.com/images/ted/116400_254x191.jpg?w=255
6a034c24d4881847be4b5282,Paul Piff,https://pi.tedcdn.com/r/pe.tedcdn.com/images/ted/5cbf21c86f2f14543785ff69252676088e1b2c5c_254x191.jpg?w=255
6a034c24da446a102707f4ed,Irena Arslanova,https://pi.tedcdn.com/r/ted-conferences-speaker-photos-production.s3.amazonaws.com/00e77ice6jnlxc3hfsw7vle89ovd?w=255
6a034c24da446a102707f540,Siska De Baerdemaeker,https://tedblade-public-assets.s3.us-east-1.amazonaws.com/default-avatar.jpg
6a034c24b9e30957c4388b34,Caroline Phillips,https://pi.tedcdn.com/r/pe.tedcdn.com/images/ted/199605_254x191.jpg?w=255
6a034c24da446a102707f5d9,Nicole Rycroft,https://pi.tedcdn.com/r/ted-conferences-speaker-photos-production.s3.amazonaws.com/tss64twvu0h7tkoo4wmhk3en6549?w=255
6a034c24b9e30957c4388b3b,Coya Paz Brownrigg,https://pi.tedcdn.com/r/pe.tedcdn.com/images/ted/a1c7d798b1643a4f335c9afffc85ac7b5fe34988_254x191.jpg?w=255
6a034c24da446a102707f5dc,Noah Tavlin,https://tedblade-public-assets.s3.us-east-1.amazonaws.com/default-avatar.jpg
6a034c24b9e30957c4388b84,McKenna Pope,https://pi.tedcdn.com/r/pe.tedcdn.com/images/ted/fd3cc3880d31915cd4cdd5f001fc02a6fd471877_254x191.jpg?w=255
6a034c24b9e30957c4388b91,Parag Khanna,https://pi.tedcdn.com/r/pe.tedcdn.com/images/ted/415934521ffdafa90ff6910a7b5fd90d956e1930_254x191.jpg?w=255
6a034c24b9e30957c4388bac,Tara Boroushaki,https://pi.tedcdn.com/r/ted-conferences-speaker-photos-production.s3.amazonaws.com/cwmvvq9apy928fol3ttknutf4310?w=255
6a034c24d4881847be4b52a5,Yuko Morita,https://tedblade-public-assets.s3.us-east-1.amazonaws.com/default-avatar.jpg
6a034c24da446a102707f39d,Amy Adkins,https://tedblade-public-assets.s3.us-east-1.amazonaws.com/default-avatar.jpg
6a034c24da446a102707f3a8,Canwen Xu,https://tedblade-public-assets.s3.us-east-1.amazonaws.com/default-avatar.jpg
6a034c24da446a102707f3bb,Deb Roy,https://pi.tedcdn.com/r/pe.tedcdn.com/images/ted/0e113d2fdd718e09fe7bdf510d8f92694c99d155_254x191.jpg?w=255
6a034c24da446a102707f3fa,Krishna Sudhir,https://tedblade-public-assets.s3.us-east-1.amazonaws.com/default-avatar.jpg
6a034c24da446a102707f433,Nora Brown,https://pi.tedcdn.com/r/pe.tedcdn.com/images/ted/7a9c2ef7d588f43e89b42b17f54caad59e043010_254x191.jpg?w=255
6a034c24da446a102707f46a,John Kitching,https://tedblade-public-assets.s3.us-east-1.amazonaws.com/default-avatar.jpg
6a034c24da446a102707f46e,Juan López-Aranguren,https://tedblade-public-assets.s3.us-east-1.amazonaws.com/default-avatar.jpg
6a034c24da446a102707f481,Adena Friedman,https://pi.tedcdn.com/r/pe.tedcdn.com/images/ted/4704add0875595fffbf723b794f5720363ab768e_254x191.jpg?w=255
6a034c24da446a102707f483,Alastair Parvin,https://pi.tedcdn.com/r/pe.tedcdn.com/images/ted/1c4d7ec1edc31b9870e2f8ca256aa853da548736_254x191.jpg?w=255
6a034c24d4881847be4b5072,Alexis Charpentier,https://pi.tedcdn.com/r/pe.tedcdn.com/images/ted/e5109832a9b378c245c4e75d536b79df480f93c5_254x191.jpg?w=255
6a034c24da446a102707f4ea,Tanmay Bakshi,https://tedblade-public-assets.s3.us-east-1.amazonaws.com/default-avatar.jpg
6a034c24d4881847be4b50b1,David York,https://tedblade-public-assets.s3.us-east-1.amazonaws.com/default-avatar.jpg
6a034c24da446a102707f50c,Karima Bennoune,https://pi.tedcdn.com/r/pe.tedcdn.com/images/ted/3cbf01597021e187824f20d2ec20d8a4c41391c4_254x191.jpg?w=255
6a034c24d4881847be4b50cc,Drew Silverstein,https://tedblade-public-assets.s3.us-east-1.amazonaws.com/default-avatar.jpg
6a034c24da446a102707f50e,Katie Hood,https://pi.tedcdn.com/r/pe.tedcdn.com/images/ted/9f97b3d4f3eb9386aa90b359f89472f2a8a494de_254x191.jpg?w=255
6a034c24d4881847be4b50ec,June Sarpong,https://pi.tedcdn.com/r/ted-conferences-speaker-photos-production.s3.amazonaws.com/m408o5f3xwwfdme7m7cf715hw2mj?w=255
6a034c24da446a102707f510,Kriti Sharma,https://pi.tedcdn.com/r/pe.tedcdn.com/images/ted/e707751e6befe482cf02e7a49a678e0077baaffb_254x191.jpg?w=255
6a034c24d4881847be4b512b,Kate Stafford,https://pi.tedcdn.com/r/pe.tedcdn.com/images/ted/35845679f2d1639cfab60e41a0d74fcd539770e1_254x191.jpg?w=255
6a034c24da446a102707f518,Lisa Winer,https://tedblade-public-assets.s3.us-east-1.amazonaws.com/default-avatar.jpg
6a034c24d4881847be4b513c,Lesley Hazleton,https://pi.tedcdn.com/r/pe.tedcdn.com/images/ted/10ea0061b6e2c60010aabec39cb5fa2b924b41b0_254x191.jpg?w=255
6a034c24da446a102707f51a,Maija Williams,https://tedblade-public-assets.s3.us-east-1.amazonaws.com/default-avatar.jpg
6a034c24d4881847be4b5141,Sanjay Pradhan,https://pi.tedcdn.com/r/pe.tedcdn.com/images/ted/cd9565c5d15578de37716fb7063853d30bd5df46_254x191.jpg?w=255
6a034c24d4881847be4b5150,Marwa Al-Sabouni,https://pi.tedcdn.com/r/pe.tedcdn.com/images/ted/7ead835d1993de4131941e972fc94bea4caa7e34_254x191.jpg?w=255
6a034c24da446a102707f546,Stephen Petranek,https://pi.tedcdn.com/r/pe.tedcdn.com/images/ted/16442_254x191.jpg?w=255
6a034c24d4881847be4b5159,The Holladay Brothers,https://tedblade-public-assets.s3.us-east-1.amazonaws.com/default-avatar.jpg
6a034c24da446a102707f56d,Aicha Evans,https://pi.tedcdn.com/r/pe.tedcdn.com/images/ted/09fb3e9aa1aab57a0dbf42b402dfb50bedce9948_254x191.jpg?w=255
6a034c24d4881847be4b5176,Robert Katzschmann,https://pi.tedcdn.com/r/ted-conferences-speaker-photos-production.s3.amazonaws.com/7mh5hmxbggi4meiw0wlkl8l1okow?w=255
6a034c24da446a102707f573,Anthony Fauci,https://pi.tedcdn.com/r/ted-conferences-speaker-photos-production.s3.amazonaws.com/j72bn0ckv251d1epbzqn7vf9w8ru?w=255
6a034c24da446a102707f59a,Ernest Madu,https://pi.tedcdn.com/r/pe.tedcdn.com/images/ted/38810_254x191.jpg?w=255
6a034c24d4881847be4b5178,Robert Wright,https://pi.tedcdn.com/r/pe.tedcdn.com/images/ted/1299_253x190.jpg?w=255
6a034c24da446a102707f59e,Gavin Pretor-Pinney,https://pi.tedcdn.com/r/pe.tedcdn.com/images/ted/35433d0d5cf9fe0659e886170b049f24d325040c_254x191.jpg?w=255
6a034c24d4881847be4b517a,Roz Savage,https://pi.tedcdn.com/r/pe.tedcdn.com/images/ted/c339152ef05d53d38e623557b5bbd718274d501a_254x191.jpg?w=255
6a034c24da446a102707f5a5,Jakob Magolan,https://pi.tedcdn.com/r/pe.tedcdn.com/images/ted/4cad765cfbb9ff54ef5b59f13c6a7d62460b6125_254x191.jpg?w=255
6a034c24da446a102707f5bf,Laura Trice,https://pi.tedcdn.com/r/pe.tedcdn.com/images/ted/54315_254x191.jpg?w=255
6a034c24d4881847be4b517f,Sarah Kessans,https://tedblade-public-assets.s3.us-east-1.amazonaws.com/default-avatar.jpg
6a034c24da446a102707f5f8,Sebastian Thrun,https://pi.tedcdn.com/r/pe.tedcdn.com/images/ted/71a65d5bcdb9ea46afa9053605edbbd71e0aa884_254x191.jpg?w=255
6a034c24d4881847be4b518b,Tom Wujec,https://pi.tedcdn.com/r/pe.tedcdn.com/images/ted/35415_254x191.jpg?w=255
6a034c24da446a102707f5fa,Shameran Abed,https://pi.tedcdn.com/r/pe.tedcdn.com/images/ted/7c7e6b331189942a61a7de48365c724fa8a3d7de_254x191.jpg?w=255
6a034c24d4881847be4b5194,Yvette Cabrera,https://pi.tedcdn.com/r/ted-conferences-speaker-photos-production.s3.amazonaws.com/o80w42l465t03rsz8bpvz1fyr8l8?w=255
6a034c24d4881847be4b51dd,Lorenzo García-Amaya,https://tedblade-public-assets.s3.us-east-1.amazonaws.com/default-avatar.jpg
6a034c24da446a102707f60c,Wendy Suzuki,https://pi.tedcdn.com/r/pe.tedcdn.com/images/ted/7b840fa3054908bceb51895623608f7a8294a5a3_254x191.jpg?w=255
6a034c24d4881847be4b51ea,Michael Rubinstein,https://pi.tedcdn.com/r/pe.tedcdn.com/images/ted/5a7f055b5e12ce434da16082decb756efa849d83_254x191.jpg?w=255
6a034c25b4b11d1a48586189,Alex Amouyel,https://pi.tedcdn.com/r/ted-conferences-speaker-photos-production.s3.amazonaws.com/ztv1wphvybmzp156xtzh6sxlk64n?w=255
6a034c24d4881847be4b520b,Stephen Wolfram,https://pi.tedcdn.com/r/pe.tedcdn.com/images/ted/166844_254x191.jpg?w=255
6a034c25b4b11d1a4858618c,Anand Giridharadas,https://pi.tedcdn.com/r/pe.tedcdn.com/images/ted/3fefe059c10a57427611c0264a5e3a4e91f42fdd_254x191.jpg?w=255
6a034c24d4881847be4b522c,C.K. Williams,https://tedblade-public-assets.s3.us-east-1.amazonaws.com/default-avatar.jpg
6a034c25b4b11d1a485861d7,Good Sport,https://tedblade-public-assets.s3.us-east-1.amazonaws.com/default-avatar.jpg
6a034c24d4881847be4b529c,The Audacious Project,https://tedblade-public-assets.s3.us-east-1.amazonaws.com/default-avatar.jpg
6a034c25b4b11d1a4858623f,Sarah Longwell,https://pi.tedcdn.com/r/ted-conferences-speaker-photos-production.s3.amazonaws.com/56nxvm3w3wqrjhqelggn0uxu1w4z?w=255
6a034c25b4b11d1a4858624b,Sougwen Chung,https://pi.tedcdn.com/r/pe.tedcdn.com/images/ted/d810cbdfeda4410053c0a8d1660694e4fe0dba81_254x191.jpg?w=255
6a034c24da446a102707f3ef,Karen Lloyd,https://pi.tedcdn.com/r/pe.tedcdn.com/images/ted/b25f0d7ad48cf8dab288d763c8ccfc6c935f0914_254x191.jpg?w=255
6a034c25b4b11d1a4858624d,Suleika Jaouad,https://pi.tedcdn.com/r/ted-conferences-speaker-photos-production.s3.amazonaws.com/f62pl6aaapm650xjtanx36atsar8?w=255
6a034c24da446a102707f412,Celina de Sola,https://pi.tedcdn.com/r/ted-conferences-speaker-photos-production.s3.amazonaws.com/1bqptckojd3ifpzpd7jqcztsrjrs?w=255
6a034c25b4b11d1a4858628a,Ruchi Sinha,https://tedblade-public-assets.s3.us-east-1.amazonaws.com/default-avatar.jpg
6a034c24da446a102707f419,Chuck Plunkett,https://pi.tedcdn.com/r/pe.tedcdn.com/images/ted/2ba8d77eb9ff555a46bd287a45fdc6161454fe65_254x191.jpg?w=255
6a034c24b9e30957c4388ac0,Emma Belcher,https://pi.tedcdn.com/r/pe.tedcdn.com/images/ted/898673c8eacd55259c7370e3f6ce1d26f347af41_254x191.jpg?w=255
6a034c24da446a102707f42f,Douglas J. Casa,https://tedblade-public-assets.s3.us-east-1.amazonaws.com/default-avatar.jpg
6a034c25b4b11d1a485862e9,Andrew Youn,https://pi.tedcdn.com/r/pe.tedcdn.com/images/ted/2c342f958dc3c6ae642a30f371a8ebee0ad645c6_254x191.jpg?w=255
6a034c24da446a102707f479,Liu Bolin,https://pi.tedcdn.com/r/pe.tedcdn.com/images/ted/4c92856e9248c803c8328819051734be5b7d50d6_254x191.jpg?w=255
6a034c24b9e30957c4388af2,Meg Jacobs,https://tedblade-public-assets.s3.us-east-1.amazonaws.com/default-avatar.jpg
6a034c25b4b11d1a485862ee,JoAnn Kuchera-Morin,https://pi.tedcdn.com/r/pe.tedcdn.com/images/ted/83841_254x191.jpg?w=255
6a034c24da446a102707f48c,Markus Mutz,https://pi.tedcdn.com/r/pe.tedcdn.com/images/ted/3fc7f873845413a7cad3cde830a1155d4face42d_254x191.jpg?w=255
6a034c24b9e30957c4388afc,Noah Feldman,https://pi.tedcdn.com/r/ted-conferences-speaker-photos-production.s3.amazonaws.com/czf4i7nt15k34hjehje8h88bx95k?w=255
6a034c25b4b11d1a485862f5,Kenneth Cukier,https://pi.tedcdn.com/r/pe.tedcdn.com/images/ted/510ad6089c0522b85c995d7a2e6f8a04124a7d18_254x191.jpg?w=255
6a034c24da446a102707f48f,Andrew Miki,https://pi.tedcdn.com/r/ted-conferences-speaker-photos-production.s3.amazonaws.com/bw45ot1cyrmakw5kzzw5lornax5q?w=255
6a034c24b9e30957c4388b01,Pau Aleikum Garcia,https://tedblade-public-assets.s3.us-east-1.amazonaws.com/default-avatar.jpg
6a034c25b4b11d1a48586313,Kevin Breel,https://pi.tedcdn.com/r/pe.tedcdn.com/images/ted/1ddb303bb51ca1da55cc2f82b4aaf22b551589dc_254x191.jpg?w=255
6a034c24da446a102707f4a1,Nicki Beaman Griffin,https://tedblade-public-assets.s3.us-east-1.amazonaws.com/default-avatar.jpg
6a034c24b9e30957c4388b18,The TED AI Show,https://tedblade-public-assets.s3.us-east-1.amazonaws.com/default-avatar.jpg
6a034c25b4b11d1a48586317,Laura Shin,https://pi.tedcdn.com/r/ted-conferences-speaker-photos-production.s3.amazonaws.com/ppsdtx241itiuoilgk9s976vummr?w=255
6a034c24da446a102707f4c8,Roger Hanlon,https://pi.tedcdn.com/r/pe.tedcdn.com/images/ted/38f36476bc14030965e6da0e6907dfca17a7c339_254x191.jpg?w=255
6a034c24b9e30957c4388b1b,Tom Graham,https://pi.tedcdn.com/r/ted-conferences-speaker-photos-production.s3.amazonaws.com/w8b6tyii84uo7v3zwsbv7n4rtz3m?w=255
6a034c25b4b11d1a48586325,Nicholas Negroponte,https://pi.tedcdn.com/r/pe.tedcdn.com/images/ted/7230935c0d873ed58b2786e1f3b5c93dc09e10cc_254x191.jpg?w=255
6a034c24da446a102707f51f,Martin Jacques,https://pi.tedcdn.com/r/pe.tedcdn.com/images/ted/6262d2b3dd673308869fdc92620fdf4b9d5fb51d_254x191.jpg?w=255
6a034c24b9e30957c4388b1d,Tricia Wang,https://pi.tedcdn.com/r/pe.tedcdn.com/images/ted/14eef5a6494b89ee5f73e397d353fd6c268b0bbd_254x191.jpg?w=255
6a034c25b4b11d1a4858633f,Gemma Jackson,https://tedblade-public-assets.s3.us-east-1.amazonaws.com/default-avatar.jpg
6a034c24da446a102707f57d,Beth Noveck,https://pi.tedcdn.com/r/pe.tedcdn.com/images/ted/588ff98683ecae393b425a45998a3af197fe1e9f_254x191.jpg?w=255
6a034c25b4b11d1a48586349,Robin Nagle,https://pi.tedcdn.com/r/pe.tedcdn.com/images/ted/44c318b544c45c31954432980b16e2d8eba4f29d_254x191.jpg?w=255
6a034c24b9e30957c4388b54,Gina Gutierrez,https://pi.tedcdn.com/r/ted-conferences-speaker-photos-production.s3.amazonaws.com/9i4tjgqz4lhiizocak8unh78mdul?w=255
6a034c24da446a102707f597,Eric Mibuari,https://tedblade-public-assets.s3.us-east-1.amazonaws.com/default-avatar.jpg
6a034c24b9e30957c4388b63,Jay Walker,https://pi.tedcdn.com/r/pe.tedcdn.com/images/ted/62626_254x191.jpg?w=255
6a034c25b4b11d1a48586357,Megan Washington,https://pi.tedcdn.com/r/pe.tedcdn.com/images/ted/6288c6250d2383819b577f3cd24f5de3b0f7a5a6_254x191.jpg?w=255
6a034c24da446a102707f5b7,Kate Wagner,https://tedblade-public-assets.s3.us-east-1.amazonaws.com/default-avatar.jpg
6a034c24b9e30957c4388b65,Jeremy Rifkin,https://tedblade-public-assets.s3.us-east-1.amazonaws.com/default-avatar.jpg
6a034c24da446a102707f5ba,Kelly Lepley,https://tedblade-public-assets.s3.us-east-1.amazonaws.com/default-avatar.jpg
6a034c24da446a102707f5bc,Kenneth C. Davis,https://tedblade-public-assets.s3.us-east-1.amazonaws.com/default-avatar.jpg
6a034c24da446a102707f5c2,Luis von Ahn,https://pi.tedcdn.com/r/ted-conferences-speaker-photos-production.s3.amazonaws.com/o9ly37pkxssczyw973g0jb8yu4v3?w=255
6a034c25b4b11d1a4858618a,Amanda Bennett,https://pi.tedcdn.com/r/pe.tedcdn.com/images/ted/d80680551d93623d3544ab2621adbc2297c7ec18_254x191.jpg?w=255
6a034c24d4881847be4b506f,Alix Generous,https://pi.tedcdn.com/r/pe.tedcdn.com/images/ted/bbcf8a3e620a8d90e9be873e320a7e77e04d21a3_254x191.jpg?w=255
6a034c25b4b11d1a485861a9,Diane Kelly,https://pi.tedcdn.com/r/pe.tedcdn.com/images/ted/dec046374c90ef1dac716928373578c7a7948f4d_254x191.jpg?w=255
6a034c25b4b11d1a485861ae,Alexander Betts,https://pi.tedcdn.com/r/pe.tedcdn.com/images/ted/7d3bdd51fd15061a7292b1a602b679c09003e04a_254x191.jpg?w=255
6a034c24da446a102707f3ac,Christer Mjåset,https://pi.tedcdn.com/r/pe.tedcdn.com/images/ted/4216f01291859e8403fff19d1903769044e3bd8d_254x191.jpg?w=255
6a034c25b4b11d1a485861b1,Alison Gopnik,https://pi.tedcdn.com/r/pe.tedcdn.com/images/ted/ff876952878d94f2669325625480771f6849efda_254x191.jpg?w=255
6a034c24d4881847be4b5075,Ali Carr-Chellman,https://pi.tedcdn.com/r/pe.tedcdn.com/images/ted/0b4eed4acf0ec0b6df169816038a4d299c3011f3_254x191.jpg?w=255
6a034c24da446a102707f3bd,Douglas MacLean,https://tedblade-public-assets.s3.us-east-1.amazonaws.com/default-avatar.jpg
6a034c25b4b11d1a485861bc,Esha Chhabra,https://pi.tedcdn.com/r/ted-conferences-speaker-photos-production.s3.amazonaws.com/32q1ivxjosa8zuuks2y8dtovrbir?w=255
6a034c24d4881847be4b5084,Becky  Blanton,https://tedblade-public-assets.s3.us-east-1.amazonaws.com/default-avatar.jpg
6a034c25b4b11d1a485861b5,Amber Stuver,https://tedblade-public-assets.s3.us-east-1.amazonaws.com/default-avatar.jpg
6a034c24d4881847be4b50f2,Kio Stark,https://pi.tedcdn.com/r/pe.tedcdn.com/images/ted/411cf8643a52ca722f69b148d10de9b096057a3f_254x191.jpg?w=255
6a034c25b4b11d1a485861e1,J. V. Maranto,https://tedblade-public-assets.s3.us-east-1.amazonaws.com/default-avatar.jpg
6a034c24d4881847be4b5118,Mira Calix,https://tedblade-public-assets.s3.us-east-1.amazonaws.com/default-avatar.jpg
6a034c24da446a102707f3bf,Edward Burtynsky,https://pi.tedcdn.com/r/pe.tedcdn.com/images/ted/396_254x191.jpg?w=255
6a034c25b4b11d1a485861e6,Jane Hirshfield,https://tedblade-public-assets.s3.us-east-1.amazonaws.com/default-avatar.jpg
6a034c24d4881847be4b5124,Oliver Jeffers,https://pi.tedcdn.com/r/pe.tedcdn.com/images/ted/7eebff3e9e0ef0a58e74724b129992de5682e3c0_254x191.jpg?w=255
6a034c24da446a102707f3c5,Elizabeth Hellmuth Margulis,https://tedblade-public-assets.s3.us-east-1.amazonaws.com/default-avatar.jpg
6a034c24d4881847be4b513d,Sam Wang,https://pi.tedcdn.com/r/ted-conferences-speaker-photos-production.s3.amazonaws.com/xn3ax30vhqxgqksxv0jotv6pyils?w=255
6a034c25b4b11d1a485861ed,Diane Wolk-Rogers,https://pi.tedcdn.com/r/pe.tedcdn.com/images/ted/39418663a282bc5899f5d7b6ed106bc334ac612e_254x191.jpg?w=255
6a034c25b4b11d1a485861f1,Ed Boyden,https://pi.tedcdn.com/r/ted-conferences-speaker-photos-production.s3.amazonaws.com/nfv9gaimnpd8gnm28xez0wll2gdm?w=255
6a034c24d4881847be4b5169,Víctor Demaría Pesce,https://tedblade-public-assets.s3.us-east-1.amazonaws.com/default-avatar.jpg
6a034c25b4b11d1a485861fe,Kevin Briggs,https://pi.tedcdn.com/r/pe.tedcdn.com/images/ted/223319d4777e58e55537900d7f3d647878a66613_254x191.jpg?w=255
6a034c24d4881847be4b51e4,Maurizio Seracini,https://pi.tedcdn.com/r/pe.tedcdn.com/images/ted/f90b52dbfe624456910a62c2bdc657ef443a6588_254x191.jpg?w=255
6a034c25b4b11d1a48586209,Golan Levin,https://pi.tedcdn.com/r/pe.tedcdn.com/images/ted/1431_254x191.jpg?w=255
6a034c24d4881847be4b5219,William Noel,https://tedblade-public-assets.s3.us-east-1.amazonaws.com/default-avatar.jpg
6a034c24da446a102707f409,Mark Abraham,https://pi.tedcdn.com/r/ted-conferences-speaker-photos-production.s3.amazonaws.com/wjjs4o95mv38dck0btp46osajv6g?w=255
6a034c25b4b11d1a48586233,Paul Snelgrove,https://pi.tedcdn.com/r/pe.tedcdn.com/images/ted/fdb329dbac36ba912632e3046156dd6690c8ae43_254x191.jpg?w=255
6a034c24d4881847be4b5221,Ali Hajimiri,https://pi.tedcdn.com/r/ted-conferences-speaker-photos-production.s3.amazonaws.com/09b1ph5jp0fuhqjdt0kntj3k96vk?w=255
6a034c24da446a102707f41c,Michael Mieni,https://tedblade-public-assets.s3.us-east-1.amazonaws.com/default-avatar.jpg
6a034c25b4b11d1a48586266,Yoruba Richen,https://pi.tedcdn.com/r/pe.tedcdn.com/images/ted/10c1c8b0270744387582a58411b62622f08219eb_254x191.jpg?w=255
6a034c24da446a102707f424,Mother London,https://tedblade-public-assets.s3.us-east-1.amazonaws.com/default-avatar.jpg
6a034c24d4881847be4b5222,Alison Jackson,https://pi.tedcdn.com/r/pe.tedcdn.com/images/ted/28_254x191.jpg?w=255
6a034c24da446a102707f472,Kate Messner,https://tedblade-public-assets.s3.us-east-1.amazonaws.com/default-avatar.jpg
6a034c24d4881847be4b525d,Kwame Anthony Appiah,https://tedblade-public-assets.s3.us-east-1.amazonaws.com/default-avatar.jpg
6a034c25b4b11d1a48586271,Michael Green,https://pi.tedcdn.com/r/ted-conferences-speaker-photos-production.s3.amazonaws.com/ysuznbbe386oyvf1iuijg7bxd4at?w=255
6a034c24da446a102707f473,Kristie Ebi,https://pi.tedcdn.com/r/pe.tedcdn.com/images/ted/567a117dbfcdf46cf836356ba6b5ff7dbcb62b5b_254x191.jpg?w=255
6a034c24d4881847be4b5290,Shai Marcu,https://tedblade-public-assets.s3.us-east-1.amazonaws.com/default-avatar.jpg
6a034c24da446a102707f477,Leah Georges,https://pi.tedcdn.com/r/pe.tedcdn.com/images/ted/00ffa55e28fab914aba56353e4d393239a9bb446_254x191.jpg?w=255
6a034c25b4b11d1a485862a2, Silk Road Ensemble,https://pi.tedcdn.com/r/pe.tedcdn.com/images/ted/f9c4f7a814d76b62be2d209824231ab548871417_254x191.jpg?w=255
6a034c24d4881847be4b5297,Stefaan Verhulst,https://tedblade-public-assets.s3.us-east-1.amazonaws.com/default-avatar.jpg
6a034c24da446a102707f48a,Mark Ronson,https://pi.tedcdn.com/r/pe.tedcdn.com/images/ted/e9dbac987b90c5ae9496c9a2cd74786a7ac99371_254x191.jpg?w=255
6a034c24da446a102707f3af,Christopher Bell,https://pi.tedcdn.com/r/ted-conferences-speaker-photos-production.s3.amazonaws.com/u4el4rl0tj8u57d43rit7x591914?w=255
6a034c25b4b11d1a485862a4,Aaron Slepkov,https://tedblade-public-assets.s3.us-east-1.amazonaws.com/default-avatar.jpg
6a034c24da446a102707f4b4,R. Saravanan,https://tedblade-public-assets.s3.us-east-1.amazonaws.com/default-avatar.jpg
6a034c24da446a102707f401,Austin Eubanks,https://tedblade-public-assets.s3.us-east-1.amazonaws.com/default-avatar.jpg
6a034c25b4b11d1a485862c4,Camilo Ramirez,https://tedblade-public-assets.s3.us-east-1.amazonaws.com/default-avatar.jpg
6a034c24da446a102707f4ce,Einav Gefen,https://tedblade-public-assets.s3.us-east-1.amazonaws.com/default-avatar.jpg
6a034c24da446a102707f4dd,Fahad Al-Attiya,https://pi.tedcdn.com/r/pe.tedcdn.com/images/ted/acdc8ab5c61610cdb33221eb65ae708d84db8690_254x191.jpg?w=255
6a034c25b4b11d1a4858620c,HY William Chan,https://tedblade-public-assets.s3.us-east-1.amazonaws.com/default-avatar.jpg
6a034c25b4b11d1a48586234,Jing Corpuz,https://pi.tedcdn.com/r/ted-conferences-speaker-photos-production.s3.amazonaws.com/cxtg7lpq36mfd06l4medaa5aeufr?w=255
6a034c24da446a102707f59b,Frans Lanting,https://pi.tedcdn.com/r/pe.tedcdn.com/images/ted/685b99520f43c5913d00d77dc930e3ab76f50aa1_254x191.jpg?w=255
6a034c25b4b11d1a485862c7,Catherine Crump,https://pi.tedcdn.com/r/pe.tedcdn.com/images/ted/dacacb698fdcd14db8adb6f84a5b8e10c2071e91_254x191.jpg?w=255
6a034c25b4b11d1a48586256,Tal Golesworthy,https://pi.tedcdn.com/r/pe.tedcdn.com/images/ted/ccb35a09d6da2a00a93fc70007f27047f5149cd3_254x191.jpg?w=255
6a034c24da446a102707f5c7,Margaret Wertheim,https://pi.tedcdn.com/r/pe.tedcdn.com/images/ted/f7c314634fea9771a6fc95b3ba8fdf2f3fef69c5_254x191.jpg?w=255
6a034c25b4b11d1a485862ca,Chetan Bhatt,https://pi.tedcdn.com/r/pe.tedcdn.com/images/ted/2d7c949b4ab91f39df2c3af50ec4640b9971d655_254x191.jpg?w=255
6a034c25b4b11d1a485862cc,Chris Milk,https://pi.tedcdn.com/r/pe.tedcdn.com/images/ted/445dd93228735647eb61b8652757209d3d660312_254x191.jpg?w=255
6a034c25b4b11d1a48586364,Tanya Berger-Wolf,https://pi.tedcdn.com/r/pe.tedcdn.com/images/ted/d26b74ebb3af7aed6da183af263e0d0ece782b42_254x191.jpg?w=255
6a034c25b4b11d1a48586257,Malachy McHugh,https://tedblade-public-assets.s3.us-east-1.amazonaws.com/default-avatar.jpg
6a034c25b4b11d1a4858626e,Michael Archer,https://pi.tedcdn.com/r/pe.tedcdn.com/images/ted/1582b196c535471aaccb44b6a3bd869ae722063f_254x191.jpg?w=255
6a034c25b4b11d1a48586289,Rosanne Haggerty,https://tedblade-public-assets.s3.us-east-1.amazonaws.com/default-avatar.jpg
6a034c25b4b11d1a485862a8,Adam de la Zerda,https://pi.tedcdn.com/r/pe.tedcdn.com/images/ted/bf43a0953611fd5d67ce6360f93581d2a533d280_254x191.jpg?w=255
6a034c25b4b11d1a485862ab,Yochai Benkler,https://pi.tedcdn.com/r/pe.tedcdn.com/images/ted/38641_254x191.jpg?w=255
6a034c25b4b11d1a485862c9,Chelsea Shields,https://pi.tedcdn.com/r/pe.tedcdn.com/images/ted/74859d145cf125554ad18d8a3aca1f4e3b8e2885_254x191.jpg?w=255
6a034c25b4b11d1a48586307,Kartick Satyanarayan,https://pi.tedcdn.com/r/pe.tedcdn.com/images/ted/140922_254x191.jpg?w=255
6a034c25b4b11d1a4858630f,Kayla Wolf,https://tedblade-public-assets.s3.us-east-1.amazonaws.com/default-avatar.jpg
6a034c25b4b11d1a48586355,Diana Sierra Becerra,https://tedblade-public-assets.s3.us-east-1.amazonaws.com/default-avatar.jpg
6a034c24da446a102707f5e2,Philip Lubin,https://pi.tedcdn.com/r/pe.tedcdn.com/images/ted/d042f672dc00d93817efc347f686e9198e5228b6_254x191.jpg?w=255
6a034c24da446a102707f40c,Carlos Moreno,https://pi.tedcdn.com/r/pe.tedcdn.com/images/ted/6331223160560b2683ab21b8c36ed9f8abc3e2a7_254x191.jpg?w=255
6a034c24da446a102707f436,Oskar Eustis,https://pi.tedcdn.com/r/pe.tedcdn.com/images/ted/d25b509f0d65dd3ba0b36798850e191897f6907c_254x191.jpg?w=255
6a034c24da446a102707f438,Outrage + Optimism,https://tedblade-public-assets.s3.us-east-1.amazonaws.com/default-avatar.jpg
6a034c24da446a102707f5e7,Ramon Glazov,https://tedblade-public-assets.s3.us-east-1.amazonaws.com/default-avatar.jpg
6a034c24da446a102707f603,Thomas Barnett,https://pi.tedcdn.com/r/pe.tedcdn.com/images/ted/1383_254x191.jpg?w=255
6a034c25b4b11d1a48586188,Albert-László Barabási,https://pi.tedcdn.com/r/pe.tedcdn.com/images/ted/df5d753cfa260930798ef6dbdc8e36c7a8a700b4_254x191.jpg?w=255
6a034c25b4b11d1a485861ad,Edith Widder,https://pi.tedcdn.com/r/pe.tedcdn.com/images/ted/164500_254x191.jpg?w=255
6a034c25b4b11d1a485861bb,Andy Jarvis,https://pi.tedcdn.com/r/ted-conferences-speaker-photos-production.s3.amazonaws.com/tmc48cd5anunyrjwube9ddclyx9m?w=255
6a034c25b4b11d1a485861e9,Deanna Pucciarelli,https://tedblade-public-assets.s3.us-east-1.amazonaws.com/default-avatar.jpg
6a034c25b4b11d1a48586211,Margaret Heffernan,https://pi.tedcdn.com/r/pe.tedcdn.com/images/ted/c9d1e1e21bac3abf58d587ee1d86ed644457c43b_254x191.jpg?w=255
6a034c25b4b11d1a4858623b,Ryan Gersava,https://pi.tedcdn.com/r/ted-conferences-speaker-photos-production.s3.amazonaws.com/6w79g1ixgdot4bh4eqd2es7twhwx?w=255
6a034c25b4b11d1a48586267,Mark Mortensen,https://pi.tedcdn.com/r/ted-conferences-speaker-photos-production.s3.amazonaws.com/sog9o6lfqd47s2tueoy95pg76qb2?w=255
6a034c25b4b11d1a4858627b,Paola Antonelli,https://pi.tedcdn.com/r/pe.tedcdn.com/images/ted/3e7a31f9ffbd78e89be7e1f967c6a5e1a60c3358_254x191.jpg?w=255
6a034c25b4b11d1a48586299,Ted Dintersmith,https://tedblade-public-assets.s3.us-east-1.amazonaws.com/default-avatar.jpg
6a034c24da446a102707f443,Georgette Mulheir,https://pi.tedcdn.com/r/pe.tedcdn.com/images/ted/32792062504a436ec9738b3eb4c74e77b885de99_254x191.jpg?w=255
6a034c24da446a102707f44c,Heather Brooke,https://pi.tedcdn.com/r/pe.tedcdn.com/images/ted/9b11824c87bfe48ec6d9be548ddd4d29e2cd4613_254x191.jpg?w=255
6a034c24da446a102707f453,Robert Prill,https://tedblade-public-assets.s3.us-east-1.amazonaws.com/default-avatar.jpg
6a034c24da446a102707f469,Stephen Lawler,https://pi.tedcdn.com/r/pe.tedcdn.com/images/ted/10982_254x191.jpg?w=255
6a034c24da446a102707f476,Laura Galante,https://pi.tedcdn.com/r/pe.tedcdn.com/images/ted/b63f21a74ef4c688164c1cdf25ef26fd5c8950e5_254x191.jpg?w=255
6a034c24da446a102707f48e,Mathias Basner,https://pi.tedcdn.com/r/pe.tedcdn.com/images/ted/c268017bb204ed354d5865d4027c4251f02b0c3e_254x191.jpg?w=255
6a034c24da446a102707f495,Aparna Mehta,https://pi.tedcdn.com/r/pe.tedcdn.com/images/ted/57d66d6d2c112e5cfad3a9f07f0673a738240f3b_254x191.jpg?w=255
6a034c25b4b11d1a4858629e,Tim Dunn,https://pi.tedcdn.com/r/pe.tedcdn.com/images/ted/ae2765ac151f32556e0c93f4cc042a895fc3c9d8_254x191.jpg?w=255
6a034c25b4b11d1a485862b0,Alyssa Monks,https://pi.tedcdn.com/r/pe.tedcdn.com/images/ted/3c561524d707b4942fdaac0a26eca59173e24fca_254x191.jpg?w=255
6a034c25b4b11d1a485862b1,Amanda Little,https://pi.tedcdn.com/r/pe.tedcdn.com/images/ted/00ca8b5d3a77fc9593d044c3249c76983388cd63_254x191.jpg?w=255
6a034c25b4b11d1a485862cd,Dan Pacholke,https://pi.tedcdn.com/r/pe.tedcdn.com/images/ted/e42234391bf21d76365d95a88c64f436d2b33041_254x191.jpg?w=255
6a034c25b4b11d1a48586376,Tim Birkhead,https://tedblade-public-assets.s3.us-east-1.amazonaws.com/default-avatar.jpg
6a034c25b4b11d1a48586397,Amanda Schochet,https://pi.tedcdn.com/r/pe.tedcdn.com/images/ted/0cd14f75fd4a7cae5990a096dcc40da71327f266_254x191.jpg?w=255
6a034c24da446a102707f49e,Nathaniel Stinnett,https://tedblade-public-assets.s3.us-east-1.amazonaws.com/default-avatar.jpg
6a034c24da446a102707f4b5,Dan Pink,https://tedblade-public-assets.s3.us-east-1.amazonaws.com/default-avatar.jpg
6a034c24da446a102707f508,Josephine Philips,https://pi.tedcdn.com/r/ted-conferences-speaker-photos-production.s3.amazonaws.com/ratjuqhvspc1gxuwbuc775pf69gx?w=255
6a034c24da446a102707f51b,Manuel Lima,https://pi.tedcdn.com/r/pe.tedcdn.com/images/ted/781fa27109c136a274f2ccfb5fd6f0ba66795aac_254x191.jpg?w=255
6a034c24da446a102707f51c,Margaret Gould Stewart,https://tedblade-public-assets.s3.us-east-1.amazonaws.com/default-avatar.jpg
6a034c24da446a102707f52e,Paul Gilding,https://pi.tedcdn.com/r/pe.tedcdn.com/images/ted/758653c340e9829e9aae81e9f6992f5aac04a69e_254x191.jpg?w=255
6a034c24da446a102707f5cf,Merve Emre,https://tedblade-public-assets.s3.us-east-1.amazonaws.com/default-avatar.jpg
6a034c25b4b11d1a4858619f,Chiki Sarkar,https://pi.tedcdn.com/r/pe.tedcdn.com/images/ted/65059ed1d24d6b7c9a2c8cbfc8354050f129325c_254x191.jpg?w=255
6a034c25b4b11d1a485861a6,Dennis E. Shasha,https://tedblade-public-assets.s3.us-east-1.amazonaws.com/default-avatar.jpg
6a034c25b4b11d1a485861d1,Gareth Thomas,https://pi.tedcdn.com/r/ted-conferences-speaker-photos-production.s3.amazonaws.com/0jo0tmeu9wj3t3vqgkg3txxk7afu?w=255
6a034c25b4b11d1a485861d4,Ge Wang,https://pi.tedcdn.com/r/pe.tedcdn.com/images/ted/791dad32d81deefd18a460afba3a84fbc2e3684a_254x191.jpg?w=255
6a034c25b4b11d1a4858625c,Tom Whyntie,https://tedblade-public-assets.s3.us-east-1.amazonaws.com/default-avatar.jpg
6a034c25b4b11d1a48586262,Vincent Yeow Lim,https://tedblade-public-assets.s3.us-east-1.amazonaws.com/default-avatar.jpg
6a034c25b4b11d1a4858626d,Maya Beiser,https://pi.tedcdn.com/r/pe.tedcdn.com/images/ted/08f9b7285c374141dfa9af522a632cdbb3c9ba30_254x191.jpg?w=255
6a034c25b4b11d1a48586293,Sitawa Wafula,https://pi.tedcdn.com/r/pe.tedcdn.com/images/ted/67a60973f03579aeb0f2fe43776f16d3d8a23f66_254x191.jpg?w=255
6a034c25b4b11d1a48586295,Stewart Brand,https://pi.tedcdn.com/r/pe.tedcdn.com/images/ted/8497_254x191.jpg?w=255
6a034c25b4b11d1a485862a1,Truls Nord,https://tedblade-public-assets.s3.us-east-1.amazonaws.com/default-avatar.jpg
6a034c25b4b11d1a485862f8,Scott McCloud,https://pi.tedcdn.com/r/pe.tedcdn.com/images/ted/63518_254x191.jpg?w=255
6a034c25b4b11d1a48586333,Lea Gaslowitz,https://tedblade-public-assets.s3.us-east-1.amazonaws.com/default-avatar.jpg
6a034c25b4b11d1a4858633b,LaToya Ruby Frazier,https://pi.tedcdn.com/r/pe.tedcdn.com/images/ted/2261334cf53afbaf7e6a9e91f706c6113462b116_254x191.jpg?w=255
6a034c25b4b11d1a4858634e,Sara Valencia Botto,https://tedblade-public-assets.s3.us-east-1.amazonaws.com/default-avatar.jpg
6a034c25b4b11d1a4858635a,Kasha Patel,https://tedblade-public-assets.s3.us-east-1.amazonaws.com/default-avatar.jpg
6a034c25b4b11d1a4858638f,Andrew Whitworth,https://tedblade-public-assets.s3.us-east-1.amazonaws.com/default-avatar.jpg
6a034c2435bf06475c27aee1,Aala El-Khani,https://pi.tedcdn.com/r/pe.tedcdn.com/images/ted/61c8ea7047fba588014b279bb46f36e04e1d62d9_254x191.jpg?w=255
6a034c2435bf06475c27aefb,Anne Pasternak,https://pi.tedcdn.com/r/pe.tedcdn.com/images/ted/fa49ca4d4e39ddf60cb490732fe25b11178a3afc_254x191.jpg?w=255
6a034c2435bf06475c27af3b,Evan Zodl,https://tedblade-public-assets.s3.us-east-1.amazonaws.com/default-avatar.jpg
6a034c2435bf06475c27af47,Francis Sanzaro,https://tedblade-public-assets.s3.us-east-1.amazonaws.com/default-avatar.jpg
6a034c2435bf06475c27af52,Hasini Jayatilaka,https://pi.tedcdn.com/r/pe.tedcdn.com/images/ted/93d6a05ab51780a4480d8e8a1050826811da6fac_254x191.jpg?w=255
6a034c2435bf06475c27af7b,John Wooden,https://pi.tedcdn.com/r/pe.tedcdn.com/images/ted/80197_254x191.jpg?w=255
6a034c2435bf06475c27af80,Kaustav Dey,https://pi.tedcdn.com/r/pe.tedcdn.com/images/ted/55c8d0ad715d6b576a60eb7f238d687f690d2342_254x191.jpg?w=255
6a034c2435bf06475c27af8f,Li-Huei Tsai,https://pi.tedcdn.com/r/pe.tedcdn.com/images/ted/e20dd24b806493c76e0729443afa8d94d40bd85f_254x191.jpg?w=255
6a034c2435bf06475c27afa6,Mathieu Lamiaux,https://tedblade-public-assets.s3.us-east-1.amazonaws.com/default-avatar.jpg
6a034c2435bf06475c27afa7,Miracle Jones,https://pi.tedcdn.com/r/pe.tedcdn.com/images/ted/baf8b00745ccfc387ee50c9e4c82bdab7d0fb0fb_254x191.jpg?w=255
6a034c2435bf06475c27afc7,Safi Rauf,https://pi.tedcdn.com/r/ted-conferences-speaker-photos-production.s3.amazonaws.com/8y2wl9rcd8jh8723ur38koombf96?w=255
6a034c2435bf06475c27b03b,Emily Parsons-Lord,https://pi.tedcdn.com/r/pe.tedcdn.com/images/ted/edb1d7f1fb768d47497b839acc057870cd2b7ce5_254x191.jpg?w=255
6a034c2437e0c30f44bd1caa,Adam Grant,https://pi.tedcdn.com/r/pe.tedcdn.com/images/ted/4539f3cc574c36cae93ab8e542ada5ae2e470e98_254x191.jpg?w=255
6a034c2437e0c30f44bd1cd3,Gabriel Kra,https://pi.tedcdn.com/r/pe.tedcdn.com/images/ted/cb3662c8189b5fbd16fa741ca087de6580df6239_254x191.jpg?w=255
6a034c2437e0c30f44bd1cf1,John Delaney,https://pi.tedcdn.com/r/pe.tedcdn.com/images/ted/187180_254x191.jpg?w=255
6a034c2437e0c30f44bd1d98,Betül Kaçar,https://pi.tedcdn.com/r/pe.tedcdn.com/images/ted/b5292210a611977b5e0fa3e83c66810b47b67314_254x191.jpg?w=255
6a034c2437e0c30f44bd1d99,Mariano Sigman,https://pi.tedcdn.com/r/pe.tedcdn.com/images/ted/21a1b23e3429e7bfce1efb26838458c90717d53b_254x191.jpg?w=255
6a034c2437e0c30f44bd1dcd,Christine Schuler Deschryver,https://pi.tedcdn.com/r/ted-conferences-speaker-photos-production.s3.amazonaws.com/mlxqp6d43qrbv9ccrxyz6w5bokec?w=255
6a034c2437e0c30f44bd1dcf,Peter Schwartzstein,https://pi.tedcdn.com/r/ted-conferences-speaker-photos-production.s3.amazonaws.com/akvrvkv4c2q0lnjb3lxlsr5hpnnu?w=255
6a034c2437e0c30f44bd1e03,David Sengeh,https://pi.tedcdn.com/r/pe.tedcdn.com/images/ted/40d8fa56f80ad224d11914cb2a48a4313d5d6027_254x191.jpg?w=255
6a034c2437e0c30f44bd1e2d,Gretchen Carlson,https://pi.tedcdn.com/r/pe.tedcdn.com/images/ted/c2f9ef3589dd5b834a7173a01c1051ef263e5c44_254x191.jpg?w=255
6a034c2437e0c30f44bd1e5c,Liz Hajek,https://pi.tedcdn.com/r/pe.tedcdn.com/images/ted/54bc78ceaf1b3a9e519b9aba5bd6c14ee8becd9b_254x191.jpg?w=255
6a034c2437e0c30f44bd1e66,Kirk Sorensen,https://pi.tedcdn.com/r/pe.tedcdn.com/images/ted/f8a2c16e38c02a9959590a677e58512de1f9546f_254x191.jpg?w=255
6a034c2437e0c30f44bd1ea1,Pam Warhurst,https://pi.tedcdn.com/r/pe.tedcdn.com/images/ted/2a51591017908c84e9c6b283bff66d5e7dc19a27_254x191.jpg?w=255
6a034c2437e0c30f44bd1eaa,Peter Mende-Siedlecki,https://tedblade-public-assets.s3.us-east-1.amazonaws.com/default-avatar.jpg
6a034c2437e0c30f44bd1eac,Prumsodun Ok,https://pi.tedcdn.com/r/pe.tedcdn.com/images/ted/60cd524f3e297bcd89e28104c90731ce8e95429f_254x191.jpg?w=255
6a034c2437e0c30f44bd1ed5,Rufus Griscom + Alisa Volkman,https://tedblade-public-assets.s3.us-east-1.amazonaws.com/default-avatar.jpg
6a034c245e700263ec4ad270, Kesha,https://pi.tedcdn.com/r/ted-conferences-speaker-photos-production.s3.amazonaws.com/seiiak256udjue275ygvijzka7pj?w=255
6a034c245e700263ec4ad2b9,Elizabeth Blackburn,https://pi.tedcdn.com/r/pe.tedcdn.com/images/ted/395125c33e22d469c1a6cc29f0be19fe023d69c8_254x191.jpg?w=255
6a034c245e700263ec4ad2be,Dundee Gouin,https://tedblade-public-assets.s3.us-east-1.amazonaws.com/default-avatar.jpg
6a034c245e700263ec4ad2c1,Emily Balcetis,https://pi.tedcdn.com/r/pe.tedcdn.com/images/ted/453b5f4a7d3146e93367f99396f9e44e9ac366e3_254x191.jpg?w=255
6a034c245e700263ec4ad2cc,Erin Sullivan,https://pi.tedcdn.com/r/pe.tedcdn.com/images/ted/589cfcd0ef2407e67224ac99eb00fe4396ed6f5b_254x191.jpg?w=255
6a034c245e700263ec4ad2da,Germán Santillán,https://pi.tedcdn.com/r/pe.tedcdn.com/images/ted/c7b23cbfe932c30b17318be34d3c06c4b0716303_254x191.jpg?w=255
6a034c245e700263ec4ad2ff,Karen Scrivener,https://pi.tedcdn.com/r/pe.tedcdn.com/images/ted/4c8c681fd52ff1efcfe334e300c8fd0dfbdbf69d_254x191.jpg?w=255
6a034c245e700263ec4ad31d,Maria Popova,https://pi.tedcdn.com/r/pe.tedcdn.com/images/ted/e917b4bed1e05e473a2b26e8513a323278e52f65_254x191.jpg?w=255
6a034c245e700263ec4ad32d,Mellody Hobson,https://pi.tedcdn.com/r/pe.tedcdn.com/images/ted/dbd2bbcdcd27423b935fac8b3670f5b493812325_254x191.jpg?w=255
6a034c245e700263ec4ad35b,Rebecca MacKinnon,https://pi.tedcdn.com/r/pe.tedcdn.com/images/ted/3da27a99e21fcd30839906a5abb0540e477d3157_254x191.jpg?w=255
6a034c245e700263ec4ad38a,Susan G. Wardle,https://tedblade-public-assets.s3.us-east-1.amazonaws.com/default-avatar.jpg
6a034c245e700263ec4ad38b,Vik Muniz,https://pi.tedcdn.com/r/pe.tedcdn.com/images/ted/1385_253x190.jpg?w=255
6a034c245e700263ec4ad3ac,Aomawa Shields,https://pi.tedcdn.com/r/pe.tedcdn.com/images/ted/ab768d90bf1011d10e5770a8aa9161888da8a033_254x191.jpg?w=255
6a034c245e700263ec4ad3b6,Christina Costa,https://pi.tedcdn.com/r/pe.tedcdn.com/images/ted/96c1b1bad71ba172535ead721e31ed91e03f803a_254x191.jpg?w=255
6a034c245e700263ec4ad3c1,Eric Giler,https://pi.tedcdn.com/r/pe.tedcdn.com/images/ted/111006_254x191.jpg?w=255
6a034c245e700263ec4ad3c6,Gabrielle Walker,https://pi.tedcdn.com/r/pe.tedcdn.com/images/ted/89a2bab49b32301423a11b6c8dcd4a055317d62d_254x191.jpg?w=255
6a034c245e700263ec4ad3f7,Peggy Orenstein,https://pi.tedcdn.com/r/pe.tedcdn.com/images/ted/8e7751f327e4b1059f21320a01c58834463380b1_254x191.jpg?w=255
6a034c245e700263ec4ad417,William Shakespeare,https://tedblade-public-assets.s3.us-east-1.amazonaws.com/default-avatar.jpg
6a034c24658f0b3b67d4a2b4,Albert Fox Cahn,https://tedblade-public-assets.s3.us-east-1.amazonaws.com/default-avatar.jpg
6a034c24658f0b3b67d4a300,Bart Knols,https://pi.tedcdn.com/r/pe.tedcdn.com/images/ted/a8f25d1197c9b77729f5c59a6d476ddec11f7cc5_254x191.jpg?w=255
6a034c24658f0b3b67d4a30a,Edwidge Danticat,https://pi.tedcdn.com/r/pe.tedcdn.com/images/ted/141806_254x191.jpg?w=255
6a034c24658f0b3b67d4a326,David Binder,https://pi.tedcdn.com/r/pe.tedcdn.com/images/ted/1e20601175d74aa3fb1d469ae80a8aae28deba1c_254x191.jpg?w=255
6a034c24658f0b3b67d4a399,Ram Neta,https://tedblade-public-assets.s3.us-east-1.amazonaws.com/default-avatar.jpg
6a034c24658f0b3b67d4a3cd,Srikumar Rao,https://tedblade-public-assets.s3.us-east-1.amazonaws.com/default-avatar.jpg
6a034c24658f0b3b67d4a3de,Joëlle Rollo-Koster,https://tedblade-public-assets.s3.us-east-1.amazonaws.com/default-avatar.jpg
6a034c24658f0b3b67d4a3e8,Kasia Chmielinski,https://pi.tedcdn.com/r/ted-conferences-speaker-photos-production.s3.amazonaws.com/pywvjjpif8jrdhhcp0oxf1bd3x56?w=255
6a034c24658f0b3b67d4a403,Safia Elhillo,https://tedblade-public-assets.s3.us-east-1.amazonaws.com/default-avatar.jpg
6a034c24658f0b3b67d4a40c,Sheikha Al Mayassa,https://pi.tedcdn.com/r/pe.tedcdn.com/images/ted/0b642012bf833f21455c87d604dfae4d2e7ce8fd_254x191.jpg?w=255
6a034c24658f0b3b67d4a44a,Rod Phillips,https://tedblade-public-assets.s3.us-east-1.amazonaws.com/default-avatar.jpg
6a034c24658f0b3b67d4a45c,Anika Goss,https://pi.tedcdn.com/r/ted-conferences-speaker-photos-production.s3.amazonaws.com/9ahu8va8of9e40nq7q2vtyv17zkt?w=255
6a034c24658f0b3b67d4a478,Christian Rudder,https://tedblade-public-assets.s3.us-east-1.amazonaws.com/default-avatar.jpg
6a034c24658f0b3b67d4a4b8,Jodi-Ann Burey,https://pi.tedcdn.com/r/pe.tedcdn.com/images/ted/2fec264700a4c0b56435532c84d8c035e385fdad_254x191.jpg?w=255
6a034c24658f0b3b67d4a4eb,Rebecca Tarvin,https://tedblade-public-assets.s3.us-east-1.amazonaws.com/default-avatar.jpg
6a034c249bbcd05aa3165a8b,Amit Sood,https://pi.tedcdn.com/r/pe.tedcdn.com/images/ted/972f69d9837a86bd9eb338e52a4fea346d5b8814_254x191.jpg?w=255
6a034c249bbcd05aa3165a9d,Constance Hockaday,https://pi.tedcdn.com/r/ted-conferences-speaker-photos-production.s3.amazonaws.com/7p6fdv3jdhlh4xxg6p4emvbsy1ey?w=255
6a034c249bbcd05aa3165abd,James B. Glattfelder,https://tedblade-public-assets.s3.us-east-1.amazonaws.com/default-avatar.jpg
6a034c249bbcd05aa3165b0e,Barbara F. Walter,https://tedblade-public-assets.s3.us-east-1.amazonaws.com/default-avatar.jpg
6a034c249bbcd05aa3165b1f,Dave Eggers,https://pi.tedcdn.com/r/ted-conferences-speaker-photos-production.s3.amazonaws.com/p1yyshqwtec7w31lnc38imh00ofu?w=255
6a034c249bbcd05aa3165b2d,Gill Hicks,https://pi.tedcdn.com/r/pe.tedcdn.com/images/ted/9dc8a259366dc8ab2d53a91eceede714c31cc1c8_254x191.jpg?w=255
6a034c249bbcd05aa3165b51,Kate Stone,https://pi.tedcdn.com/r/pe.tedcdn.com/images/ted/660ad038dab3e81a64381b7570a2ee76de04ae8c_254x191.jpg?w=255
6a034c249bbcd05aa3165b57,Larry Smith,https://pi.tedcdn.com/r/pe.tedcdn.com/images/ted/ac6eb809fdb24ecfc01f3d59d57196a19b12d4ed_254x191.jpg?w=255
6a034c249bbcd05aa3165b72,OluTimehin Adegbeye,https://pi.tedcdn.com/r/pe.tedcdn.com/images/ted/461197e5f94c8e2d6894e00596f3e7ad59a4bc1c_254x191.jpg?w=255
6a034c249bbcd05aa3165b7a,Raj Panjabi,https://pi.tedcdn.com/r/pe.tedcdn.com/images/ted/36671e93bafa0bf3606ca7923b332ee36d2ddcbd_254x191.jpg?w=255
6a034c249bbcd05aa3165b83,Alyson McGregor,https://pi.tedcdn.com/r/pe.tedcdn.com/images/ted/a4552c88c61433c5a6e4464d28b215599456a372_254x191.jpg?w=255
6a034c249bbcd05aa3165b85,Ameera Harouda,https://tedblade-public-assets.s3.us-east-1.amazonaws.com/default-avatar.jpg
6a034c249bbcd05aa3165ba4,Craig Richard,https://pi.tedcdn.com/r/ted-conferences-speaker-photos-production.s3.amazonaws.com/06p4f6lbjdg1jlfir0h050xzwuuo?w=255
6a034c249bbcd05aa3165bc0,Gary Haugen,https://pi.tedcdn.com/r/pe.tedcdn.com/images/ted/064cfbfa6b364a1ad886852dc65fcd9a5d19fe60_254x191.jpg?w=255
6a034c249bbcd05aa3165bf6,Michael Sandel,https://pi.tedcdn.com/r/pe.tedcdn.com/images/ted/a632d4c8b86a03b10eef92c8dde1c6475766eff0_254x191.jpg?w=255
6a034c249bbcd05aa3165c17,Sviatlana Tsikhanouskaya,https://pi.tedcdn.com/r/pe.tedcdn.com/images/ted/69d5275af582a528afcc00184d1fb12f086c8dba_254x191.jpg?w=255
6a034c249bbcd05aa3165c5a,Jonathan Koch,https://tedblade-public-assets.s3.us-east-1.amazonaws.com/default-avatar.jpg
6a034c249bbcd05aa3165c68,Kwame Owusu-Kesse,https://pi.tedcdn.com/r/pe.tedcdn.com/images/ted/b42b6f399d87e39f4339e04ee344b93e37bf915d_254x191.jpg?w=255
6a034c249bbcd05aa3165c77,Mostafa Minawi,https://tedblade-public-assets.s3.us-east-1.amazonaws.com/default-avatar.jpg
6a034c249bbcd05aa3165cbb,Wendy Woods,https://pi.tedcdn.com/r/pe.tedcdn.com/images/ted/1058d943df15c0631220309357e5a1c610f8a339_254x191.jpg?w=255
6a034c24b9e30957c4388988,Alan Iny,https://tedblade-public-assets.s3.us-east-1.amazonaws.com/default-avatar.jpg
6a034c24b9e30957c43889ed,Fiona Radford,https://tedblade-public-assets.s3.us-east-1.amazonaws.com/default-avatar.jpg
6a034c24b9e30957c4388a07,Juliane Gallina,https://tedblade-public-assets.s3.us-east-1.amazonaws.com/default-avatar.jpg
6a034c24b9e30957c4388a2b,Margaret Morris,https://tedblade-public-assets.s3.us-east-1.amazonaws.com/default-avatar.jpg
6a034c24b9e30957c4388a5e,Billy Samuel Mwape,https://pi.tedcdn.com/r/pe.tedcdn.com/images/ted/f32126e042070618444aaa1df45457ff6c0e3041_254x191.jpg?w=255
6a034c24b9e30957c4388a70,Sarah Rugheimer,https://pi.tedcdn.com/r/pe.tedcdn.com/images/ted/1320aad59a5eaec0b6d11b4bdb11863bcaa9d297_254x191.jpg?w=255
6a034c24b9e30957c4388aa7,Brené Brown,https://pi.tedcdn.com/r/pe.tedcdn.com/images/ted/8f950ac04626266f71b6b0e7d54038eb17976ce2_254x191.jpg?w=255
6a034c24b9e30957c4388ab7,David Bolinsky,https://pi.tedcdn.com/r/pe.tedcdn.com/images/ted/13339_254x191.jpg?w=255
6a034c24b9e30957c4388aec,Marianne Schwarz,https://tedblade-public-assets.s3.us-east-1.amazonaws.com/default-avatar.jpg
6a034c24b9e30957c4388b6f,Julie Andrieu,https://tedblade-public-assets.s3.us-east-1.amazonaws.com/default-avatar.jpg
6a034c24b9e30957c4388b75,Keith Chen,https://pi.tedcdn.com/r/pe.tedcdn.com/images/ted/c5463a23faaa820d1b9384cae46599e1e67a7fdb_254x191.jpg?w=255
6a034c24b9e30957c4388b8c,Mohamed Hijri,https://pi.tedcdn.com/r/pe.tedcdn.com/images/ted/41f77a0966bf99ceed30277a1b10ad7b70cbb6c0_254x191.jpg?w=255
6a034c24d4881847be4b5068,Alain de Botton,https://pi.tedcdn.com/r/pe.tedcdn.com/images/ted/105512_254x191.jpg?w=255
6a034c24d4881847be4b5097,Brian Olson,https://tedblade-public-assets.s3.us-east-1.amazonaws.com/default-avatar.jpg
6a034c24d4881847be4b509b,Bruce Schneier,https://pi.tedcdn.com/r/pe.tedcdn.com/images/ted/8d04303a64185d2e6dd18fe4b5a1f6c99638414a_254x191.jpg?w=255
6a034c24d4881847be4b50b0,Christine Blume,https://pi.tedcdn.com/r/ted-conferences-speaker-photos-production.s3.amazonaws.com/a6f1uwind26dayddbx1jnrcm5mlj?w=255
6a034c24d4881847be4b50b2,Claudia Miner,https://pi.tedcdn.com/r/pe.tedcdn.com/images/ted/249a0abba5474fa3910e056222e22f356187d4b5_254x191.jpg?w=255
6a034c24d4881847be4b50b3,Dean Ornish,https://tedblade-public-assets.s3.us-east-1.amazonaws.com/default-avatar.jpg
6a034c24d4881847be4b5109,James Surowiecki,https://pi.tedcdn.com/r/pe.tedcdn.com/images/ted/57990_254x191.jpg?w=255
6a034c24d4881847be4b510d,Jared Diamond,https://pi.tedcdn.com/r/pe.tedcdn.com/images/ted/67ff5f55da4094c8d9f30a43871f214a1f87f770_254x191.jpg?w=255
6a034c24d4881847be4b511b,John Gerzema,https://pi.tedcdn.com/r/pe.tedcdn.com/images/ted/123299_254x191.jpg?w=255
6a034c24d4881847be4b511e,Nemonte Nenquimo,https://pi.tedcdn.com/r/pe.tedcdn.com/images/ted/7f933749d6f206096236269bced7c7651d35954e_254x191.jpg?w=255
6a034c24d4881847be4b5121,Jonathan Butterworth,https://tedblade-public-assets.s3.us-east-1.amazonaws.com/default-avatar.jpg
6a034c24d4881847be4b513e,Linda Cliatt-Wayman,https://pi.tedcdn.com/r/pe.tedcdn.com/images/ted/207ab7d8ae03cb3f67dfe0d910d0a55f984b1e71_254x191.jpg?w=255
6a034c24d4881847be4b5153,Takis S. Pappas,https://tedblade-public-assets.s3.us-east-1.amazonaws.com/default-avatar.jpg
6a034c24d4881847be4b5165,Tracee Ellis Ross,https://pi.tedcdn.com/r/pe.tedcdn.com/images/ted/c93d580f1efd1e081628e57e33003e8621c98674_254x191.jpg?w=255
6a034c24d4881847be4b5195,Zach Kaplan + Keith Schacht,https://tedblade-public-assets.s3.us-east-1.amazonaws.com/default-avatar.jpg
6a034c24d4881847be4b51e3,Matt Goldman,https://pi.tedcdn.com/r/pe.tedcdn.com/images/ted/d50d0a299a87229828f86e4248abbdf6c12970b2_254x191.jpg?w=255
6a034c24d4881847be4b51e7,Melvin Sanicas,https://tedblade-public-assets.s3.us-east-1.amazonaws.com/default-avatar.jpg
6a034c24d4881847be4b51ec,Natalie Jeremijenko,https://tedblade-public-assets.s3.us-east-1.amazonaws.com/default-avatar.jpg
6a034c24d4881847be4b522a,Bill Ackman,https://pi.tedcdn.com/r/ted-conferences-speaker-photos-production.s3.amazonaws.com/osylxvylsiwppru3ujmkptm0k6op?w=255
6a034c24d4881847be4b5247,Henry Lin,https://pi.tedcdn.com/r/pe.tedcdn.com/images/ted/4407cbd4e557b3e63ae321394519da45cda83bd6_254x191.jpg?w=255
6a034c24da446a102707f39a, Tolliver,https://tedblade-public-assets.s3.us-east-1.amazonaws.com/default-avatar.jpg
6a034c24da446a102707f39e,Anja Blacha,https://tedblade-public-assets.s3.us-east-1.amazonaws.com/default-avatar.jpg
6a034c24da446a102707f3d1,Gerard Ryle,https://pi.tedcdn.com/r/pe.tedcdn.com/images/ted/209b9a17e4207a7791c3b48b8271148a562686a8_254x191.jpg?w=255
6a034c24da446a102707f3d6,Ian Firth,https://pi.tedcdn.com/r/pe.tedcdn.com/images/ted/a0d0b6632128d273f321a7156801097abe848712_254x191.jpg?w=255
6a034c24da446a102707f3e6,Judy Sewards,https://tedblade-public-assets.s3.us-east-1.amazonaws.com/default-avatar.jpg
6a034c24da446a102707f3e8,Aaron Morris,https://pi.tedcdn.com/r/pe.tedcdn.com/images/ted/db4066a1145298ef5abc9a4a94ccb2e1014c8e93_254x191.jpg?w=255
6a034c24da446a102707f407,Mariam Veiszadeh,https://tedblade-public-assets.s3.us-east-1.amazonaws.com/default-avatar.jpg
6a034c24da446a102707f418,Mena Trott,https://pi.tedcdn.com/r/pe.tedcdn.com/images/ted/1421_253x190.jpg?w=255
6a034c24da446a102707f435,Emma Teeling,https://pi.tedcdn.com/r/pe.tedcdn.com/images/ted/a10565819e67ac930719152b50b3fa934694775a_254x191.jpg?w=255
6a034c24da446a102707f4b0,Philip Freeman,https://tedblade-public-assets.s3.us-east-1.amazonaws.com/default-avatar.jpg
6a034c24da446a102707f4be,Richard Preston,https://pi.tedcdn.com/r/pe.tedcdn.com/images/ted/60857_254x191.jpg?w=255
6a034c24da446a102707f4c6,Robin Steinberg,https://pi.tedcdn.com/r/pe.tedcdn.com/images/ted/0898005215d52e88e5c90008c19dfd3fd5631903_254x191.jpg?w=255
6a034c24da446a102707f4ca,Romain Lacombe,https://pi.tedcdn.com/r/pe.tedcdn.com/images/ted/8ca3d1df160be85c0cbd73eb9255f4f76d20bc1b_254x191.jpg?w=255
6a034c24da446a102707f4f8,Jennifer Doudna,https://pi.tedcdn.com/r/ted-conferences-speaker-photos-production.s3.amazonaws.com/nsb32po6i849j2tsjibbu5izw2cz?w=255
6a034c24da446a102707f505,Xiye Bastida,https://pi.tedcdn.com/r/ted-conferences-speaker-photos-production.s3.amazonaws.com/oe1mbb0xo6cckjldlz1i2hz4x7ms?w=255
6a034c24da446a102707f524,Michael Silverstein,https://tedblade-public-assets.s3.us-east-1.amazonaws.com/default-avatar.jpg
6a034c24da446a102707f52b,Paolo Bortolameolli,https://tedblade-public-assets.s3.us-east-1.amazonaws.com/default-avatar.jpg
6a034c24da446a102707f53e,Shimon Steinberg,https://pi.tedcdn.com/r/pe.tedcdn.com/images/ted/210020_254x191.jpg?w=255
6a034c24da446a102707f54c,Tomas Elemans,https://tedblade-public-assets.s3.us-east-1.amazonaws.com/default-avatar.jpg
6a034c24da446a102707f595,Emmanuel During,https://tedblade-public-assets.s3.us-east-1.amazonaws.com/default-avatar.jpg
6a034c24da446a102707f5c9,Marvin Rees,https://pi.tedcdn.com/r/ted-conferences-speaker-photos-production.s3.amazonaws.com/l7qxzggdmq2vmd8mcd3cfft8umod?w=255
6a034c24da446a102707f5ea,Renée Lertzman,https://pi.tedcdn.com/r/pe.tedcdn.com/images/ted/008895c687024820b4dc6ca623862631b11399c9_254x191.jpg?w=255
6a034c24da446a102707f5f0,Roman Krznaric,https://pi.tedcdn.com/r/ted-conferences-speaker-photos-production.s3.amazonaws.com/bv8cynj1jl65ksx3v66gvbdju0rw?w=255
6a034c24da446a102707f5f2,Roselinde Torres,https://pi.tedcdn.com/r/pe.tedcdn.com/images/ted/dc448a5eebf905b9075372801319e1c4a6f86b98_254x191.jpg?w=255
6a034c24da446a102707f607,Tyler Cowen,https://pi.tedcdn.com/r/pe.tedcdn.com/images/ted/495daad60e5ecd28bae9a315e0b3c5107b4de191_254x191.jpg?w=255
6a034c25b4b11d1a48586212,Huang Hung,https://tedblade-public-assets.s3.us-east-1.amazonaws.com/default-avatar.jpg
6a034c25b4b11d1a485862ae,Alexandra Auer,https://pi.tedcdn.com/r/pe.tedcdn.com/images/ted/75cb1e885262edfc33f5459d6922d909f94d2345_254x191.jpg?w=255
6a034c25b4b11d1a485862c1,Brian Janosch,https://tedblade-public-assets.s3.us-east-1.amazonaws.com/default-avatar.jpg
6a034c25b4b11d1a485862c6,Caroline Paul,https://pi.tedcdn.com/r/pe.tedcdn.com/images/ted/633409933422bb24a2243b07408005f318b57fee_254x191.jpg?w=255
6a034c25b4b11d1a485862d0,Debbie Millman,https://pi.tedcdn.com/r/ted-conferences-speaker-photos-production.s3.amazonaws.com/8wtc9428ytxw6au755vze6ykn69t?w=255
6a034c25b4b11d1a485862ef,Pico Iyer,https://pi.tedcdn.com/r/ted-conferences-speaker-photos-production.s3.amazonaws.com/c96pumb73jycdzsrdzahxb7hwcaq?w=255
6a034c25b4b11d1a4858631e,Avi Reichental,https://pi.tedcdn.com/r/pe.tedcdn.com/images/ted/5087334c7eee6fa0623cd44b06a45d73727266dc_254x191.jpg?w=255
6a034c25b4b11d1a48586339,Chuck Nice,https://pi.tedcdn.com/r/pe.tedcdn.com/images/ted/535065c35765107cef673095ec2e722d0fef3632_254x191.jpg?w=255
6a034c25b4b11d1a48586363,Don Tapscott,https://pi.tedcdn.com/r/pe.tedcdn.com/images/ted/a3ebb051eceba452cc8b395566bf7190c2d5f6ca_254x191.jpg?w=255
6a034c25b4b11d1a4858636c,Oral McGuire,https://pi.tedcdn.com/r/ted-conferences-speaker-photos-production.s3.amazonaws.com/tkomqwmyeiirl5cekk6nznbvyz8b?w=255
6a034c25b4b11d1a4858636d,The Lady Lifers,https://pi.tedcdn.com/r/pe.tedcdn.com/images/ted/ec342705ccefc630203b4ccff4e65d723c137426_254x191.jpg?w=255
6a034c25b4b11d1a48586393,Sabine Doebel,https://pi.tedcdn.com/r/pe.tedcdn.com/images/ted/c52f7abeb9082fbe77e53aea67bb8c29f7fd48a7_254x191.jpg?w=255
6a034c2435bf06475c27aeb7,Michael R. Stiff,https://tedblade-public-assets.s3.us-east-1.amazonaws.com/default-avatar.jpg
6a034c2435bf06475c27aebf,Peace Itimi,https://pi.tedcdn.com/r/ted-conferences-speaker-photos-production.s3.amazonaws.com/g70jsvgelt4vojm4n01gwjtoo7oi?w=255
6a034c2435bf06475c27aedd,Will Wright,https://pi.tedcdn.com/r/pe.tedcdn.com/images/ted/13193_254x191.jpg?w=255
6a034c2435bf06475c27af45,Erik Hersman,https://pi.tedcdn.com/r/pe.tedcdn.com/images/ted/85305_254x191.jpg?w=255
6a034c2435bf06475c27af54,Hawa Abdi + Deqo Mohamed,https://tedblade-public-assets.s3.us-east-1.amazonaws.com/default-avatar.jpg
6a034c2435bf06475c27af90,Lorin Swint Matthews,https://tedblade-public-assets.s3.us-east-1.amazonaws.com/default-avatar.jpg
6a034c2435bf06475c27af97,Mallika Sarabhai,https://pi.tedcdn.com/r/pe.tedcdn.com/images/ted/132435_254x191.jpg?w=255
6a034c2435bf06475c27afa9,Niall Ferguson,https://pi.tedcdn.com/r/pe.tedcdn.com/images/ted/d7033be2033f607f6d99ee7fe1bf7bf064049fd7_254x191.jpg?w=255
6a034c2435bf06475c27afe5,Seena Mathew,https://tedblade-public-assets.s3.us-east-1.amazonaws.com/default-avatar.jpg
6a034c2435bf06475c27affe,Victoria Hwang,https://tedblade-public-assets.s3.us-east-1.amazonaws.com/default-avatar.jpg
6a034c2435bf06475c27b001,Yue Xiu Lim,https://tedblade-public-assets.s3.us-east-1.amazonaws.com/default-avatar.jpg
6a034c2435bf06475c27b003,Wendell Pierce,https://tedblade-public-assets.s3.us-east-1.amazonaws.com/default-avatar.jpg
6a034c2435bf06475c27b094,Sergio Feferovich,https://tedblade-public-assets.s3.us-east-1.amazonaws.com/default-avatar.jpg
6a034c2435bf06475c27b0a2,Teitur,https://pi.tedcdn.com/r/pe.tedcdn.com/images/ted/2a7e47b49fdda51030c318315c623a48a661bad7_254x191.jpg?w=255
6a034c2437e0c30f44bd1ca9,Abigail Marsh,https://pi.tedcdn.com/r/pe.tedcdn.com/images/ted/2c4812c669e936822d5a2ec1c42556a07a053594_254x191.jpg?w=255
6a034c2437e0c30f44bd1cb2,Aparna Rao,https://pi.tedcdn.com/r/pe.tedcdn.com/images/ted/26416963235b8b2da6a10a43642cd8930b26992b_254x191.jpg?w=255
6a034c2437e0c30f44bd1ce5,Jan Bill,https://tedblade-public-assets.s3.us-east-1.amazonaws.com/default-avatar.jpg
6a034c2437e0c30f44bd1ce8,Jason Fried,https://pi.tedcdn.com/r/pe.tedcdn.com/images/ted/d089fd4a70ff8c339ba3db6601c6bc52536d447e_254x191.jpg?w=255
6a034c2437e0c30f44bd1d01,Matt Trombley,https://pi.tedcdn.com/r/pe.tedcdn.com/images/ted/cc507e0c166f267c145ede3e8dd6de886fbe6a82_254x191.jpg?w=255
6a034c2437e0c30f44bd1d16,Robert Neuwirth,https://pi.tedcdn.com/r/pe.tedcdn.com/images/ted/22724bc80180827188cb1dc653e0525041731b78_254x191.jpg?w=255
6a034c2437e0c30f44bd1d1d,Seth Berkley,https://pi.tedcdn.com/r/pe.tedcdn.com/images/ted/f3f9291eaccddabeec1ce621be929ade7a8b50c4_254x191.jpg?w=255
6a034c2437e0c30f44bd1d3a,Alexander Wagner,https://pi.tedcdn.com/r/pe.tedcdn.com/images/ted/acb83fafc95b32724e1dae58ca7699d71093131b_254x191.jpg?w=255
6a034c2437e0c30f44bd1d3b,Amishi Jha,https://pi.tedcdn.com/r/pe.tedcdn.com/images/ted/28e561935270a57f92dd5a692276a0b79fbcc225_254x191.jpg?w=255
6a034c2437e0c30f44bd1d3d,Angélica Dass,https://pi.tedcdn.com/r/pe.tedcdn.com/images/ted/bf604ffff4f4c13062ba6b6f0fc4f03d0bc151af_254x191.jpg?w=255
6a034c2437e0c30f44bd1d6f,James K. Thornton,https://tedblade-public-assets.s3.us-east-1.amazonaws.com/default-avatar.jpg
6a034c2437e0c30f44bd1d72,Javed Akhtar,https://pi.tedcdn.com/r/pe.tedcdn.com/images/ted/540542ee6c9971edd6ea55760d78661a904ceeb6_254x191.jpg?w=255
6a034c2437e0c30f44bd1dbd,Andreea S. Calude,https://tedblade-public-assets.s3.us-east-1.amazonaws.com/default-avatar.jpg
6a034c2437e0c30f44bd1e3a,Jeffrey Siegel,https://tedblade-public-assets.s3.us-east-1.amazonaws.com/default-avatar.jpg
6a034c2437e0c30f44bd1e60,Margaret Bourdeaux,https://pi.tedcdn.com/r/pe.tedcdn.com/images/ted/9e95ce16e10d961a5e1548444180b2c1fe01adfa_254x191.jpg?w=255
6a034c2437e0c30f44bd1e64,Kimberlé Crenshaw,https://pi.tedcdn.com/r/pe.tedcdn.com/images/ted/73179fa436b7b09364f16fbd601b08f309f2b6c9_254x191.jpg?w=255
6a034c2437e0c30f44bd1eaf,Shawn Martinbrough,https://tedblade-public-assets.s3.us-east-1.amazonaws.com/default-avatar.jpg
6a034c2437e0c30f44bd1eb1,Sheena Meade,https://pi.tedcdn.com/r/ted-conferences-speaker-photos-production.s3.amazonaws.com/hxfp4oy7wm9qf86nz7s24769m4gn?w=255
6a034c2437e0c30f44bd1eca,Wes Moore,https://pi.tedcdn.com/r/pe.tedcdn.com/images/ted/dd7a9ffdcb818240eed3f8c1f7cd51d455479db7_254x191.jpg?w=255
6a034c2437e0c30f44bd1edc,Scott Kim,https://pi.tedcdn.com/r/pe.tedcdn.com/images/ted/133972_254x191.jpg?w=255
6a034c2437e0c30f44bd1ee3,Stephen Lawrence,https://tedblade-public-assets.s3.us-east-1.amazonaws.com/default-avatar.jpg
6a034c245e700263ec4ad1fc,Dan Harris,https://pi.tedcdn.com/r/ted-conferences-speaker-photos-production.s3.amazonaws.com/qzi3f3i2eukv7624ibjoedl8vq9e?w=255
6a034c245e700263ec4ad212,Herbie Hancock,https://pi.tedcdn.com/r/pe.tedcdn.com/images/ted/140142_254x191.jpg?w=255
6a034c245e700263ec4ad232,Lisa Feldman Barrett,https://pi.tedcdn.com/r/pe.tedcdn.com/images/ted/d91416837a355b73695dca444b3df1f65cfb53b8_254x191.jpg?w=255
6a034c245e700263ec4ad263,Vittorio Loreto,https://pi.tedcdn.com/r/pe.tedcdn.com/images/ted/0a6d63987f813db51bda9dfb257c6280bc239e5d_254x191.jpg?w=255
6a034c245e700263ec4ad26d,Angeline Murimirwa,https://pi.tedcdn.com/r/pe.tedcdn.com/images/ted/df6386457c5cfefa040efbc95ec843f95da60bf5_254x191.jpg?w=255
6a034c245e700263ec4ad294,Caroline Catlin,https://pi.tedcdn.com/r/pe.tedcdn.com/images/ted/57a79d7a24f19f14fe3455119a660e4fbc5f0b17_254x191.jpg?w=255
6a034c2435bf06475c27ae8c,James A. Smith,https://tedblade-public-assets.s3.us-east-1.amazonaws.com/default-avatar.jpg
6a034c245e700263ec4ad2e5,Jeremy Forbes,https://pi.tedcdn.com/r/pe.tedcdn.com/images/ted/50466716b681a0b89ad23a2ee235bb15427a8a20_254x191.jpg?w=255
6a034c245e700263ec4ad2e7,Jessie Christiansen,https://pi.tedcdn.com/r/ted-conferences-speaker-photos-production.s3.amazonaws.com/gpod4ipomyv2fdnt7j1i1h89a7us?w=255
6a034c2435bf06475c27aed2,Simone Stolzoff,https://pi.tedcdn.com/r/ted-conferences-speaker-photos-production.s3.amazonaws.com/g50yn1e26rfeloiir147e157vdqi?w=255
6a034c245e700263ec4ad329,Matthew Garcia,https://pi.tedcdn.com/r/ted-conferences-speaker-photos-production.s3.amazonaws.com/qjuws6oyojhj4k5vmm5phfkomlif?w=255
6a034c2435bf06475c27aef8,Brian Johnson,https://tedblade-public-assets.s3.us-east-1.amazonaws.com/default-avatar.jpg
6a034c2435bf06475c27aefc,Cameron Herold,https://pi.tedcdn.com/r/pe.tedcdn.com/images/ted/178133_254x191.jpg?w=255
6a034c2435bf06475c27af24,Cláudio Guerra,https://tedblade-public-assets.s3.us-east-1.amazonaws.com/default-avatar.jpg
6a034c2435bf06475c27af40,Eldra Jackson,https://pi.tedcdn.com/r/pe.tedcdn.com/images/ted/33e5a2bb0ca57fb12865f7ba4d21268632887336_254x191.jpg?w=255
6a034c245e700263ec4ad33c,Ngozi Okonjo-Iweala,https://pi.tedcdn.com/r/pe.tedcdn.com/images/ted/c78177129e2bd6cb58872f0d29cf2f904c2fd6e0_254x191.jpg?w=255
6a034c2435bf06475c27af41,François Candelon,https://tedblade-public-assets.s3.us-east-1.amazonaws.com/default-avatar.jpg
6a034c2435bf06475c27ae8d,James Randi,https://pi.tedcdn.com/r/pe.tedcdn.com/images/ted/164252_254x191.jpg?w=255
6a034c2435bf06475c27afd8,Ricardo Coler,https://tedblade-public-assets.s3.us-east-1.amazonaws.com/default-avatar.jpg
6a034c245e700263ec4ad3be,Diane J. Savino,https://tedblade-public-assets.s3.us-east-1.amazonaws.com/default-avatar.jpg
6a034c2435bf06475c27b00b,Aimée Eubanks Davis,https://pi.tedcdn.com/r/pe.tedcdn.com/images/ted/ce6ed2926db77418d754a32f7c1deedb705ec060_254x191.jpg?w=255
6a034c245e700263ec4ad3c8,Genevieve Bell,https://pi.tedcdn.com/r/pe.tedcdn.com/images/ted/37c6955cca3afd21c74aa7b01a9f1f1824add56f_254x191.jpg?w=255
6a034c2435bf06475c27ae9d,Julia Bacha,https://pi.tedcdn.com/r/pe.tedcdn.com/images/ted/19c12bfa37a0925780cdaeae798f3c41169262a4_254x191.jpg?w=255
6a034c2435bf06475c27b022,Dan Adams,https://tedblade-public-assets.s3.us-east-1.amazonaws.com/default-avatar.jpg
6a034c24658f0b3b67d4a2ae,Alexis Jones,https://tedblade-public-assets.s3.us-east-1.amazonaws.com/default-avatar.jpg
6a034c2435bf06475c27aebe,Patricia Villarrubia-Gómez,https://pi.tedcdn.com/r/ted-conferences-speaker-photos-production.s3.amazonaws.com/zl0lleahvpekisqqpo82eqojt3oc?w=255
6a034c2435bf06475c27aed9,Viktor Frankl,https://tedblade-public-assets.s3.us-east-1.amazonaws.com/default-avatar.jpg
6a034c2435bf06475c27aef5,Ananya Grover,https://pi.tedcdn.com/r/pe.tedcdn.com/images/ted/fc22149c7d2e8004b093647eab21ee730debe748_254x191.jpg?w=255
6a034c2435bf06475c27af30,David J. Malan,https://tedblade-public-assets.s3.us-east-1.amazonaws.com/default-avatar.jpg
6a034c2435bf06475c27af32,David Pogue,https://pi.tedcdn.com/r/pe.tedcdn.com/images/ted/1437_253x190.jpg?w=255
6a034c24658f0b3b67d4a2e6,Alex Rosenthal,https://pi.tedcdn.com/r/ted-conferences-speaker-photos-production.s3.amazonaws.com/r8k082g3i6qwqfvpyq520k41g5fd?w=255
6a034c2435bf06475c27af56,Heidi Grant,https://pi.tedcdn.com/r/pe.tedcdn.com/images/ted/4be03a63920e1dda99aef0ae69191ad4821e71a1_254x191.jpg?w=255
6a034c24658f0b3b67d4a2e7,Design Matters with Debbie Millman,https://tedblade-public-assets.s3.us-east-1.amazonaws.com/default-avatar.jpg
6a034c2435bf06475c27af6f,Jen Walsh,https://pi.tedcdn.com/r/ted-conferences-speaker-photos-production.s3.amazonaws.com/egek3k77785ygnt0o1z8jelqu3xh?w=255
6a034c24658f0b3b67d4a2eb,Craig Silliman,https://tedblade-public-assets.s3.us-east-1.amazonaws.com/default-avatar.jpg
6a034c2435bf06475c27af71,Jeremy Jackson,https://pi.tedcdn.com/r/pe.tedcdn.com/images/ted/168504_254x191.jpg?w=255
6a034c24658f0b3b67d4a2f3,Daphne Koller,https://pi.tedcdn.com/r/pe.tedcdn.com/images/ted/f0bdbaa6b4d543a86ae894297150f384f930e428_254x191.jpg?w=255
6a034c2435bf06475c27af78,José Bowen,https://pi.tedcdn.com/r/pe.tedcdn.com/images/ted/fc91c4ae0e1a915fb86e88941894129fb527f411_254x191.jpg?w=255
6a034c2435bf06475c27afa4,Marvin Minsky,https://pi.tedcdn.com/r/pe.tedcdn.com/images/ted/55211_254x191.jpg?w=255
6a034c24658f0b3b67d4a2ff,Eman Mohammed,https://pi.tedcdn.com/r/pe.tedcdn.com/images/ted/bd2ba8fa61ee323db9d1df3e657a920eac50ff21_254x191.jpg?w=255
6a034c2435bf06475c27afa8,Matthew Shifrin,https://tedblade-public-assets.s3.us-east-1.amazonaws.com/default-avatar.jpg
6a034c2435bf06475c27b015,Ashwini Anburajan,https://pi.tedcdn.com/r/pe.tedcdn.com/images/ted/55d1c8cc6b82120c09edcf408a7057670a4d54ad_254x191.jpg?w=255
6a034c2435bf06475c27b02a,David McCandless,https://pi.tedcdn.com/r/pe.tedcdn.com/images/ted/192643_254x191.jpg?w=255
6a034c2435bf06475c27b04f,Jarreth Merz,https://pi.tedcdn.com/r/pe.tedcdn.com/images/ted/756c38fce750f72cfc1ac46e82a3349e5252d20b_254x191.jpg?w=255
6a034c2435bf06475c27b055,John Legend,https://pi.tedcdn.com/r/pe.tedcdn.com/images/ted/a0ffab57a58be7f8dd421965c982d43bd8a36941_254x191.jpg?w=255
6a034c2435bf06475c27b07a,Neil Vora,https://pi.tedcdn.com/r/ted-conferences-speaker-photos-production.s3.amazonaws.com/rcdhhz8y4e2ey2pjedehb74pc5jf?w=255
6a034c2435bf06475c27b084,Philippe Starck,https://pi.tedcdn.com/r/pe.tedcdn.com/images/ted/21694_254x191.jpg?w=255
6a034c2435bf06475c27b09d,Stuart Oda,https://pi.tedcdn.com/r/pe.tedcdn.com/images/ted/740c0d84891285484b4c0debacca4194033f5a7e_254x191.jpg?w=255
6a034c2435bf06475c27b0ab,Wayne Ting,https://pi.tedcdn.com/r/ted-conferences-speaker-photos-production.s3.amazonaws.com/j50o5hvcdmlmmqki5lxtdmj9yu2g?w=255
6a034c24658f0b3b67d4a36c,Malala Yousafzai,https://pi.tedcdn.com/r/ted-conferences-speaker-photos-production.s3.amazonaws.com/xv4sbc29sy51lw83bjvlb7pa9g3n?w=255
6a034c2437e0c30f44bd1cb3,Audrey Choi,https://pi.tedcdn.com/r/pe.tedcdn.com/images/ted/ced683971d00ae3ec38557b4545835362042ebb4_254x191.jpg?w=255
6a034c2437e0c30f44bd1cf6,Kristina Gjerde,https://pi.tedcdn.com/r/pe.tedcdn.com/images/ted/2068c7105e0a2849952015314686a77743281ca1_254x191.jpg?w=255
6a034c24658f0b3b67d4a37a,Karleen Savage,https://tedblade-public-assets.s3.us-east-1.amazonaws.com/default-avatar.jpg
6a034c2435bf06475c27b07d,Nyra Jordan,https://pi.tedcdn.com/r/pe.tedcdn.com/images/ted/32fed0c298986ae028b72f71598a879b98bc2c6a_254x191.jpg?w=255
6a034c2437e0c30f44bd1d33,Yann Arthus-Bertrand,https://pi.tedcdn.com/r/pe.tedcdn.com/images/ted/d0960594137ac57c86240b07172436f45ffa31ff_254x191.jpg?w=255
6a034c24658f0b3b67d4a38c,Paul Debevec,https://pi.tedcdn.com/r/pe.tedcdn.com/images/ted/124105_254x191.jpg?w=255
6a034c2437e0c30f44bd1d83,Andrew Millar,https://tedblade-public-assets.s3.us-east-1.amazonaws.com/default-avatar.jpg
6a034c2435bf06475c27b098,Sinan Aral,https://pi.tedcdn.com/r/pe.tedcdn.com/images/ted/52b5d65266d7c917ccf2dfeba2970fb58a529660_254x191.jpg?w=255
6a034c2437e0c30f44bd1d94,Bassam Tariq,https://pi.tedcdn.com/r/pe.tedcdn.com/images/ted/978ef54be51d982ce2a1ba6f1d328a7bac7115b7_254x191.jpg?w=255
6a034c24658f0b3b67d4a3a3,Michael Timms,https://pi.tedcdn.com/r/ted-conferences-speaker-photos-production.s3.amazonaws.com/0a8yej7gkn9k17s87ds67g1k9gua?w=255
6a034c2437e0c30f44bd1dd8,Bjarke Ingels,https://pi.tedcdn.com/r/pe.tedcdn.com/images/ted/d6904cc9256da59cdcbd24bb04e938f2668a288f_254x191.jpg?w=255
6a034c24658f0b3b67d4a3a5,Rebecca Knill,https://pi.tedcdn.com/r/pe.tedcdn.com/images/ted/0e56f245f16eeb0dba6be7a1277aefc07950b86e_254x191.jpg?w=255
6a034c24658f0b3b67d4a3b4,Rosario Perazolo Masjoan,https://tedblade-public-assets.s3.us-east-1.amazonaws.com/default-avatar.jpg
6a034c2437e0c30f44bd1e8d,Michael Fey,https://tedblade-public-assets.s3.us-east-1.amazonaws.com/default-avatar.jpg
6a034c24658f0b3b67d4a3c6,Sara Garofalo,https://tedblade-public-assets.s3.us-east-1.amazonaws.com/default-avatar.jpg
6a034c2437e0c30f44bd1ebb,Sylvia Earle,https://pi.tedcdn.com/r/ted-conferences-speaker-photos-production.s3.amazonaws.com/x3490n69k8iet9olnqeg3y7xice6?w=255
6a034c24658f0b3b67d4a409,Sebastian Seung,https://pi.tedcdn.com/r/pe.tedcdn.com/images/ted/202583_254x191.jpg?w=255
6a034c2437e0c30f44bd1ebc,TEDx SHORTS,https://tedblade-public-assets.s3.us-east-1.amazonaws.com/default-avatar.jpg
6a034c24658f0b3b67d4a44c,Sandra Rey,https://tedblade-public-assets.s3.us-east-1.amazonaws.com/default-avatar.jpg
6a034c2437e0c30f44bd1ec5,Uri Hasson,https://pi.tedcdn.com/r/pe.tedcdn.com/images/ted/c51998048b7d38edbec8bd82560d386ddcd2e176_254x191.jpg?w=255
6a034c245e700263ec4ad1f3,Brian D. Avery,https://tedblade-public-assets.s3.us-east-1.amazonaws.com/default-avatar.jpg
6a034c245e700263ec4ad213,Ian Strange,https://tedblade-public-assets.s3.us-east-1.amazonaws.com/default-avatar.jpg
6a034c245e700263ec4ad271,Arnav Kapur,https://pi.tedcdn.com/r/pe.tedcdn.com/images/ted/c26ccbb6d0d6c4f35884c0fe3a5ab6883cff2f31_254x191.jpg?w=255
6a034c245e700263ec4ad27b,Aicha el-Wafi + Phyllis Rodriguez,https://tedblade-public-assets.s3.us-east-1.amazonaws.com/default-avatar.jpg
6a034c24658f0b3b67d4a456,Scott Fitsimones,https://pi.tedcdn.com/r/ted-conferences-speaker-photos-production.s3.amazonaws.com/f05n7ssim5q4t21bjije4khb1bl3?w=255
6a034c245e700263ec4ad282,Alvin Irby,https://pi.tedcdn.com/r/pe.tedcdn.com/images/ted/775ca29dc6fbe503120794da233ebdabc14d6a01_254x191.jpg?w=255
6a034c245e700263ec4ad2ef,Joon Silverstein,https://pi.tedcdn.com/r/ted-conferences-speaker-photos-production.s3.amazonaws.com/ar3eg5hkuivy947w86werppojsqw?w=255
6a034c24658f0b3b67d4a47a,Christina Warinner,https://pi.tedcdn.com/r/pe.tedcdn.com/images/ted/6146acd955ec51979d4b42b8af90689a9e1021ab_254x191.jpg?w=255
6a034c24658f0b3b67d4a47b,Taiye Selasi,https://pi.tedcdn.com/r/pe.tedcdn.com/images/ted/d2dd11f5b725f769f8147cc3ca9fa9dd3d20fe31_254x191.jpg?w=255
6a034c24658f0b3b67d4a499,Erin Meezan,https://pi.tedcdn.com/r/pe.tedcdn.com/images/ted/41839a5cf371a5cd74562f9355fbf2f62f43d47e_254x191.jpg?w=255
6a034c245e700263ec4ad303,Kenneth Chabert,https://pi.tedcdn.com/r/ted-conferences-speaker-photos-production.s3.amazonaws.com/67bzjh48q6p49dr8g45ognw9ny1n?w=255
6a034c24658f0b3b67d4a49f,Gerd Gigerenzer,https://tedblade-public-assets.s3.us-east-1.amazonaws.com/default-avatar.jpg
6a034c245e700263ec4ad338,Nathan S. Jacobs,https://tedblade-public-assets.s3.us-east-1.amazonaws.com/default-avatar.jpg
6a034c2437e0c30f44bd1ce1,Jacek Utko,https://pi.tedcdn.com/r/pe.tedcdn.com/images/ted/81218_254x191.jpg?w=255
6a034c245e700263ec4ad38c,T. Boone Pickens,https://tedblade-public-assets.s3.us-east-1.amazonaws.com/default-avatar.jpg
6a034c2437e0c30f44bd1cec,Jim Chuchu,https://pi.tedcdn.com/r/ted-conferences-speaker-photos-production.s3.amazonaws.com/hkox5N9RSv4Gu6dzrXdnvZLQ?w=255
6a034c245e700263ec4ad418,Woody Norris,https://pi.tedcdn.com/r/pe.tedcdn.com/images/ted/66947_254x191.jpg?w=255
6a034c2437e0c30f44bd1cff,Marilyn Waring,https://pi.tedcdn.com/r/pe.tedcdn.com/images/ted/493e54e88df8124b0ecb223f45151f611621e10e_254x191.jpg?w=255
6a034c24658f0b3b67d4a4d7,Matthieu Ricard,https://pi.tedcdn.com/r/pe.tedcdn.com/images/ted/18857_254x191.jpg?w=255
6a034c2437e0c30f44bd1d0b,Nir Eyal,https://pi.tedcdn.com/r/pe.tedcdn.com/images/ted/b49f777f1a8cea3a9e3144babc6c7f2e0ff10dbb_254x191.jpg?w=255
6a034c24658f0b3b67d4a2cb,Chris Burkard,https://pi.tedcdn.com/r/pe.tedcdn.com/images/ted/c672a68bfc4d4906fe9c96ecc104138600e156ca_254x191.jpg?w=255
6a034c2437e0c30f44bd1d17,Robert Reffkin,https://pi.tedcdn.com/r/pe.tedcdn.com/images/ted/8d7c41c09045b5b8f92f6475df5a0c9c15de1279_254x191.jpg?w=255
6a034c2437e0c30f44bd1d1c,Scilla Elworthy,https://pi.tedcdn.com/r/pe.tedcdn.com/images/ted/f43c297dc079fbba9224630acabe6a7ea3525833_254x191.jpg?w=255
6a034c2437e0c30f44bd1d79,Aaron Horowitz,https://tedblade-public-assets.s3.us-east-1.amazonaws.com/default-avatar.jpg
6a034c2437e0c30f44bd1dab,Afrika Afeni Mills,https://pi.tedcdn.com/r/ted-conferences-speaker-photos-production.s3.amazonaws.com/wj61zjhl8r19xq34w8kgb9zqokzp?w=255
6a034c2437e0c30f44bd1db5,Amy Lockwood,https://pi.tedcdn.com/r/pe.tedcdn.com/images/ted/cb158122d583aea72cff1e7290c733d876fff699_254x191.jpg?w=255
6a034c2437e0c30f44bd1db6,Carolyn Harris,https://tedblade-public-assets.s3.us-east-1.amazonaws.com/default-avatar.jpg
6a034c2437e0c30f44bd1db7,Amy Milton,https://pi.tedcdn.com/r/pe.tedcdn.com/images/ted/537a89719770d7e69b8516dbb624b1d9e419004b_254x191.jpg?w=255
6a034c2437e0c30f44bd1def,Scott Peeples,https://tedblade-public-assets.s3.us-east-1.amazonaws.com/default-avatar.jpg
6a034c2437e0c30f44bd1e1b,Villy Wang,https://tedblade-public-assets.s3.us-east-1.amazonaws.com/default-avatar.jpg
6a034c2437e0c30f44bd1e1c,Hilde Stenuit,https://tedblade-public-assets.s3.us-east-1.amazonaws.com/default-avatar.jpg
6a034c24658f0b3b67d4a2d9,Bryan Kramer,https://tedblade-public-assets.s3.us-east-1.amazonaws.com/default-avatar.jpg
6a034c24658f0b3b67d4a2df,Charles Hazlewood,https://pi.tedcdn.com/r/pe.tedcdn.com/images/ted/81b0b0c3a4e2ac6460fc017b68b3dddd06a1ca9f_254x191.jpg?w=255
6a034c24658f0b3b67d4a319,Fredros Okumu,https://pi.tedcdn.com/r/pe.tedcdn.com/images/ted/1fea342a2485813012b369ef2b425802a96f2842_254x191.jpg?w=255
6a034c24658f0b3b67d4a33b,John Varney,https://tedblade-public-assets.s3.us-east-1.amazonaws.com/default-avatar.jpg
6a034c24658f0b3b67d4a345,Gabriel Barcia-Colombo,https://pi.tedcdn.com/r/pe.tedcdn.com/images/ted/57eca232c5087ec552558132fe14b5c641159238_254x191.jpg?w=255
6a034c24658f0b3b67d4a354,Helianti Hilman,https://pi.tedcdn.com/r/ted-conferences-speaker-photos-production.s3.amazonaws.com/bjdy65qcozfsyxj0x2nyet23kcls?w=255
6a034c24658f0b3b67d4a35e,Lalitesh Katragadda,https://pi.tedcdn.com/r/pe.tedcdn.com/images/ted/141311_254x191.jpg?w=255
6a034c24658f0b3b67d4a35f,Jennifer Kahn,https://pi.tedcdn.com/r/pe.tedcdn.com/images/ted/c10a58d3a5f79ac6197d939b5dec252df3e38ba5_254x191.jpg?w=255
6a034c24658f0b3b67d4a389,Laura Wright,https://tedblade-public-assets.s3.us-east-1.amazonaws.com/default-avatar.jpg
6a034c24658f0b3b67d4a3b0,Harrison Chase,https://tedblade-public-assets.s3.us-east-1.amazonaws.com/default-avatar.jpg
6a034c24658f0b3b67d4a3c0,Sam Rodriques,https://pi.tedcdn.com/r/pe.tedcdn.com/images/ted/7caa9cd18b989c1132b346e83cd154b2607c9949_254x191.jpg?w=255
6a034c24658f0b3b67d4a3cb,Joel Burns,https://tedblade-public-assets.s3.us-east-1.amazonaws.com/default-avatar.jpg
6a034c24658f0b3b67d4a3d0,Pete Stavros,https://pi.tedcdn.com/r/ted-conferences-speaker-photos-production.s3.amazonaws.com/705etjhjptakc4pa81d5m9eg5d10?w=255
6a034c24658f0b3b67d4a3f3,Ketakandriana Rafitoson,https://pi.tedcdn.com/r/ted-conferences-speaker-photos-production.s3.amazonaws.com/n4htbwbg9bfko7urstf5vh2kyjbh?w=255
6a034c24658f0b3b67d4a437,Peter Molyneux,https://pi.tedcdn.com/r/pe.tedcdn.com/images/ted/191801_254x191.jpg?w=255
6a034c24658f0b3b67d4a464,Bernhard Kowatsch,https://pi.tedcdn.com/r/ted-conferences-speaker-photos-production.s3.amazonaws.com/wwhq5maeqsvwy05njuny7utne8ph?w=255
6a034c24658f0b3b67d4a49c,G. Richard Scott,https://tedblade-public-assets.s3.us-east-1.amazonaws.com/default-avatar.jpg
6a034c24658f0b3b67d4a4a5,ZigZag,https://tedblade-public-assets.s3.us-east-1.amazonaws.com/default-avatar.jpg
6a034c24658f0b3b67d4a4c4,Krista Tippett,https://pi.tedcdn.com/r/ted-conferences-speaker-photos-production.s3.amazonaws.com/3jn1m3qvaza5fptr01skz4hqfs63?w=255
6a034c24658f0b3b67d4a4d5,Martha Minow,https://pi.tedcdn.com/r/pe.tedcdn.com/images/ted/a7ba3fb4e9f0f3c3a54112cbda264729621aa2fd_254x191.jpg?w=255
6a034c24658f0b3b67d4a4ef,Sam Afoullouss,https://pi.tedcdn.com/r/ted-conferences-speaker-photos-production.s3.amazonaws.com/vy3alz7xit6bwf10me3p7qj27adf?w=255
6a034c249bbcd05aa3165aea,P.J. Parmar,https://tedblade-public-assets.s3.us-east-1.amazonaws.com/default-avatar.jpg
6a034c249bbcd05aa3165b4b,Jonathan Zittrain,https://pi.tedcdn.com/r/pe.tedcdn.com/images/ted/117053_254x191.jpg?w=255
6a034c249bbcd05aa3165b59,Laura Tenenbaum,https://tedblade-public-assets.s3.us-east-1.amazonaws.com/default-avatar.jpg
6a034c249bbcd05aa3165b70,Nikki Webber Allen,https://pi.tedcdn.com/r/pe.tedcdn.com/images/ted/d732508fcf7955c5bf75a54c8dd27ff0992e8f40_254x191.jpg?w=255
6a034c249bbcd05aa3165bd0,Iqbal Quadir,https://pi.tedcdn.com/r/pe.tedcdn.com/images/ted/1311_253x190.jpg?w=255
6a034c249bbcd05aa3165bec,Lucas Husted,https://tedblade-public-assets.s3.us-east-1.amazonaws.com/default-avatar.jpg
6a034c249bbcd05aa3165c0d,Saleem Ali,https://pi.tedcdn.com/r/ted-conferences-speaker-photos-production.s3.amazonaws.com/t08jgu6ms7mfkqqgddwirqh30w4n?w=255
6a034c249bbcd05aa3165c14,Su Kahumbu,https://pi.tedcdn.com/r/pe.tedcdn.com/images/ted/094ec080d306e6c5da587c1ae7234ef5b654cd55_254x191.jpg?w=255
6a034c249bbcd05aa3165c3c,Dean R. Lomax,https://tedblade-public-assets.s3.us-east-1.amazonaws.com/default-avatar.jpg
6a034c249bbcd05aa3165c6e,Lýdia Machová,https://pi.tedcdn.com/r/pe.tedcdn.com/images/ted/80d929f3e6c56ca4e772d1aeff2159cfb745cf00_254x191.jpg?w=255
6a034c249bbcd05aa3165cb7,Uri Alon,https://pi.tedcdn.com/r/pe.tedcdn.com/images/ted/f1948f1cf39bc8044b6e23d0f997d5c55755f1b0_254x191.jpg?w=255
6a034c24b9e30957c4388984,Adetayo Bamiduro,https://pi.tedcdn.com/r/ted-conferences-speaker-photos-production.s3.amazonaws.com/jwmj9s554rg7jbp8ggpyyna9alga?w=255
6a034c24b9e30957c43889ac,Robert Waldinger,https://pi.tedcdn.com/r/ted-conferences-speaker-photos-production.s3.amazonaws.com/z06t52npz9uiri49xknb93uyf7to?w=255
6a034c24b9e30957c43889b3,Carole K. Hooven,https://tedblade-public-assets.s3.us-east-1.amazonaws.com/default-avatar.jpg
6a034c24b9e30957c43889e6,Ed Gavagan,https://pi.tedcdn.com/r/pe.tedcdn.com/images/ted/c5fc8ba708c053ea2cc9e3aba90822210ef66008_254x191.jpg?w=255
6a034c24b9e30957c4388a36,Anna Rosling Rönnlund,https://pi.tedcdn.com/r/pe.tedcdn.com/images/ted/ef6beff098b95116ac25a389af858deffed39738_254x191.jpg?w=255
6a034c24b9e30957c4388a4b,Nathalia Holt,https://tedblade-public-assets.s3.us-east-1.amazonaws.com/default-avatar.jpg
6a034c24b9e30957c4388a56,Angela Garbes,https://tedblade-public-assets.s3.us-east-1.amazonaws.com/default-avatar.jpg
6a034c24b9e30957c4388a82,TED staff,https://tedblade-public-assets.s3.us-east-1.amazonaws.com/default-avatar.jpg
6a034c2437e0c30f44bd1e26,Gonzalo Muñoz,https://pi.tedcdn.com/r/ted-conferences-speaker-photos-production.s3.amazonaws.com/z2t4uhmzp763tgf7canplvfjwui0?w=255
6a034c2437e0c30f44bd1e3b,Jason McCue,https://pi.tedcdn.com/r/pe.tedcdn.com/images/ted/6fd16a9fe45673ac814652f3d4e7932ced8c9220_254x191.jpg?w=255
6a034c2437e0c30f44bd1e4f,Kamau Gachigi,https://pi.tedcdn.com/r/pe.tedcdn.com/images/ted/2e7ec8dd89cfbc85cbba80124081fe6e72ea8281_254x191.jpg?w=255
6a034c2437e0c30f44bd1e53,Katherine Lucas,https://tedblade-public-assets.s3.us-east-1.amazonaws.com/default-avatar.jpg
6a034c2437e0c30f44bd1e57,Keyu Jin,https://pi.tedcdn.com/r/ted-conferences-speaker-photos-production.s3.amazonaws.com/wgt0f91qifbg3mjhok8vavvb262k?w=255
6a034c2437e0c30f44bd1e67,Max Hawkins,https://pi.tedcdn.com/r/pe.tedcdn.com/images/ted/61d47552dc7f5fa7b52ac7211dc8b31309c60bb2_254x191.jpg?w=255
6a034c2437e0c30f44bd1e82,Ole Scheeren,https://pi.tedcdn.com/r/pe.tedcdn.com/images/ted/ab801ce3ff62336ffd2dc74ff616954aecb179c4_254x191.jpg?w=255
6a034c2437e0c30f44bd1e87,Michael Anti,https://pi.tedcdn.com/r/pe.tedcdn.com/images/ted/680c543fb476fa59a15b13fab5a049657dd2697e_254x191.jpg?w=255
6a034c2437e0c30f44bd1e94,Richard Dawkins,https://pi.tedcdn.com/r/ted-conferences-speaker-photos-production.s3.amazonaws.com/u8ani6nbmsbkz81d6oc6666nuk56?w=255
6a034c24b9e30957c4388ad8,Julissa Prado,https://tedblade-public-assets.s3.us-east-1.amazonaws.com/default-avatar.jpg
6a034c24b9e30957c4388b0c,Ryah Whalen,https://pi.tedcdn.com/r/ted-conferences-speaker-photos-production.s3.amazonaws.com/ruqemik3y1nk8rp6v27mrscwa31x?w=255
6a034c24b9e30957c4388b28,Barbara J. King,https://tedblade-public-assets.s3.us-east-1.amazonaws.com/default-avatar.jpg
6a034c24b9e30957c4388b5b,Heather Malyuk,https://tedblade-public-assets.s3.us-east-1.amazonaws.com/default-avatar.jpg
6a034c24b9e30957c4388b5d,Hugh Herr,https://pi.tedcdn.com/r/pe.tedcdn.com/images/ted/f40085693af36ac284c630d2fd21a4048dcf13dd_254x191.jpg?w=255
6a034c24b9e30957c4388b7f,Maajid Nawaz,https://pi.tedcdn.com/r/pe.tedcdn.com/images/ted/87b591ab1ccc49c0b41a8ec85b11c207c0c69dc2_254x191.jpg?w=255
6a034c24b9e30957c4388ba2,Seth Darling,https://tedblade-public-assets.s3.us-east-1.amazonaws.com/default-avatar.jpg
6a034c2437e0c30f44bd1ea3,Sara DeWitt,https://pi.tedcdn.com/r/pe.tedcdn.com/images/ted/2240eaee18b62d24a941a634c4ae26dae18dff81_254x191.jpg?w=255
6a034c2437e0c30f44bd1eed,Vicki Arroyo,https://pi.tedcdn.com/r/pe.tedcdn.com/images/ted/65551c83f84dac9130824c65e643fcd4d1ee8925_254x191.jpg?w=255
6a034c245e700263ec4ad21d,Jeff Iliff,https://pi.tedcdn.com/r/pe.tedcdn.com/images/ted/0b99bc5fb8093a2b99f13b615e376b9c2063bfc4_254x191.jpg?w=255
6a034c245e700263ec4ad246,Noah R. Bressman,https://tedblade-public-assets.s3.us-east-1.amazonaws.com/default-avatar.jpg
6a034c245e700263ec4ad261,Vernā Myers,https://pi.tedcdn.com/r/pe.tedcdn.com/images/ted/9a02b15f260de66c6355b6067a60eac875af102e_254x191.jpg?w=255
6a034c245e700263ec4ad26e,Anna Post,https://tedblade-public-assets.s3.us-east-1.amazonaws.com/default-avatar.jpg
6a034c245e700263ec4ad2df,Harald Haas,https://pi.tedcdn.com/r/pe.tedcdn.com/images/ted/8c44796c499cb4f124bbe75d55fd428b5dacaf64_254x191.jpg?w=255
6a034c245e700263ec4ad2f3,Judson Brewer,https://pi.tedcdn.com/r/pe.tedcdn.com/images/ted/c26509b2fb6f78fd26045fdfce39d293ab458400_254x191.jpg?w=255
6a034c24b9e30957c4388bb1,Yana Buhrer Tavanier,https://pi.tedcdn.com/r/pe.tedcdn.com/images/ted/4a50a74b93c25dc7402250d5d36a88d03d0b4f94_254x191.jpg?w=255
6a034c24658f0b3b67d4a4f3,Shoel Perelman,https://tedblade-public-assets.s3.us-east-1.amazonaws.com/default-avatar.jpg
6a034c249bbcd05aa3165a8c,Amjad Masad,https://tedblade-public-assets.s3.us-east-1.amazonaws.com/default-avatar.jpg
6a034c249bbcd05aa3165a97,Brian Greene,https://pi.tedcdn.com/r/pe.tedcdn.com/images/ted/7998_254x191.jpg?w=255
6a034c245e700263ec4ad360,Rory Stewart,https://pi.tedcdn.com/r/ted-conferences-speaker-photos-production.s3.amazonaws.com/dce33lknvaju0g0p8u2jualvpp6g?w=255
6a034c249bbcd05aa3165aa7,Drew Dudley,https://pi.tedcdn.com/r/pe.tedcdn.com/images/ted/7f9f0364eb897dc9e8c9939177165b390c926d6d_254x191.jpg?w=255
6a034c245e700263ec4ad379,Shannon Lee,https://pi.tedcdn.com/r/pe.tedcdn.com/images/ted/2661ddddaac7e923f64f95fc1b2403dba30e7e1e_254x191.jpg?w=255
6a034c249bbcd05aa3165ab2,Gabe Brown,https://pi.tedcdn.com/r/ted-conferences-speaker-photos-production.s3.amazonaws.com/sadrrm7d3lb4za5qs6b7bh1wbdmz?w=255
6a034c245e700263ec4ad37a,Steve Simpson,https://tedblade-public-assets.s3.us-east-1.amazonaws.com/default-avatar.jpg
6a034c249bbcd05aa3165ab6,Gus Worland,https://pi.tedcdn.com/r/ted-conferences-speaker-photos-production.s3.amazonaws.com/unvhv5qh68aox1rkt6cy00tou2xo?w=255
6a034c249bbcd05aa3165ada,Mads Tang-Christensen,https://pi.tedcdn.com/r/pe.tedcdn.com/images/ted/5490901f2cc0fd16fe5a0d3bfeacc4eeea438edd_254x191.jpg?w=255
6a034c24d4881847be4b5086,Ben Gran,https://tedblade-public-assets.s3.us-east-1.amazonaws.com/default-avatar.jpg
6a034c249bbcd05aa3165af3,Renny Gleeson,https://pi.tedcdn.com/r/pe.tedcdn.com/images/ted/82611_254x191.jpg?w=255
6a034c24d4881847be4b508e,Beverly + Dereck Joubert,https://tedblade-public-assets.s3.us-east-1.amazonaws.com/default-avatar.jpg
6a034c249bbcd05aa3165afd,Shane Campbell-Staton,https://tedblade-public-assets.s3.us-east-1.amazonaws.com/default-avatar.jpg
6a034c24d4881847be4b5098,Brittany K. Barnett,https://tedblade-public-assets.s3.us-east-1.amazonaws.com/default-avatar.jpg
6a034c249bbcd05aa3165b04,Alexis Gambis,https://tedblade-public-assets.s3.us-east-1.amazonaws.com/default-avatar.jpg
6a034c24d4881847be4b50a4,Candy Chang,https://pi.tedcdn.com/r/pe.tedcdn.com/images/ted/19e1ead0120a7f5767f290cf8c84449c72dd5ae1_254x191.jpg?w=255
6a034c249bbcd05aa3165b09,AnnMarie Thomas,https://pi.tedcdn.com/r/pe.tedcdn.com/images/ted/d575d211c1a41deb0ff96a32c7c5ed62fdcd856a_254x191.jpg?w=255
6a034c249bbcd05aa3165b39,Hei Man Chan,https://tedblade-public-assets.s3.us-east-1.amazonaws.com/default-avatar.jpg
6a034c24d4881847be4b50de,Janine Benyus,https://pi.tedcdn.com/r/pe.tedcdn.com/images/ted/1426_253x190.jpg?w=255
6a034c249bbcd05aa3165b3c,Hilary Coller,https://tedblade-public-assets.s3.us-east-1.amazonaws.com/default-avatar.jpg
6a034c24d4881847be4b50eb,Fan Zhang,https://tedblade-public-assets.s3.us-east-1.amazonaws.com/default-avatar.jpg
6a034c249bbcd05aa3165b54,Kiran Mazumdar-Shaw,https://pi.tedcdn.com/r/pe.tedcdn.com/images/ted/9045b428f4517a95f94c4f6443f6ab0f13031409_254x191.jpg?w=255
6a034c24d4881847be4b50f1,Garrett Lisi,https://pi.tedcdn.com/r/pe.tedcdn.com/images/ted/56107_254x191.jpg?w=255
6a034c249bbcd05aa3165b84,Amanda Williams,https://pi.tedcdn.com/r/pe.tedcdn.com/images/ted/73c8a2b1a809d20ef843c41561bdc6772d327bde_254x191.jpg?w=255
6a034c24d4881847be4b50fb,Gina Brillon,https://pi.tedcdn.com/r/pe.tedcdn.com/images/ted/1045053fb755c577a3b6c4399d798ddd034c0eb5_254x191.jpg?w=255
6a034c249bbcd05aa3165ba1,Christian Benimana,https://pi.tedcdn.com/r/pe.tedcdn.com/images/ted/5627d9ed768f2cb86bc3aaf97ffd4b99853bc6be_254x191.jpg?w=255
6a034c249bbcd05aa3165bb1,Elizabeth Dunn,https://pi.tedcdn.com/r/pe.tedcdn.com/images/ted/3c1b2df7dabe33cb1d1c50bf39c10756b2c95579_254x191.jpg?w=255
6a034c249bbcd05aa3165bf4,Matthew Borths,https://tedblade-public-assets.s3.us-east-1.amazonaws.com/default-avatar.jpg
6a034c249bbcd05aa3165c01,Paul Greenberg,https://pi.tedcdn.com/r/pe.tedcdn.com/images/ted/ac8885ee6ba95607a58e577bdbc13a613cb5fd7f_254x191.jpg?w=255
6a034c249bbcd05aa3165c3a,Dawn Lippert,https://pi.tedcdn.com/r/pe.tedcdn.com/images/ted/5b2ff66312af22d1ac932b1c8c174c67d8212c5f_254x191.jpg?w=255
6a034c249bbcd05aa3165c67,Kristie Overstreet,https://pi.tedcdn.com/r/pe.tedcdn.com/images/ted/6d28adeca1bf8845504e1940abc60f7effc5489a_254x191.jpg?w=255
6a034c249bbcd05aa3165c6f,Maria Gallucci,https://pi.tedcdn.com/r/pe.tedcdn.com/images/ted/1db2d8daa67ccce5a34b6a2e5e02222969457f12_254x191.jpg?w=255
6a034c249bbcd05aa3165caf,Stewart Brand + Mark Z. Jacobson,https://tedblade-public-assets.s3.us-east-1.amazonaws.com/default-avatar.jpg
6a034c24b9e30957c4388985,Aaron Maniam,https://pi.tedcdn.com/r/pe.tedcdn.com/images/ted/fbaa90cc905148ca6823cb03ee0e5544fe8ee23b_254x191.jpg?w=255
6a034c245e700263ec4ad380,TED Radio Hour,https://tedblade-public-assets.s3.us-east-1.amazonaws.com/default-avatar.jpg
6a034c24b9e30957c438898d,Alexander MacDonald,https://tedblade-public-assets.s3.us-east-1.amazonaws.com/default-avatar.jpg
6a034c24b9e30957c4388a05,Joseph Lacey,https://tedblade-public-assets.s3.us-east-1.amazonaws.com/default-avatar.jpg
6a034c245e700263ec4ad3cd,Helen Toner,https://pi.tedcdn.com/r/ted-conferences-speaker-photos-production.s3.amazonaws.com/7qy9ajuuf0psg7gbercrac8tbhg8?w=255
6a034c245e700263ec4ad3de,Kathy Hannun,https://pi.tedcdn.com/r/pe.tedcdn.com/images/ted/964e7e86ea7e3d6139db3d3c556ac6f03b2784ec_254x191.jpg?w=255
6a034c24b9e30957c4388a0e,Kakenya Ntaiya,https://pi.tedcdn.com/r/pe.tedcdn.com/images/ted/21f788c40e9faf6456a319487145c9270b8f707b_254x191.jpg?w=255
6a034c24658f0b3b67d4a2c4,Bob Stein,https://pi.tedcdn.com/r/pe.tedcdn.com/images/ted/5072025fc9b6b2e12cf0c890c1e3c932a6824c46_254x191.jpg?w=255
6a034c24b9e30957c4388a86,Tzeporah Berman,https://pi.tedcdn.com/r/pe.tedcdn.com/images/ted/6554dd77b1bfb40d5d121aff7dba194b2ce503b9_254x191.jpg?w=255
6a034c24b9e30957c4388a96,Amy Price Azano,https://tedblade-public-assets.s3.us-east-1.amazonaws.com/default-avatar.jpg
6a034c24658f0b3b67d4a2d3,Daniel Finkel,https://tedblade-public-assets.s3.us-east-1.amazonaws.com/default-avatar.jpg
6a034c2435bf06475c27ae5f,Ayana Elizabeth Johnson,https://pi.tedcdn.com/r/ted-conferences-speaker-photos-production.s3.amazonaws.com/3y3ws2cyh7pldn9py149udjx5jk7?w=255
6a034c24b9e30957c4388adf,Kings Floyd,https://tedblade-public-assets.s3.us-east-1.amazonaws.com/default-avatar.jpg
6a034c24658f0b3b67d4a2f2,Aparna Pallavi,https://pi.tedcdn.com/r/pe.tedcdn.com/images/ted/dd3c9d3ecf35b738afbfe7d8a56d9cc11a270e87_254x191.jpg?w=255
6a034c24b9e30957c4388b41,David R. Dow,https://tedblade-public-assets.s3.us-east-1.amazonaws.com/default-avatar.jpg
6a034c2435bf06475c27ae72,Conrad Wolfram,https://pi.tedcdn.com/r/pe.tedcdn.com/images/ted/e888333f4d69077af23ecd5c20fd8b83c1d57ed3_254x191.jpg?w=255
6a034c24658f0b3b67d4a2f5,Arika Okrent,https://tedblade-public-assets.s3.us-east-1.amazonaws.com/default-avatar.jpg
6a034c24b9e30957c4388b7a,Leticia Gasca,https://pi.tedcdn.com/r/pe.tedcdn.com/images/ted/a3776158d133909727f638e7c84d4052148f7d9b_254x191.jpg?w=255
6a034c2435bf06475c27ae79,Elizabeth Strickler,https://pi.tedcdn.com/r/ted-conferences-speaker-photos-production.s3.amazonaws.com/yhspy7pdrdvqnvck7lggsqfygr3x?w=255
6a034c24658f0b3b67d4a307,Ed Yong,https://pi.tedcdn.com/r/pe.tedcdn.com/images/ted/3a260b6e6830b24aa7d7e39d861142026e44e206_254x191.jpg?w=255
6a034c24d4881847be4b50e6,John Koenig,https://pi.tedcdn.com/r/pe.tedcdn.com/images/ted/1a59ac3d6d0ea58bcd72ee251cf116efd127520d_254x191.jpg?w=255
6a034c24d4881847be4b510a,Matilda Ho,https://pi.tedcdn.com/r/pe.tedcdn.com/images/ted/d8779471d8ded271c4a36026a8f0592b53b18395_254x191.jpg?w=255
6a034c2435bf06475c27aea1,Kelly D. Parker,https://tedblade-public-assets.s3.us-east-1.amazonaws.com/default-avatar.jpg
6a034c24d4881847be4b510c,Maurice Conti,https://pi.tedcdn.com/r/pe.tedcdn.com/images/ted/3f646de15ac75226c59ad9368a5047a72426c729_254x191.jpg?w=255
6a034c24d4881847be4b5132,Khalida Brohi,https://pi.tedcdn.com/r/pe.tedcdn.com/images/ted/4130ed438d521cfe63f1acd4db7f436d4cb32ea9_254x191.jpg?w=255
6a034c2435bf06475c27aea2,Kenichi Ebina,https://pi.tedcdn.com/r/pe.tedcdn.com/images/ted/16732_254x191.jpg?w=255
6a034c24d4881847be4b5134,Kirsti Abbott,https://tedblade-public-assets.s3.us-east-1.amazonaws.com/default-avatar.jpg
6a034c24d4881847be4b513a,Sahaj Kaur Kohli,https://pi.tedcdn.com/r/pe.tedcdn.com/images/ted/591f4e94c347f633f56c9b4985041d9145222add_254x191.jpg?w=255
6a034c2435bf06475c27aeaa,Lisa Janae Bacon,https://tedblade-public-assets.s3.us-east-1.amazonaws.com/default-avatar.jpg
6a034c24d4881847be4b5149,Marcus Bullock,https://pi.tedcdn.com/r/pe.tedcdn.com/images/ted/91c68e63ada297f045e90e2c59d21a6b4dc0f442_254x191.jpg?w=255
6a034c2435bf06475c27aec4,Rich Lesser,https://tedblade-public-assets.s3.us-east-1.amazonaws.com/default-avatar.jpg
6a034c24d4881847be4b5187,Steven Strogatz,https://pi.tedcdn.com/r/pe.tedcdn.com/images/ted/63355_254x191.jpg?w=255
6a034c2435bf06475c27af03,Chezare A. Warren,https://tedblade-public-assets.s3.us-east-1.amazonaws.com/default-avatar.jpg
6a034c24d4881847be4b51a2,Bijan Zakeri,https://tedblade-public-assets.s3.us-east-1.amazonaws.com/default-avatar.jpg
6a034c2435bf06475c27af6a,Jill Bolte Taylor,https://pi.tedcdn.com/r/ted-conferences-speaker-photos-production.s3.amazonaws.com/b3fe4mwnfv5l6hn567hz9cb2b03j?w=255
6a034c24d4881847be4b5246,Heidi Larson,https://pi.tedcdn.com/r/pe.tedcdn.com/images/ted/860056dd9f0af6c4a3024ad6ab07b641c834cd94_254x191.jpg?w=255
6a034c2435bf06475c27af79,John Amory,https://pi.tedcdn.com/r/pe.tedcdn.com/images/ted/1025b7b2b2831a7121de635ab6c8a2d35e4511b8_254x191.jpg?w=255
6a034c24d4881847be4b5262,Lorrie Faith Cranor,https://pi.tedcdn.com/r/pe.tedcdn.com/images/ted/3ef6f9581976a1d373015d4df7cddcc800c7282a_254x191.jpg?w=255
6a034c2435bf06475c27af87,Kristin Barry,https://tedblade-public-assets.s3.us-east-1.amazonaws.com/default-avatar.jpg
6a034c24d4881847be4b5280,Noy Thrupkaew,https://pi.tedcdn.com/r/pe.tedcdn.com/images/ted/c40a8153f9f753fdcde4eb02bbcafb15a0d07097_254x191.jpg?w=255
6a034c2435bf06475c27af92,Luci Englert McKean,https://tedblade-public-assets.s3.us-east-1.amazonaws.com/default-avatar.jpg
6a034c24d4881847be4b52a0,Tony Salvador,https://tedblade-public-assets.s3.us-east-1.amazonaws.com/default-avatar.jpg
6a034c2435bf06475c27aff0,Trish Millines Dziko,https://pi.tedcdn.com/r/ted-conferences-speaker-photos-production.s3.amazonaws.com/uctjtgqb0r3nkszwo5rjljoo7671?w=255
6a034c24da446a102707f3df,Jeff Skoll,https://pi.tedcdn.com/r/pe.tedcdn.com/images/ted/15333_254x191.jpg?w=255
6a034c2435bf06475c27b052,Jean-Baptiste P. Koehl,https://tedblade-public-assets.s3.us-east-1.amazonaws.com/default-avatar.jpg
6a034c24da446a102707f497,Michelle Knox,https://pi.tedcdn.com/r/pe.tedcdn.com/images/ted/6a2b5c08a041dea5f34aaee13c14bf6c2096f071_254x191.jpg?w=255
6a034c2435bf06475c27b07f,Pamela Ronald,https://pi.tedcdn.com/r/pe.tedcdn.com/images/ted/c15bad8411e18b5dc395f2773d100d138aba38a7_254x191.jpg?w=255
6a034c2435bf06475c27b08a,Rochelle King,https://tedblade-public-assets.s3.us-east-1.amazonaws.com/default-avatar.jpg
6a034c24da446a102707f4a2,Noelle Martin,https://pi.tedcdn.com/r/pe.tedcdn.com/images/ted/3c99dfd815444ecd01991165492648007a88420c_254x191.jpg?w=255
6a034c24da446a102707f506,Jonathan Rossiter,https://pi.tedcdn.com/r/pe.tedcdn.com/images/ted/a770a9b4c1568d8d2e9cf5ad40eba40f49a63edb_254x191.jpg?w=255
6a034c24da446a102707f511,Kwabena Boahen,https://pi.tedcdn.com/r/pe.tedcdn.com/images/ted/49862_254x191.jpg?w=255
6a034c24da446a102707f522,Maz Jobrani,https://pi.tedcdn.com/r/pe.tedcdn.com/images/ted/609b8f0d672bf58663110310adfd682fe98f274f_254x191.jpg?w=255
6a034c2435bf06475c27b093,Sebastian Deterding,https://pi.tedcdn.com/r/pe.tedcdn.com/images/ted/4b8a45d4f1bb85de83bc8c735fbe1b25d436567e_254x191.jpg?w=255
6a034c24da446a102707f569,Achenyo Idachaba,https://pi.tedcdn.com/r/pe.tedcdn.com/images/ted/e610124c72f4bc165ae4c475644da90ccc7255b0_254x191.jpg?w=255
6a034c24da446a102707f591,Ellen  Gustafson,https://tedblade-public-assets.s3.us-east-1.amazonaws.com/default-avatar.jpg
6a034c2435bf06475c27b09e,Suzana Herculano-Houzel,https://pi.tedcdn.com/r/pe.tedcdn.com/images/ted/4ba29981a43acc634f167bdde1c5df9c08aea188_254x191.jpg?w=255
6a034c24da446a102707f5a2,Hendrik Poinar,https://tedblade-public-assets.s3.us-east-1.amazonaws.com/default-avatar.jpg
6a034c2435bf06475c27b0a5,Tim Smith,https://tedblade-public-assets.s3.us-east-1.amazonaws.com/default-avatar.jpg
6a034c24d4881847be4b518c,Venus Keus,https://tedblade-public-assets.s3.us-east-1.amazonaws.com/default-avatar.jpg
6a034c24da446a102707f5a7,Jan Denecker,https://tedblade-public-assets.s3.us-east-1.amazonaws.com/default-avatar.jpg
6a034c2435bf06475c27b0af,Zaria Forman,https://pi.tedcdn.com/r/pe.tedcdn.com/images/ted/22f273d1cee50e1e41a618200e817efbcadcb576_254x191.jpg?w=255
6a034c24da446a102707f5ab,Jennifer L. Eberhardt,https://tedblade-public-assets.s3.us-east-1.amazonaws.com/default-avatar.jpg
6a034c2437e0c30f44bd1d34,Zachariah Mampilly,https://pi.tedcdn.com/r/pe.tedcdn.com/images/ted/1b2e71f4061c9821ea1fc48cf54a84ac4f8fcc38_254x191.jpg?w=255
6a034c24da446a102707f5c0,Lisa Godwin,https://pi.tedcdn.com/r/pe.tedcdn.com/images/ted/ecb62f5a66cdac09a31850726ba3c9b770805095_254x191.jpg?w=255
6a034c2437e0c30f44bd1d38,Aaron Huey,https://pi.tedcdn.com/r/pe.tedcdn.com/images/ted/6006a25fa5891b9b21d294143bfeb7df18653604_254x191.jpg?w=255
6a034c24da446a102707f5de,Ory Okolloh,https://pi.tedcdn.com/r/pe.tedcdn.com/images/ted/20e05e3000ade3731e3e82f1865e79a9714aec4d_254x191.jpg?w=255
6a034c2437e0c30f44bd1d5f,Erick Brethenoux,https://tedblade-public-assets.s3.us-east-1.amazonaws.com/default-avatar.jpg
6a034c24da446a102707f606,Tracie Keesee,https://pi.tedcdn.com/r/pe.tedcdn.com/images/ted/12ecf1e5a64442435ce6b5d9f718b78bb9da8c24_254x191.jpg?w=255
6a034c2437e0c30f44bd1d71,Janette Sadik-Khan,https://pi.tedcdn.com/r/pe.tedcdn.com/images/ted/83b77969a44edf132a296abceb563a77a4747ae9_254x191.jpg?w=255
6a034c2437e0c30f44bd1d9d,Bina Venkataraman,https://pi.tedcdn.com/r/pe.tedcdn.com/images/ted/5889a66965285e1fb6619668933ad5479f8b1af3_254x191.jpg?w=255
6a034c2437e0c30f44bd1daf,Ming Luke,https://tedblade-public-assets.s3.us-east-1.amazonaws.com/default-avatar.jpg
6a034c2437e0c30f44bd1dce,Ava DuVernay,https://pi.tedcdn.com/r/ted-conferences-speaker-photos-production.s3.amazonaws.com/hdmqw6f1bs11vxw50oi1fwzq52y2?w=255
6a034c2437e0c30f44bd1dd0,Christopher Emdin,https://tedblade-public-assets.s3.us-east-1.amazonaws.com/default-avatar.jpg
6a034c2437e0c30f44bd1de1,Britt Wray,https://pi.tedcdn.com/r/pe.tedcdn.com/images/ted/8c48d3677f5630c2d024143ce3d9539eac336f15_254x191.jpg?w=255
6a034c2437e0c30f44bd1e23,Gaspard Koenig,https://tedblade-public-assets.s3.us-east-1.amazonaws.com/default-avatar.jpg
6a034c2437e0c30f44bd1e33,Honor Harger,https://pi.tedcdn.com/r/pe.tedcdn.com/images/ted/21f9f3c3163de85dbc025fe32d2bd3c077383b1d_254x191.jpg?w=255
6a034c2437e0c30f44bd1e41,Jim Tamm,https://tedblade-public-assets.s3.us-east-1.amazonaws.com/default-avatar.jpg
6a034c2437e0c30f44bd1e5e,Lyra McKee,https://tedblade-public-assets.s3.us-east-1.amazonaws.com/default-avatar.jpg
6a034c2437e0c30f44bd1e61,Keith Eggener,https://tedblade-public-assets.s3.us-east-1.amazonaws.com/default-avatar.jpg
6a034c2437e0c30f44bd1e9a,Robin Ince,https://pi.tedcdn.com/r/pe.tedcdn.com/images/ted/d159e8f294e5119ae447818fb708cc7654722946_254x191.jpg?w=255
6a034c2437e0c30f44bd1ee1,Sofia Jawed-Wessel,https://pi.tedcdn.com/r/pe.tedcdn.com/images/ted/9df5ea58ac70b55f38809e9617bbce91fed0bfd8_254x191.jpg?w=255
6a034c245e700263ec4ad204,Eleftheria Pissadaki,https://tedblade-public-assets.s3.us-east-1.amazonaws.com/default-avatar.jpg
6a034c245e700263ec4ad239,Mae Jemison,https://pi.tedcdn.com/r/pe.tedcdn.com/images/ted/87129_254x191.jpg?w=255
6a034c245e700263ec4ad27c,Bart Weetjens,https://pi.tedcdn.com/r/pe.tedcdn.com/images/ted/de798f03c8fa8f33ee40cfd49e9b769f5a8f1aa0_254x191.jpg?w=255
6a034c25b4b11d1a48586186,Agnes Larsson,https://pi.tedcdn.com/r/ted-conferences-speaker-photos-production.s3.amazonaws.com/t0o7j1l5kl5m444rfe1czydcmxub?w=255
6a034c25b4b11d1a485861c4,Fabio Pacucci,https://tedblade-public-assets.s3.us-east-1.amazonaws.com/default-avatar.jpg
6a034c25b4b11d1a4858620a,Ma Jun,https://tedblade-public-assets.s3.us-east-1.amazonaws.com/default-avatar.jpg
6a034c245e700263ec4ad27d,Alex Gendler,https://tedblade-public-assets.s3.us-east-1.amazonaws.com/default-avatar.jpg
6a034c25b4b11d1a4858621a,Jack Horner,https://pi.tedcdn.com/r/pe.tedcdn.com/images/ted/8a10fd9dff436a65d2e3e75482ef8607f0e61d7b_254x191.jpg?w=255
6a034c25b4b11d1a48586237,Robert Sapolsky,https://pi.tedcdn.com/r/pe.tedcdn.com/images/ted/8bc7d21f6bf1d2083f4032f9c12f76518b64137e_254x191.jpg?w=255
6a034c25b4b11d1a4858626c,Mathieu Lehanneur,https://pi.tedcdn.com/r/pe.tedcdn.com/images/ted/126516_254x191.jpg?w=255
6a034c25b4b11d1a485862e4,Ilya Sutskever,https://tedblade-public-assets.s3.us-east-1.amazonaws.com/default-avatar.jpg
6a034c25b4b11d1a485862ed,Dawn Maslar,https://tedblade-public-assets.s3.us-east-1.amazonaws.com/default-avatar.jpg
6a034c25b4b11d1a485862ff,Leslie T. Chang,https://tedblade-public-assets.s3.us-east-1.amazonaws.com/default-avatar.jpg
6a034c25b4b11d1a48586302,David Asch,https://pi.tedcdn.com/r/pe.tedcdn.com/images/ted/9a11d25f3e32efcc92d19aad79b8f0a3f54b8417_254x191.jpg?w=255
6a034c24658f0b3b67d4a31f,Heribert Watzke,https://pi.tedcdn.com/r/pe.tedcdn.com/images/ted/208190_254x191.jpg?w=255
6a034c25b4b11d1a4858631c,Lear deBessonet with Brian Stokes Mitchell,https://tedblade-public-assets.s3.us-east-1.amazonaws.com/default-avatar.jpg
6a034c24658f0b3b67d4a32f,JayaShri Maathaa,https://pi.tedcdn.com/r/pe.tedcdn.com/images/ted/c0555501cdc578ab56d7b48f6b4d526f0099951a_254x191.jpg?w=255
6a034c25b4b11d1a48586322,David Puttnam,https://pi.tedcdn.com/r/pe.tedcdn.com/images/ted/380967d6f619e078a487b7bb82a749fa3d5208e8_254x191.jpg?w=255
6a034c24658f0b3b67d4a346,Kasley Killam,https://pi.tedcdn.com/r/ted-conferences-speaker-photos-production.s3.amazonaws.com/0o32blavxrqr95cmk8nme72fuz9p?w=255
6a034c25b4b11d1a48586332,Moshe Safdie,https://pi.tedcdn.com/r/pe.tedcdn.com/images/ted/30895_254x191.jpg?w=255
6a034c245e700263ec4ad2b1,Deb Chachra,https://pi.tedcdn.com/r/ted-conferences-speaker-photos-production.s3.amazonaws.com/14qac4gphwfifgpzlep5mnap3g8x?w=255
6a034c24658f0b3b67d4a363,Jim VandeHei,https://pi.tedcdn.com/r/ted-conferences-speaker-photos-production.s3.amazonaws.com/6y379ei24b55hnztcudmf3qupvn8?w=255
6a034c25b4b11d1a4858633c,Pablo Santa Cruz,https://tedblade-public-assets.s3.us-east-1.amazonaws.com/default-avatar.jpg
6a034c24658f0b3b67d4a369,John Cameron,https://tedblade-public-assets.s3.us-east-1.amazonaws.com/default-avatar.jpg
6a034c245e700263ec4ad381,Shubhendu Sharma,https://pi.tedcdn.com/r/pe.tedcdn.com/images/ted/21824b0263608d54ffefcf890f224ca7e8cd6d77_254x191.jpg?w=255
6a034c25b4b11d1a4858633e,Paul CJ Taylor,https://tedblade-public-assets.s3.us-east-1.amazonaws.com/default-avatar.jpg
6a034c24658f0b3b67d4a36f,Mark Jackson,https://tedblade-public-assets.s3.us-east-1.amazonaws.com/default-avatar.jpg
6a034c25b4b11d1a4858638a,Rebecca Kaplan,https://tedblade-public-assets.s3.us-east-1.amazonaws.com/default-avatar.jpg
6a034c245e700263ec4ad397,Wendy MacNaughton,https://pi.tedcdn.com/r/pe.tedcdn.com/images/ted/6efbe9f06428a104da2301eb1f215765e5d5ce45_254x191.jpg?w=255
6a034c24658f0b3b67d4a3dc,Peter Reinhart,https://pi.tedcdn.com/r/pe.tedcdn.com/images/ted/65804_254x191.jpg?w=255
6a034c24d4881847be4b51a1,Beth Viner,https://pi.tedcdn.com/r/ted-conferences-speaker-photos-production.s3.amazonaws.com/ngsgdy4sagrnvpncaauucjyly0p6?w=255
6a034c245e700263ec4ad3ab,Anthony Veneziale,https://pi.tedcdn.com/r/ted-conferences-speaker-photos-production.s3.amazonaws.com/8mvsqhsxixziteh2slodprs0kt2m?w=255
6a034c24658f0b3b67d4a3e0,Juwen Zhang,https://tedblade-public-assets.s3.us-east-1.amazonaws.com/default-avatar.jpg
6a034c245e700263ec4ad3bd,David Peterson,https://pi.tedcdn.com/r/pe.tedcdn.com/images/ted/590cc076bd23efe5c671e2fc7fde0b84f1a8849f_254x191.jpg?w=255
6a034c245e700263ec4ad3ee,Monique W. Morris,https://tedblade-public-assets.s3.us-east-1.amazonaws.com/default-avatar.jpg
6a034c245e700263ec4ad400,Robin Chase,https://pi.tedcdn.com/r/pe.tedcdn.com/images/ted/20dfdd92c45f09db45ca7b34b5f5cecae5fe050b_254x191.jpg?w=255
6a034c24658f0b3b67d4a2b6,Alex Budak,https://tedblade-public-assets.s3.us-east-1.amazonaws.com/default-avatar.jpg
6a034c24658f0b3b67d4a32d,James Lyne,https://pi.tedcdn.com/r/pe.tedcdn.com/images/ted/911d7a14ee12a1000c7f034b2285c1efc1f36402_254x191.jpg?w=255
6a034c24658f0b3b67d4a33d,Jok Church,https://pi.tedcdn.com/r/pe.tedcdn.com/images/ted/aa0ce32507a4d28e38317e29d2d4f4923dd538b0_254x191.jpg?w=255
6a034c24658f0b3b67d4a351,Kevin Owocki,https://pi.tedcdn.com/r/ted-conferences-speaker-photos-production.s3.amazonaws.com/yzu6ie0pm2kxws46duwvpvreiilk?w=255
6a034c24658f0b3b67d4a373,Martin Villeneuve,https://pi.tedcdn.com/r/pe.tedcdn.com/images/ted/8a56cae3efe3610d2b62f670a028011de0d9fc5d_254x191.jpg?w=255
6a034c24658f0b3b67d4a38d,Leopoldo Lopez,https://pi.tedcdn.com/r/ted-conferences-speaker-photos-production.s3.amazonaws.com/2qjn5hcp25urt82vh6p9e3mx0jn6?w=255
6a034c24658f0b3b67d4a392,Peter Pomerantsev,https://pi.tedcdn.com/r/ted-conferences-speaker-photos-production.s3.amazonaws.com/csbw54db542f4llslm5onv8sb3pq?w=255
6a034c24658f0b3b67d4a3a0,Read Montague,https://pi.tedcdn.com/r/pe.tedcdn.com/images/ted/071d568b5c6062f43a149b19e1d08201ac8e5b5a_254x191.jpg?w=255
6a034c24658f0b3b67d4a3af,Nadia Kalman,https://tedblade-public-assets.s3.us-east-1.amazonaws.com/default-avatar.jpg
6a034c24658f0b3b67d4a3b2,Nadine Burke Harris,https://tedblade-public-assets.s3.us-east-1.amazonaws.com/default-avatar.jpg
6a034c24658f0b3b67d4a414,Melissa Fleming,https://pi.tedcdn.com/r/pe.tedcdn.com/images/ted/ce04732c80560bfe7595ef279a112c5d5e7085b1_254x191.jpg?w=255
6a034c24658f0b3b67d4a418,Yassmin Abdel-Magied,https://pi.tedcdn.com/r/pe.tedcdn.com/images/ted/4b6fccb798bdb3c75d827d799b52b1cdf9ad3345_254x191.jpg?w=255
6a034c24658f0b3b67d4a42c,Tony Fadell,https://pi.tedcdn.com/r/pe.tedcdn.com/images/ted/5c94866b8622910321af0b43d774c08541ff0691_254x191.jpg?w=255
6a034c24658f0b3b67d4a457,Andrew Winston,https://tedblade-public-assets.s3.us-east-1.amazonaws.com/default-avatar.jpg
6a034c24658f0b3b67d4a470,Carl Vause,https://tedblade-public-assets.s3.us-east-1.amazonaws.com/default-avatar.jpg
6a034c24658f0b3b67d4a4b1,Jeff Kirschner,https://pi.tedcdn.com/r/pe.tedcdn.com/images/ted/b9aabd58773b84105590224c01b5ff437b141d73_254x191.jpg?w=255
6a034c24658f0b3b67d4a4c8,Lehua Kamalu,https://pi.tedcdn.com/r/ted-conferences-speaker-photos-production.s3.amazonaws.com/wrq7y1o0jm2qc3x24je36010sb3p?w=255
6a034c24658f0b3b67d4a402,Liza Donnelly,https://pi.tedcdn.com/r/pe.tedcdn.com/images/ted/3eb869e664223108d285bdd279bd3736eaea3955_254x191.jpg?w=255
6a034c249bbcd05aa3165ae0,Marlene Zuk,https://pi.tedcdn.com/r/pe.tedcdn.com/images/ted/4e0fba524c3292d2b07cd8bd0a03b19e7a363854_254x191.jpg?w=255
6a034c24658f0b3b67d4a40b,Mark Lytle,https://tedblade-public-assets.s3.us-east-1.amazonaws.com/default-avatar.jpg
6a034c24658f0b3b67d4a416,Steven Allison,https://tedblade-public-assets.s3.us-east-1.amazonaws.com/default-avatar.jpg
6a034c24d4881847be4b51a4,Bridget Seegers,https://tedblade-public-assets.s3.us-east-1.amazonaws.com/default-avatar.jpg
6a034c249bbcd05aa3165afc,Scott Summit,https://pi.tedcdn.com/r/pe.tedcdn.com/images/ted/c14b04bd0dda89279019d19a1579561bf0992ced_254x191.jpg?w=255
6a034c24d4881847be4b51b9,Gary Niekerk,https://tedblade-public-assets.s3.us-east-1.amazonaws.com/default-avatar.jpg
6a034c249bbcd05aa3165b26,Elizabeth Cox,https://tedblade-public-assets.s3.us-east-1.amazonaws.com/default-avatar.jpg
6a034c24658f0b3b67d4a45b,Shea Hembrey,https://pi.tedcdn.com/r/pe.tedcdn.com/images/ted/1d1c512713fd7ec899d7436439bf22c2bf42090e_254x191.jpg?w=255
6a034c24d4881847be4b51d5,Katherine Maher,https://pi.tedcdn.com/r/pe.tedcdn.com/images/ted/5f31097d694e8b4977019fdb24daab59bb957c3b_254x191.jpg?w=255
6a034c249bbcd05aa3165b44,Jesse Ilhardt,https://tedblade-public-assets.s3.us-east-1.amazonaws.com/default-avatar.jpg
6a034c24d4881847be4b51fd,Robert Hakiza,https://pi.tedcdn.com/r/pe.tedcdn.com/images/ted/6441959d0738c60b2cf6bd07d71ff5c24af095b7_254x191.jpg?w=255
6a034c249bbcd05aa3165b62,Mallory Freeman,https://tedblade-public-assets.s3.us-east-1.amazonaws.com/default-avatar.jpg
6a034c24d4881847be4b5208,Shohini Ghose,https://pi.tedcdn.com/r/ted-conferences-speaker-photos-production.s3.amazonaws.com/iu2a44wd3cpgtj3mkprka80ngp2c?w=255
6a034c249bbcd05aa3165c09,Richard Wilkinson,https://pi.tedcdn.com/r/pe.tedcdn.com/images/ted/de779c72d4e38e97b6d59ed42aa201bc1e9e1125_254x191.jpg?w=255
6a034c24d4881847be4b5211,Thomas Hofweber,https://tedblade-public-assets.s3.us-east-1.amazonaws.com/default-avatar.jpg
6a034c249bbcd05aa3165c36,David Hooker,https://tedblade-public-assets.s3.us-east-1.amazonaws.com/default-avatar.jpg
6a034c24d4881847be4b521d,Zachary R. Wood,https://tedblade-public-assets.s3.us-east-1.amazonaws.com/default-avatar.jpg
6a034c249bbcd05aa3165c38,David Lammy,https://pi.tedcdn.com/r/ted-conferences-speaker-photos-production.s3.amazonaws.com/9ixw4uqgzgvkswp6utxd0nf6ilkc?w=255
6a034c24d4881847be4b5253,Jess Kutch,https://pi.tedcdn.com/r/pe.tedcdn.com/images/ted/c68c6cc99e843a49121ec4fabc9b875ee94303b5_254x191.jpg?w=255
6a034c249bbcd05aa3165c3d,Dessa,https://pi.tedcdn.com/r/pe.tedcdn.com/images/ted/1304ae65f08edc6d2237a7b1a636da43cda4a0c4_254x191.jpg?w=255
6a034c24d4881847be4b5263,Lucia Carminati,https://tedblade-public-assets.s3.us-east-1.amazonaws.com/default-avatar.jpg
6a034c249bbcd05aa3165c55,Jacques S. Abramowicz,https://tedblade-public-assets.s3.us-east-1.amazonaws.com/default-avatar.jpg
6a034c24d4881847be4b529b,TED Talks Daily,https://tedblade-public-assets.s3.us-east-1.amazonaws.com/default-avatar.jpg
6a034c24658f0b3b67d4a4a4,Holly Herndon,https://pi.tedcdn.com/r/ted-conferences-speaker-photos-production.s3.amazonaws.com/flbzvk9wcc60g0deumhnzrdb8yud?w=255
6a034c24658f0b3b67d4a4af,Jarrett J. Krosoczka,https://tedblade-public-assets.s3.us-east-1.amazonaws.com/default-avatar.jpg
6a034c24da446a102707f3ca,Faisal Saeed Al Mutar,https://pi.tedcdn.com/r/ted-conferences-speaker-photos-production.s3.amazonaws.com/4vzlccijd61xnwdv5hwe2lkb6o59?w=255
6a034c24658f0b3b67d4a501,Tyler Dewitt,https://pi.tedcdn.com/r/pe.tedcdn.com/images/ted/140a1db298988e8d358dbd4cd8249d7e2018518c_254x191.jpg?w=255
6a034c24da446a102707f3f3,Kate Lister,https://pi.tedcdn.com/r/pe.tedcdn.com/images/ted/630e2172940ea55029d717c0047abea23739abc0_254x191.jpg?w=255
6a034c249bbcd05aa3165a80, Buzz,https://tedblade-public-assets.s3.us-east-1.amazonaws.com/default-avatar.jpg
6a034c24da446a102707f402,Lindsey A. Sherrill,https://tedblade-public-assets.s3.us-east-1.amazonaws.com/default-avatar.jpg
6a034c249bbcd05aa3165adb,Marc Fagelson,https://tedblade-public-assets.s3.us-east-1.amazonaws.com/default-avatar.jpg
6a034c249bbcd05aa3165c96,Terri Conley,https://tedblade-public-assets.s3.us-east-1.amazonaws.com/default-avatar.jpg
6a034c24da446a102707f48b,Amy Nicole Baker,https://tedblade-public-assets.s3.us-east-1.amazonaws.com/default-avatar.jpg
6a034c249bbcd05aa3165b0f,Britta Riley,https://pi.tedcdn.com/r/pe.tedcdn.com/images/ted/e2823562b0f61d0b683a5b8ee728a302a0bbeb56_254x191.jpg?w=255
6a034c24da446a102707f4a3,Bjørn Otto Sverdrup,https://tedblade-public-assets.s3.us-east-1.amazonaws.com/default-avatar.jpg
6a034c249bbcd05aa3165b14,Checking In with Susan David,https://tedblade-public-assets.s3.us-east-1.amazonaws.com/default-avatar.jpg
6a034c249bbcd05aa3165c97,The Nature Conservancy,https://tedblade-public-assets.s3.us-east-1.amazonaws.com/default-avatar.jpg
6a034c24da446a102707f4cc,Ryan Pullen,https://pi.tedcdn.com/r/ted-conferences-speaker-photos-production.s3.amazonaws.com/86ni1a5u4okjcbaljmlb81b6clxk?w=255
6a034c249bbcd05aa3165b24,Dustin Schroeder,https://pi.tedcdn.com/r/pe.tedcdn.com/images/ted/16d6833a5f630ba49632387805adb545f2ec1779_254x191.jpg?w=255
6a034c24da446a102707f4ec,Tarana Burke,https://pi.tedcdn.com/r/pe.tedcdn.com/images/ted/61085a6c87ff6ad892ca65b7ef906ab0fdfebc76_254x191.jpg?w=255
6a034c249bbcd05aa3165c9c,Wisecrack,https://tedblade-public-assets.s3.us-east-1.amazonaws.com/default-avatar.jpg
6a034c249bbcd05aa3165b35,Haimanti Roy,https://tedblade-public-assets.s3.us-east-1.amazonaws.com/default-avatar.jpg
6a034c24da446a102707f509,Yve Blake,https://pi.tedcdn.com/r/pe.tedcdn.com/images/ted/45afecf925df3288531bb91081f8e74c0c8e806c_254x191.jpg?w=255
6a034c24b9e30957c4388989,Abha Dawesar,https://pi.tedcdn.com/r/pe.tedcdn.com/images/ted/bdfabc6515ff2d6cb5b41970062cd3e65fecd84f_254x191.jpg?w=255
6a034c24da446a102707f52a,Neil Harbisson,https://pi.tedcdn.com/r/pe.tedcdn.com/images/ted/dd5668f465321c4f61036e3249df3168d7288704_254x191.jpg?w=255
6a034c249bbcd05aa3165b36,Hannah Gadsby,https://pi.tedcdn.com/r/pe.tedcdn.com/images/ted/49d8d223281aa021086acced56489685e0754a46_254x191.jpg?w=255
6a034c24b9e30957c438899e,Amy Webb,https://pi.tedcdn.com/r/pe.tedcdn.com/images/ted/86bb7c94448d6be8873ada5cbb149ba7772da333_254x191.jpg?w=255
6a034c249bbcd05aa3165b5a,Laxmi Parida,https://tedblade-public-assets.s3.us-east-1.amazonaws.com/default-avatar.jpg
6a034c24b9e30957c43889cb,Cynthia Fay Davis,https://tedblade-public-assets.s3.us-east-1.amazonaws.com/default-avatar.jpg
6a034c24da446a102707f550,Young-ha Kim,https://pi.tedcdn.com/r/pe.tedcdn.com/images/ted/cac6b33017a588bc69eb42a097af0df1b31d20c0_254x191.jpg?w=255
6a034c249bbcd05aa3165b82,Alison Killing,https://pi.tedcdn.com/r/ted-conferences-speaker-photos-production.s3.amazonaws.com/q7qxm4wtltekj5pbpkvg5ji6ykdk?w=255
6a034c24b9e30957c43889cc,Sahar Zand,https://pi.tedcdn.com/r/ted-conferences-speaker-photos-production.s3.amazonaws.com/os09uih9z6ily9bad4x6xzvvprro?w=255
6a034c24da446a102707f57b,BJ Miller,https://pi.tedcdn.com/r/pe.tedcdn.com/images/ted/b6f740bfb825f599481d4962d47c1943af341fa7_254x191.jpg?w=255
6a034c24b9e30957c43889e7,Djazia Satour,https://tedblade-public-assets.s3.us-east-1.amazonaws.com/default-avatar.jpg
6a034c249bbcd05aa3165b8c,Andrew Pelling,https://pi.tedcdn.com/r/pe.tedcdn.com/images/ted/8e9fa5b94e3d7efda3a40b8968e20ac5f379e7ea_254x191.jpg?w=255
6a034c24da446a102707f5a8,Janet Iwasa,https://pi.tedcdn.com/r/pe.tedcdn.com/images/ted/7b13f741b6ad6aed1e2934c08726405573762774_254x191.jpg?w=255
6a034c24b9e30957c4388a10,Kate Fagan,https://tedblade-public-assets.s3.us-east-1.amazonaws.com/default-avatar.jpg
6a034c249bbcd05aa3165b91,Antonio Muñoz Fernández,https://tedblade-public-assets.s3.us-east-1.amazonaws.com/default-avatar.jpg
6a034c24da446a102707f5e3,Piyachart Phiromswad,https://pi.tedcdn.com/r/ted-conferences-speaker-photos-production.s3.amazonaws.com/j3hyslezjrlvas763ureazhawmh6?w=255
6a034c24b9e30957c4388a28,David Hanson,https://pi.tedcdn.com/r/pe.tedcdn.com/images/ted/122412_253x190.jpg?w=255
6a034c249bbcd05aa3165bbe,Gail Reed,https://pi.tedcdn.com/r/pe.tedcdn.com/images/ted/d6522dca24db32f7ffe45b5a8504efea6569c31a_254x191.jpg?w=255
6a034c24da446a102707f5f4,Sam Kean,https://tedblade-public-assets.s3.us-east-1.amazonaws.com/default-avatar.jpg
6a034c24b9e30957c4388a34,Paul Kemp-Robertson,https://pi.tedcdn.com/r/pe.tedcdn.com/images/ted/066e0939498d12286f7794e80a43d9ff1703e344_254x191.jpg?w=255
6a034c249bbcd05aa3165bc4,Gayathri Vasudevan,https://pi.tedcdn.com/r/pe.tedcdn.com/images/ted/681480f6a0ac490ed675d36d07f1583d635d47c6_254x191.jpg?w=255
6a034c25b4b11d1a485861be,Esther Meduna,https://tedblade-public-assets.s3.us-east-1.amazonaws.com/default-avatar.jpg
6a034c24b9e30957c4388a46,Nabila Alibhai,https://pi.tedcdn.com/r/pe.tedcdn.com/images/ted/3d25538fce2a66338060027a1251f39d31bdc750_254x191.jpg?w=255
6a034c249bbcd05aa3165c06,Rainer Strack,https://pi.tedcdn.com/r/pe.tedcdn.com/images/ted/082726ccec86ab2a3ff37b9bd3d070b74c4ce328_254x191.jpg?w=255
6a034c25b4b11d1a485861df,Huma Yusuf,https://pi.tedcdn.com/r/ted-conferences-speaker-photos-production.s3.amazonaws.com/brvy17m1rg0ei35xfirf672diesu?w=255
6a034c24b9e30957c4388a9d,Barat Ali Batoor,https://pi.tedcdn.com/r/pe.tedcdn.com/images/ted/3c1be579935f20bac93a316b379763f137ff6cc8_254x191.jpg?w=255
6a034c249bbcd05aa3165c07,Raymond Wang,https://pi.tedcdn.com/r/pe.tedcdn.com/images/ted/3f2ce13d7d5b6c5147ae5583b739f6a3458c1f87_254x191.jpg?w=255
6a034c249bbcd05aa3165c75,Mitchell Katz,https://pi.tedcdn.com/r/pe.tedcdn.com/images/ted/6260c8d0ff1a2f9facd2bb38084b2a8c06208f9b_254x191.jpg?w=255
6a034c25b4b11d1a485861e2,Dan Jørgensen,https://tedblade-public-assets.s3.us-east-1.amazonaws.com/default-avatar.jpg
6a034c249bbcd05aa3165cb5,Tristram Stuart,https://pi.tedcdn.com/r/pe.tedcdn.com/images/ted/7930d8108e1bf1c3716f71cdd72705c7748f07f9_254x191.jpg?w=255
6a034c25b4b11d1a485861e7,David McWilliams,https://pi.tedcdn.com/r/ted-conferences-speaker-photos-production.s3.amazonaws.com/0foloaw8ovpezgflor8twebckn8s?w=255
6a034c24b9e30957c4388980, WOLF,https://tedblade-public-assets.s3.us-east-1.amazonaws.com/default-avatar.jpg
6a034c25b4b11d1a485861ec,Jay Bradner,https://pi.tedcdn.com/r/pe.tedcdn.com/images/ted/0f27143ad2a82b3e3f9ee257840ef24b857bff44_254x191.jpg?w=255
6a034c24b9e30957c4388998,Amber Cabral,https://pi.tedcdn.com/r/ted-conferences-speaker-photos-production.s3.amazonaws.com/axo7h6cxuvnvs0p9wpfad3tazos5?w=255
6a034c25b4b11d1a48586207,Gianluca Ambrosetti,https://tedblade-public-assets.s3.us-east-1.amazonaws.com/default-avatar.jpg
6a034c25b4b11d1a4858620d,Marco Annunziata,https://pi.tedcdn.com/r/pe.tedcdn.com/images/ted/933948f6217d477a6c8c70b0a008cbb33c69f90f_254x191.jpg?w=255
6a034c25b4b11d1a48586220,Nanfu Wang,https://pi.tedcdn.com/r/pe.tedcdn.com/images/ted/afe853e6c6aed3ccb0506ffd1d4d5f7122c4d92b_254x191.jpg?w=255
6a034c24b9e30957c4388ae1,Laura Lane,https://tedblade-public-assets.s3.us-east-1.amazonaws.com/default-avatar.jpg
6a034c25b4b11d1a4858625d,Marcelo Mena,https://tedblade-public-assets.s3.us-east-1.amazonaws.com/default-avatar.jpg
6a034c25b4b11d1a48586297,Susan Solomon,https://pi.tedcdn.com/r/pe.tedcdn.com/images/ted/9b3f6a58f7f4be27bb897d2eac95d7f2753da4a1_254x191.jpg?w=255
6a034c24b9e30957c4388afb,Nikki Sanchez,https://tedblade-public-assets.s3.us-east-1.amazonaws.com/default-avatar.jpg
6a034c25b4b11d1a48586298,Tammy Ma,https://pi.tedcdn.com/r/ted-conferences-speaker-photos-production.s3.amazonaws.com/cmoi3mefq5hskxkjsk1c5d51rf47?w=255
6a034c25b4b11d1a485862cf,Debbie Lovich,https://pi.tedcdn.com/r/pe.tedcdn.com/images/ted/bfdb0758a2a63927e0518d4d3dab9f025fac49da_254x191.jpg?w=255
6a034c24b9e30957c4388b0d,Ryan Lobo,https://pi.tedcdn.com/r/pe.tedcdn.com/images/ted/136130_254x191.jpg?w=255
6a034c25b4b11d1a485862d3,Dixon Chibanda,https://pi.tedcdn.com/r/pe.tedcdn.com/images/ted/3b857605c33f8cc8ed2cb9afe1bf9be6a5c0c430_254x191.jpg?w=255
6a034c24b9e30957c43889a8,Ted Halstead,https://pi.tedcdn.com/r/pe.tedcdn.com/images/ted/93b21d1ffe362bc896698694482b16aa656045a5_254x191.jpg?w=255
6a034c24b9e30957c4388b0e,Sara-Jane Dunn,https://pi.tedcdn.com/r/pe.tedcdn.com/images/ted/d05703e82947f42b301eece532f5ee7abab75ecc_254x191.jpg?w=255
6a034c24b9e30957c4388b4c,Evelyn Glennie,https://pi.tedcdn.com/r/pe.tedcdn.com/images/ted/2101_254x191.jpg?w=255
6a034c25b4b11d1a485862e1,Mick Cornett,https://pi.tedcdn.com/r/pe.tedcdn.com/images/ted/18a87518721005233fd8db092b7846f9e553ab6f_254x191.jpg?w=255
6a034c24b9e30957c43889e1,Edsel Salvaña,https://pi.tedcdn.com/r/pe.tedcdn.com/images/ted/8b715c9ec4fc92240725a86e8bb63bf4c9e01194_254x191.jpg?w=255
6a034c24b9e30957c4388b5c,Henrietta Fore,https://pi.tedcdn.com/r/pe.tedcdn.com/images/ted/cbb10355499da07e0899a845820b2e9bb5cdffda_254x191.jpg?w=255
6a034c25b4b11d1a4858632b,Carlos M. Duarte,https://tedblade-public-assets.s3.us-east-1.amazonaws.com/default-avatar.jpg
6a034c24b9e30957c43889fc,Francis de los Reyes,https://pi.tedcdn.com/r/pe.tedcdn.com/images/ted/d3e8acad6e9e80a7ea44b49652647d4ffea757af_254x191.jpg?w=255
6a034c25b4b11d1a48586377,David M. Howard,https://tedblade-public-assets.s3.us-east-1.amazonaws.com/default-avatar.jpg
6a034c24b9e30957c4388b60,Isabelle Boemeke,https://pi.tedcdn.com/r/ted-conferences-speaker-photos-production.s3.amazonaws.com/6r1z2i6xilq1cwcmjlo48eok9ma0?w=255
6a034c24b9e30957c4388a17,Luke Syson,https://pi.tedcdn.com/r/pe.tedcdn.com/images/ted/a585cabbbfbd3bda4f41983d68463c312245b181_254x191.jpg?w=255
6a034c24b9e30957c4388b82,Mary Ellen Hannibal,https://pi.tedcdn.com/r/pe.tedcdn.com/images/ted/1d713e43f09b4567c616dfa2f43974b9b8b86689_254x191.jpg?w=255
6a034c24b9e30957c4388a2e,Glenn Greenwald,https://pi.tedcdn.com/r/pe.tedcdn.com/images/ted/73f404235f02813a88284b36e4834cbda6a904b6_254x191.jpg?w=255
6a034c24b9e30957c4388b88,Michel Laberge,https://pi.tedcdn.com/r/pe.tedcdn.com/images/ted/813ac47c209efeef2fe88131871e196057a95dbf_254x191.jpg?w=255
6a034c24b9e30957c4388a3c,Michael Kimmel,https://pi.tedcdn.com/r/pe.tedcdn.com/images/ted/d21fdc6b2787c04bef241b0dbb52b0eebb77264a_254x191.jpg?w=255
6a034c24b9e30957c4388a9c,Avinash Persaud,https://pi.tedcdn.com/r/ted-conferences-speaker-photos-production.s3.amazonaws.com/881h5ri9bz9cb0rvy9umu7v071mp?w=255
6a034c24b9e30957c4388b9e,Sal Khan,https://tedblade-public-assets.s3.us-east-1.amazonaws.com/default-avatar.jpg
6a034c24b9e30957c4388a9f,Bas Sudmeijer,https://pi.tedcdn.com/r/pe.tedcdn.com/images/ted/7e980890bc0a8a3ee559fdd69f825d9e687b2fbc_254x191.jpg?w=255
6a034c24d4881847be4b507d,Andrew Ng,https://pi.tedcdn.com/r/ted-conferences-speaker-photos-production.s3.amazonaws.com/12fv7ojaynycv4wu7jbppsxcw2ho?w=255
6a034c24d4881847be4b50d1,Edo Liberty,https://tedblade-public-assets.s3.us-east-1.amazonaws.com/default-avatar.jpg
6a034c24d4881847be4b50d8,James Hansen,https://pi.tedcdn.com/r/pe.tedcdn.com/images/ted/e73a8e8565a4e2901a3abb29e151f4b8ae3d7da4_254x191.jpg?w=255
6a034c24d4881847be4b5127,Jordana Moore Saggese,https://tedblade-public-assets.s3.us-east-1.amazonaws.com/default-avatar.jpg
6a034c24d4881847be4b5135,Robert Palmer,https://pi.tedcdn.com/r/pe.tedcdn.com/images/ted/7fb56e1037297c904b01d47e881ce256111e2d6b_254x191.jpg?w=255
6a034c24d4881847be4b518e,Walter R. Tschinkel,https://tedblade-public-assets.s3.us-east-1.amazonaws.com/default-avatar.jpg
6a034c24b9e30957c4388ac9,Heather Barnett,https://tedblade-public-assets.s3.us-east-1.amazonaws.com/default-avatar.jpg
6a034c24d4881847be4b51fa,Péter Fankhauser,https://pi.tedcdn.com/r/pe.tedcdn.com/images/ted/7e34e242d7684d79b7ab1a8fa33021bfa6bae7aa_254x191.jpg?w=255
6a034c24b9e30957c4388aee,Mark Robinson,https://tedblade-public-assets.s3.us-east-1.amazonaws.com/default-avatar.jpg
6a034c24d4881847be4b5242,Gala Marija Vrbanic,https://pi.tedcdn.com/r/pe.tedcdn.com/images/ted/a18998685c5ce95f9d0c6cb83224830e64df951b_254x191.jpg?w=255
6a034c24b9e30957c4388b1f,Tyler DeWitt,https://pi.tedcdn.com/r/pe.tedcdn.com/images/ted/140a1db298988e8d358dbd4cd8249d7e2018518c_254x191.jpg?w=255
6a034c24b9e30957c4388b30,Bree Jones,https://pi.tedcdn.com/r/ted-conferences-speaker-photos-production.s3.amazonaws.com/su36zkl63b55557yrolf9r3l4fep?w=255
6a034c24d4881847be4b5292,Sheila Patek,https://pi.tedcdn.com/r/pe.tedcdn.com/images/ted/1362_253x190.jpg?w=255
6a034c24da446a102707f3c9,Ersin Han Ersin,https://pi.tedcdn.com/r/ted-conferences-speaker-photos-production.s3.amazonaws.com/68wlbe56bbb1oowdn2bo0axhlih7?w=255
6a034c24da446a102707f420,Dallas Taylor,https://pi.tedcdn.com/r/pe.tedcdn.com/images/ted/18e5f6b3f97cf8000306c87af3c02fa8bb5bdec2_254x191.jpg?w=255
6a034c24da446a102707f434,Elyn Saks,https://pi.tedcdn.com/r/pe.tedcdn.com/images/ted/fd2398ac76c0c947fd65b9a0f2926364d6866103_254x191.jpg?w=255
6a034c24da446a102707f487,Allan Jones,https://pi.tedcdn.com/r/pe.tedcdn.com/images/ted/9ac61fafffb52781b2f5ea4b40055b339cae95fd_254x191.jpg?w=255
6a034c24da446a102707f492,Aparna Bharadwaj,https://pi.tedcdn.com/r/ted-conferences-speaker-photos-production.s3.amazonaws.com/k4ijzwmtov1facer2opfjof5qeol?w=255
6a034c24da446a102707f4bc,Rania Bahaa,https://tedblade-public-assets.s3.us-east-1.amazonaws.com/default-avatar.jpg
6a034c24da446a102707f4c5,David Wallace-Wells,https://pi.tedcdn.com/r/pe.tedcdn.com/images/ted/4820380f94b2761ab9758d90de9da51c2b8c7471_254x191.jpg?w=255
6a034c24da446a102707f4dc,Solitaire Townsend,https://pi.tedcdn.com/r/ted-conferences-speaker-photos-production.s3.amazonaws.com/9a8yl6xu6k2ww7qhus2kuhxxagol?w=255
6a034c24b9e30957c4388b39,Christine Sun Kim,https://pi.tedcdn.com/r/pe.tedcdn.com/images/ted/091f0431cd402de33f81f3560dff1663b90fcd33_254x191.jpg?w=255
6a034c24da446a102707f4de,Solomon Goldstein-Rose,https://pi.tedcdn.com/r/pe.tedcdn.com/images/ted/40682988ee687f1d01605dc5a26a5968ecd44b9a_254x191.jpg?w=255
6a034c24b9e30957c4388b71,Katharine Wilkinson,https://pi.tedcdn.com/r/pe.tedcdn.com/images/ted/c21caf250bd854f48ac32353a514bcb8cebacc46_254x191.jpg?w=255
6a034c24da446a102707f501,Vincent Cochetel,https://pi.tedcdn.com/r/pe.tedcdn.com/images/ted/9aedf60c2523aaf807986d2090324ba7aa251eb0_254x191.jpg?w=255
6a034c24d4881847be4b5066,Agnes Kalibata,https://pi.tedcdn.com/r/ted-conferences-speaker-photos-production.s3.amazonaws.com/y6f8ilr97ccv1j4np2ooi69eeuuv?w=255
6a034c24da446a102707f519,Lucy McBath,https://pi.tedcdn.com/r/ted-conferences-speaker-photos-production.s3.amazonaws.com/f9cp9kbizic0shubf5gyybvwy9zd?w=255
6a034c24d4881847be4b506b,Alex Wissner-Gross,https://pi.tedcdn.com/r/pe.tedcdn.com/images/ted/e81f349fab9b215347514db598bfcf327bc2ed3c_254x191.jpg?w=255
6a034c24d4881847be4b50ba,Eden Girma,https://tedblade-public-assets.s3.us-east-1.amazonaws.com/default-avatar.jpg
6a034c24da446a102707f520,Massimo Banzi,https://pi.tedcdn.com/r/pe.tedcdn.com/images/ted/1a2ff8b883b591148f9a1e926fce15e7a3e4d127_254x191.jpg?w=255
6a034c24da446a102707f5d3,Miwa Matreyek,https://pi.tedcdn.com/r/pe.tedcdn.com/images/ted/210082_254x191.jpg?w=255
6a034c24da446a102707f5d7,Naomi McDougall Jones,https://pi.tedcdn.com/r/pe.tedcdn.com/images/ted/83fcd4c67de50266c0ba8b7b0a11bb8f100d981b_254x191.jpg?w=255
6a034c24d4881847be4b50e8,Josette Sheeran,https://pi.tedcdn.com/r/pe.tedcdn.com/images/ted/0eec49d44b873a646af18525d87da59f5f5ba2b9_254x191.jpg?w=255
6a034c24da446a102707f5f3,Royal Ramey,https://pi.tedcdn.com/r/ted-conferences-speaker-photos-production.s3.amazonaws.com/5yg8mkv7osxbmo901lgf78q0qnlx?w=255
6a034c24d4881847be4b50f3,Garry Cooper,https://pi.tedcdn.com/r/ted-conferences-speaker-photos-production.s3.amazonaws.com/9u1jbvw46u3gi9tmc24wzrif3m5a?w=255
6a034c24da446a102707f60b,Vusi Mahlasela,https://pi.tedcdn.com/r/pe.tedcdn.com/images/ted/dbc3869a89360e48113b2bac194df8005c45c9b7_254x191.jpg?w=255
6a034c24d4881847be4b5125,Jonathan Wilker,https://pi.tedcdn.com/r/pe.tedcdn.com/images/ted/d3359dd987a513aa1e92c57682cb04cc7c593f15_254x191.jpg?w=255
6a034c25b4b11d1a485861a4, Climbing PoeTree,https://tedblade-public-assets.s3.us-east-1.amazonaws.com/default-avatar.jpg
6a034c25b4b11d1a485861af,Elizabeth Howell,https://pi.tedcdn.com/r/pe.tedcdn.com/images/ted/3a9a03e1201a53f52a697de96f8ad2685ddf47c4_254x191.jpg?w=255
6a034c25b4b11d1a485861d6,Claudia Aguirre,https://tedblade-public-assets.s3.us-east-1.amazonaws.com/default-avatar.jpg
6a034c25b4b11d1a48586232,Ji-Hae Park,https://pi.tedcdn.com/r/pe.tedcdn.com/images/ted/1f2b3f6416c74dc4ca0964e5083ab254f2be07f5_254x191.jpg?w=255
6a034c25b4b11d1a485862c0,Bilawal Sidhu,https://pi.tedcdn.com/r/ted-conferences-speaker-photos-production.s3.amazonaws.com/d9h7hysjvipkeqcetuww5dpwhice?w=255
6a034c25b4b11d1a485862c5,Carl Zimmer,https://tedblade-public-assets.s3.us-east-1.amazonaws.com/default-avatar.jpg
6a034c24d4881847be4b5156,Michael Specter,https://pi.tedcdn.com/r/pe.tedcdn.com/images/ted/162501_254x191.jpg?w=255
6a034c25b4b11d1a485862e2,Hindou Oumarou Ibrahim,https://pi.tedcdn.com/r/pe.tedcdn.com/images/ted/d20251fbbde1a23160a6204dd3e8b6d708e3db49_254x191.jpg?w=255
6a034c24d4881847be4b515a,Monica Palacio,https://tedblade-public-assets.s3.us-east-1.amazonaws.com/default-avatar.jpg
6a034c25b4b11d1a48586330,Alberto Cairo,https://pi.tedcdn.com/r/pe.tedcdn.com/images/ted/74968804b0fd6835965821dab687a50f7f57a71c_254x191.jpg?w=255
6a034c25b4b11d1a48586342,Paula Scher,https://pi.tedcdn.com/r/pe.tedcdn.com/images/ted/66068_254x191.jpg?w=255
6a034c25b4b11d1a4858635c,Matthew Carter,https://pi.tedcdn.com/r/pe.tedcdn.com/images/ted/f2bc3488b89505f42e992978dd62727f6975b316_254x191.jpg?w=255
6a034c25b4b11d1a4858637c,Vanessa Ruiz,https://pi.tedcdn.com/r/pe.tedcdn.com/images/ted/87851d1f9f2631865e5c428a208bf6a37713ab98_254x191.jpg?w=255
6a034c24d4881847be4b5162,Nikolaus S. Lang,https://tedblade-public-assets.s3.us-east-1.amazonaws.com/default-avatar.jpg
6a034c25b4b11d1a48586388,Emmett Shear,https://pi.tedcdn.com/r/pe.tedcdn.com/images/ted/2f9861d856517ca48972a155841ea3113affe4a9_254x191.jpg?w=255
6a034c25b4b11d1a48586399,Kavita Ramdas,https://pi.tedcdn.com/r/pe.tedcdn.com/images/ted/5af55c1d1cba387cab7941afa878218f71f7d311_254x191.jpg?w=255
6a034c25b4b11d1a485863a8,Helen Marriage,https://pi.tedcdn.com/r/pe.tedcdn.com/images/ted/0c9181c0ad59a9e0e1afc487f285977a06e360c9_254x191.jpg?w=255
6a034c24d4881847be4b5181,Sebastião Salgado,https://pi.tedcdn.com/r/pe.tedcdn.com/images/ted/e10242cf46e642b5b88a14322af039b8e92c70e3_254x191.jpg?w=255
6a034c24d4881847be4b51eb,Mundano,https://pi.tedcdn.com/r/pe.tedcdn.com/images/ted/a33af822d23cf89d1a9af3a7e680392d15438c03_254x191.jpg?w=255
6a034c25b4b11d1a485863ac,Zeynep Tufekci,https://pi.tedcdn.com/r/pe.tedcdn.com/images/ted/ae45167ee2ea8afacd20e1fa9570bad936f1df9b_254x191.jpg?w=255
6a034c24d4881847be4b5205,Sharon N. DeWitte,https://tedblade-public-assets.s3.us-east-1.amazonaws.com/default-avatar.jpg
6a034c24d4881847be4b5254,JoAnne S. Bass,https://tedblade-public-assets.s3.us-east-1.amazonaws.com/default-avatar.jpg
6a034c24d4881847be4b5266,Marion Campan,https://pi.tedcdn.com/r/ted-conferences-speaker-photos-production.s3.amazonaws.com/ohu16kdi3c9o98zi45p7jo0480n9?w=255
6a034c24da446a102707f3ba,Dawn Landes,https://pi.tedcdn.com/r/pe.tedcdn.com/images/ted/8905def38d7387e00a3133217861f2e10305e9b2_254x191.jpg?w=255
6a034c24da446a102707f461,Sebastián Bortnik,https://pi.tedcdn.com/r/pe.tedcdn.com/images/ted/d15e69f1a2cb4b7aa681b8d04e49860b385153fa_254x191.jpg?w=255
6a034c24da446a102707f468,Joe Davis,https://pi.tedcdn.com/r/ted-conferences-speaker-photos-production.s3.amazonaws.com/f19d62apzjm3nigu3m4a1vrk35s6?w=255
6a034c24da446a102707f488,Mark Plotkin,https://pi.tedcdn.com/r/pe.tedcdn.com/images/ted/a2bcac44e82e5aade1c0f2eb2bc1d8bd667f12d9_254x191.jpg?w=255
6a034c24da446a102707f490,Mathias Jud,https://pi.tedcdn.com/r/pe.tedcdn.com/images/ted/06f721367539f7713827fdc6dd4e833c9560e835_254x191.jpg?w=255
6a034c24da446a102707f4ab,Chris Anderson,https://tedblade-public-assets.s3.us-east-1.amazonaws.com/default-avatar.jpg
6a034c24da446a102707f4c3,David Puts,https://tedblade-public-assets.s3.us-east-1.amazonaws.com/default-avatar.jpg
6a034c24da446a102707f4cd,Eduardo Paes,https://tedblade-public-assets.s3.us-east-1.amazonaws.com/default-avatar.jpg
6a034c24da446a102707f4d2,Elle Cordova,https://pi.tedcdn.com/r/ted-conferences-speaker-photos-production.s3.amazonaws.com/34jlwnfrrbzwdv3n0bgxwl1jwgt7?w=255
6a034c24da446a102707f4e2,Gary Barker,https://pi.tedcdn.com/r/ted-conferences-speaker-photos-production.s3.amazonaws.com/5t7pc5tt6ychg0n79uuxgzg599an?w=255
6a034c24da446a102707f4fe,Johann Daniel Harnoss,https://tedblade-public-assets.s3.us-east-1.amazonaws.com/default-avatar.jpg
6a034c24da446a102707f50a,Julia Watson,https://pi.tedcdn.com/r/pe.tedcdn.com/images/ted/e4ef9cedf00cc48ef23238537177c6eb35150d38_254x191.jpg?w=255
6a034c24da446a102707f55d,VS Ramachandran,https://tedblade-public-assets.s3.us-east-1.amazonaws.com/default-avatar.jpg
6a034c24da446a102707f586,Constantine N. Vaporis,https://tedblade-public-assets.s3.us-east-1.amazonaws.com/default-avatar.jpg
6a034c24da446a102707f5c8,Marie Wallace,https://tedblade-public-assets.s3.us-east-1.amazonaws.com/default-avatar.jpg
6a034c24da446a102707f5db,Nina Westbrook,https://pi.tedcdn.com/r/pe.tedcdn.com/images/ted/0aa13ea1ac002ba058c9822195fa6867357fead6_254x191.jpg?w=255
6a034c24da446a102707f5e8,Rebecca Collyer,https://pi.tedcdn.com/r/ted-conferences-speaker-photos-production.s3.amazonaws.com/fqpnnj45hldoxok2lx51aj39zvma?w=255
6a034c25b4b11d1a485861ab,Douglas Thomas,https://pi.tedcdn.com/r/pe.tedcdn.com/images/ted/7ebbce9ac7b522b91957bc15e424ea9f2763dcfd_254x191.jpg?w=255
6a034c25b4b11d1a485861ac,Alexander Belcredi,https://pi.tedcdn.com/r/pe.tedcdn.com/images/ted/a99efe73a5aa80b8fc9d903a1a93e4a773fb0ab1_254x191.jpg?w=255
6a034c25b4b11d1a48586205,Ghada Wali,https://pi.tedcdn.com/r/pe.tedcdn.com/images/ted/73aa715535ad5697589f86ac131d71734d96afc5_254x191.jpg?w=255
6a034c25b4b11d1a4858623c,Judy Grisel,https://tedblade-public-assets.s3.us-east-1.amazonaws.com/default-avatar.jpg
6a034c25b4b11d1a48586281,Philippa Neave,https://pi.tedcdn.com/r/pe.tedcdn.com/images/ted/fe4f779a9268d969e66b896443a5bb4ebd6e71c2_254x191.jpg?w=255
6a034c25b4b11d1a485862e8,Jamie Oliver,https://pi.tedcdn.com/r/pe.tedcdn.com/images/ted/a346874066113e5c7470f8f22c0987b1d277ed0b_254x191.jpg?w=255
6a034c25b4b11d1a48586315,Bronwyn King,https://pi.tedcdn.com/r/pe.tedcdn.com/images/ted/c059e27b44151eee52770a582cce039ede418e7b_254x191.jpg?w=255
6a034c25b4b11d1a48586358,Steve McCarroll,https://pi.tedcdn.com/r/pe.tedcdn.com/images/ted/4660d8b4892c193ab1bf288858a9c977d0429b66_254x191.jpg?w=255
6a034c25b4b11d1a48586374,Tiana Epps-Johnson,https://pi.tedcdn.com/r/ted-conferences-speaker-photos-production.s3.amazonaws.com/vyjffktmu7spauf2rs5urs4o9j85?w=255
6a034c25b4b11d1a485863a4,Jo Michael Rezes,https://pi.tedcdn.com/r/pe.tedcdn.com/images/ted/42ad5f2dbf01b10dc0eef383c7dc20eda0fc6d97_254x191.jpg?w=255
6a034c25b4b11d1a485863a5,Pamela Meyer,https://pi.tedcdn.com/r/pe.tedcdn.com/images/ted/af5e4e6b698d1585fae318a5f2d0793dd024a37d_254x191.jpg?w=255
6a034c2435bf06475c27ae5c,Anuradha Bhagwat,https://tedblade-public-assets.s3.us-east-1.amazonaws.com/default-avatar.jpg
6a034c2435bf06475c27ae80,Gabriella Lascano,https://pi.tedcdn.com/r/ted-conferences-speaker-photos-production.s3.amazonaws.com/uh8up8kwenixktoakd1bosynevv9?w=255
6a034c2435bf06475c27aea9,Linus Torvalds,https://pi.tedcdn.com/r/pe.tedcdn.com/images/ted/e8dec68b5990b2b0e5d76b513b75cee14304fc4c_254x191.jpg?w=255
6a034c2435bf06475c27aecb,Ryan Merkley,https://pi.tedcdn.com/r/pe.tedcdn.com/images/ted/2031bf0c90e03e28dd5b64d3b727a277d8c5194b_254x191.jpg?w=255
6a034c2435bf06475c27aed5,Thandiswa Mazwai,https://pi.tedcdn.com/r/pe.tedcdn.com/images/ted/8c5efb1708bdca67022d91b2ef6a2f2ceb7099d5_254x191.jpg?w=255
6a034c2435bf06475c27aeff,Carlos Bautista,https://pi.tedcdn.com/r/pe.tedcdn.com/images/ted/8b8ace31af223055daa5a5451bb4323a13cbd606_254x191.jpg?w=255
6a034c2435bf06475c27af19,Danielle Allen,https://pi.tedcdn.com/r/pe.tedcdn.com/images/ted/69bb0fc87ec1b8883c88fd2e055c379325ec07a2_254x191.jpg?w=255
6a034c2435bf06475c27af20,Chrystia Freeland,https://pi.tedcdn.com/r/pe.tedcdn.com/images/ted/37e306e2b47e6c55b1f7aa52bc49ca1637c39674_254x191.jpg?w=255
6a034c2435bf06475c27af9b,Manoush Zomorodi,https://pi.tedcdn.com/r/ted-conferences-speaker-photos-production.s3.amazonaws.com/wl1fstgk2bidrqoyrqlqrlsotjrv?w=255
6a034c2435bf06475c27afae,Melissa Garren,https://pi.tedcdn.com/r/pe.tedcdn.com/images/ted/68604b70bba7ccbb803826af93cb10336881f7af_254x191.jpg?w=255
6a034c2435bf06475c27afdf,Robin Morgan,https://pi.tedcdn.com/r/pe.tedcdn.com/images/ted/3296b8175960ccf68a99ba4f9a844ba5b2119c10_254x191.jpg?w=255
6a034c2435bf06475c27afe4,Svante Pääbo,https://pi.tedcdn.com/r/pe.tedcdn.com/images/ted/3bf9bc1d1cbf77defc0c31db630e8f968bdf2569_254x191.jpg?w=255
6a034c2435bf06475c27aff3,Susan Cain,https://pi.tedcdn.com/r/pe.tedcdn.com/images/ted/69d5a439924101acdbccaa1ca4ffc2827215fd6a_254x191.jpg?w=255
6a034c2435bf06475c27b004,William D. Desmond,https://tedblade-public-assets.s3.us-east-1.amazonaws.com/default-avatar.jpg
6a034c2435bf06475c27b011,Anil Raj,https://tedblade-public-assets.s3.us-east-1.amazonaws.com/default-avatar.jpg
6a034c2435bf06475c27b014,Ashton Applewhite,https://pi.tedcdn.com/r/pe.tedcdn.com/images/ted/f9667b3a3926376a902cdecaf0d5bfd77fa7570c_254x191.jpg?w=255
6a034c2435bf06475c27b04a,James Bickerton,https://tedblade-public-assets.s3.us-east-1.amazonaws.com/default-avatar.jpg
6a034c2435bf06475c27b05e,Kevin H. Gary,https://tedblade-public-assets.s3.us-east-1.amazonaws.com/default-avatar.jpg
6a034c2435bf06475c27b065,Lindsay Amer,https://pi.tedcdn.com/r/pe.tedcdn.com/images/ted/40bb1033082f19df23ac2c4944f0aaffadcb54dc_254x191.jpg?w=255
6a034c2435bf06475c27b087,Richard Feynman,https://pi.tedcdn.com/r/pe.tedcdn.com/images/ted/154736_254x191.jpg?w=255
6a034c2437e0c30f44bd1cdd,Ilissa Ocko,https://pi.tedcdn.com/r/pe.tedcdn.com/images/ted/41dc7cf9d0031bb75660c08dffeedd2fe4bfe24d_254x191.jpg?w=255
6a034c2437e0c30f44bd1d00,Martin Rees,https://tedblade-public-assets.s3.us-east-1.amazonaws.com/default-avatar.jpg
6a034c2437e0c30f44bd1d12,Qi Zhang,https://pi.tedcdn.com/r/pe.tedcdn.com/images/ted/97330_254x191.jpg?w=255
6a034c2437e0c30f44bd1d22,Stefen Chow,https://tedblade-public-assets.s3.us-east-1.amazonaws.com/default-avatar.jpg
6a034c2437e0c30f44bd1d51,Cynthia Breazeal,https://pi.tedcdn.com/r/pe.tedcdn.com/images/ted/da5e95a342f1298e95acf3eb20ef28652010f82c_254x191.jpg?w=255
6a034c2437e0c30f44bd1d6c,Jacob Collier,https://pi.tedcdn.com/r/ted-conferences-speaker-photos-production.s3.amazonaws.com/oeo6u1rzutms7s0ezy8zhje9m3qc?w=255
6a034c2437e0c30f44bd1ddb,Ramón Méndez Galain,https://pi.tedcdn.com/r/ted-conferences-speaker-photos-production.s3.amazonaws.com/jn1tehx1l052yql3455ex4k4097l?w=255
6a034c2437e0c30f44bd1e04,Sid Thatham,https://tedblade-public-assets.s3.us-east-1.amazonaws.com/default-avatar.jpg
6a034c2437e0c30f44bd1e2f,Grégoire Courtine,https://pi.tedcdn.com/r/pe.tedcdn.com/images/ted/e06fd4f998226e0e51ef50641318213af5480634_254x191.jpg?w=255
6a034c2437e0c30f44bd1e56,Karalee Close,https://tedblade-public-assets.s3.us-east-1.amazonaws.com/default-avatar.jpg
6a034c2437e0c30f44bd1e9b,Nadia Frontier,https://tedblade-public-assets.s3.us-east-1.amazonaws.com/default-avatar.jpg
6a034c2437e0c30f44bd1ecd,YeYoon Kim,https://pi.tedcdn.com/r/pe.tedcdn.com/images/ted/c0e7f18a515e19ae03d4651a8f69a5c7d3a523a1_254x191.jpg?w=255
6a034c2437e0c30f44bd1ed3,Rodrigo Bijou,https://pi.tedcdn.com/r/pe.tedcdn.com/images/ted/1a1d1d306f709ad524b9c63f9c17e7bf8e28b0f5_254x191.jpg?w=255
6a034c2437e0c30f44bd1ed8,Sahba Aminikia,https://pi.tedcdn.com/r/ted-conferences-speaker-photos-production.s3.amazonaws.com/lg00h9mtpkhc8yxrpgobkrifbmxe?w=255
6a034c245e700263ec4ad20e,George Smoot,https://pi.tedcdn.com/r/pe.tedcdn.com/images/ted/59345_254x191.jpg?w=255
6a034c245e700263ec4ad22c,Katie Paterson,https://pi.tedcdn.com/r/pe.tedcdn.com/images/ted/f471e6c2e13b0166830ad18ddda4c40a6d706c55_254x191.jpg?w=255
6a034c245e700263ec4ad230,Lindiwe Mazibuko,https://pi.tedcdn.com/r/ted-conferences-speaker-photos-production.s3.amazonaws.com/856d5tgdyt6t4e9sx4yf10h52iu1?w=255
6a034c245e700263ec4ad231,Lisa Dyson,https://pi.tedcdn.com/r/pe.tedcdn.com/images/ted/85b0c2c278d1f0299f71892b7324c2d0f0a99125_254x191.jpg?w=255
6a034c245e700263ec4ad235,Lucy King,https://pi.tedcdn.com/r/pe.tedcdn.com/images/ted/4cfad1d0a5c20fbfcf3720b7f81657ab8341a86a_254x191.jpg?w=255
6a034c245e700263ec4ad245,Natsai Audrey Chieza,https://pi.tedcdn.com/r/pe.tedcdn.com/images/ted/5e843e6b2b124a70c14b9141a382540db0063916_254x191.jpg?w=255
6a034c245e700263ec4ad24e,Richard Bona,https://pi.tedcdn.com/r/pe.tedcdn.com/images/ted/40b7b4030d9766972ee441eff4b615a0eeb28da3_254x191.jpg?w=255
6a034c245e700263ec4ad250,Rose George,https://pi.tedcdn.com/r/pe.tedcdn.com/images/ted/18c09f11ba14cc37f143edca3c3364eac00349a5_254x191.jpg?w=255
6a034c245e700263ec4ad2a9,Dan Pallotta,https://pi.tedcdn.com/r/pe.tedcdn.com/images/ted/53009f673f2dbfc38ca56d27e1ba791209f324cd_254x191.jpg?w=255
6a034c245e700263ec4ad2c2,Elizabeth Wayne,https://pi.tedcdn.com/r/pe.tedcdn.com/images/ted/1900405240d2f8dfadea442335d75dcff68ba52a_254x191.jpg?w=255
6a034c245e700263ec4ad2e9,Jimmie Briggs,https://pi.tedcdn.com/r/pe.tedcdn.com/images/ted/ae50d19478950168e999d16651376840d3974ffc_254x191.jpg?w=255
6a034c245e700263ec4ad2f9,June Tangney,https://pi.tedcdn.com/r/pe.tedcdn.com/images/ted/8b5f53d3acce0c0a6a7875ec4649db31f3971512_254x191.jpg?w=255
6a034c245e700263ec4ad358,Rob Reid,https://pi.tedcdn.com/r/pe.tedcdn.com/images/ted/f4299c405557e817a40ba1753b9765ac2e68fd67_254x191.jpg?w=255
6a034c245e700263ec4ad38f,Walter De Brouwer,https://tedblade-public-assets.s3.us-east-1.amazonaws.com/default-avatar.jpg
6a034c245e700263ec4ad3d1,Jenna Weiner,https://tedblade-public-assets.s3.us-east-1.amazonaws.com/default-avatar.jpg
6a034c245e700263ec4ad3dd,Kathryn Bouskill,https://pi.tedcdn.com/r/pe.tedcdn.com/images/ted/f0d1f65995ddc911730bcae136be331ea16e40d2_254x191.jpg?w=255
6a034c245e700263ec4ad40c,Siamak Hariri,https://pi.tedcdn.com/r/pe.tedcdn.com/images/ted/3acc4d46d958de6ded2203df56bd0996cb0a787c_254x191.jpg?w=255
6a034c245e700263ec4ad40e,Soka Moses,https://pi.tedcdn.com/r/pe.tedcdn.com/images/ted/91742bcc576ecced9b12379313884b9864ac1057_254x191.jpg?w=255
6a034c245e700263ec4ad414,Tim Leberecht,https://pi.tedcdn.com/r/pe.tedcdn.com/images/ted/11eb589dbd84fa08409b9b0dbf94fd38e69235c1_254x191.jpg?w=255
6a034c24658f0b3b67d4a2ee,Dan Walker,https://tedblade-public-assets.s3.us-east-1.amazonaws.com/default-avatar.jpg
6a034c24658f0b3b67d4a2f7,David Carson,https://pi.tedcdn.com/r/pe.tedcdn.com/images/ted/66439_254x191.jpg?w=255
6a034c24658f0b3b67d4a2fc,David R. Williams,https://tedblade-public-assets.s3.us-east-1.amazonaws.com/default-avatar.jpg
6a034c24658f0b3b67d4a302,Emmanuel Acho,https://pi.tedcdn.com/r/ted-conferences-speaker-photos-production.s3.amazonaws.com/mah5uct952sbuu4189yd59viou90?w=255
6a034c24658f0b3b67d4a359,Jaime Lerner,https://pi.tedcdn.com/r/pe.tedcdn.com/images/ted/28411_254x191.jpg?w=255
6a034c24658f0b3b67d4a3bd,Sally Kohn,https://pi.tedcdn.com/r/pe.tedcdn.com/images/ted/ea72834d50a49079513fe331f515b1ab9230f56c_254x191.jpg?w=255
6a034c24658f0b3b67d4a3bf,Jess Thom,https://tedblade-public-assets.s3.us-east-1.amazonaws.com/default-avatar.jpg
6a034c24658f0b3b67d4a3d5,Stephen Doyle,https://tedblade-public-assets.s3.us-east-1.amazonaws.com/default-avatar.jpg
6a034c24658f0b3b67d4a3d9,Peter Gabriel,https://pi.tedcdn.com/r/pe.tedcdn.com/images/ted/1419_253x190.jpg?w=255
6a034c24658f0b3b67d4a3fc,Linden Vazey,https://tedblade-public-assets.s3.us-east-1.amazonaws.com/default-avatar.jpg
6a034c24658f0b3b67d4a401,Vikram Sharma,https://pi.tedcdn.com/r/pe.tedcdn.com/images/ted/47e21d14bffc259af37f2ca4de7861bac94cbdd9_254x191.jpg?w=255
6a034c24658f0b3b67d4a438,Vikram Bhalla,https://tedblade-public-assets.s3.us-east-1.amazonaws.com/default-avatar.jpg
6a034c24658f0b3b67d4a453,Sarah-Jayne Blakemore,https://pi.tedcdn.com/r/pe.tedcdn.com/images/ted/24b520a43a3d9df30a9391138419d6a0036cb21c_254x191.jpg?w=255
6a034c24658f0b3b67d4a455,Andrew Nemr,https://tedblade-public-assets.s3.us-east-1.amazonaws.com/default-avatar.jpg
6a034c24658f0b3b67d4a47d,Tao Zhang,https://pi.tedcdn.com/r/ted-conferences-speaker-photos-production.s3.amazonaws.com/cahobber1rmfrscquic6rnn8l13o?w=255
6a034c24658f0b3b67d4a47f,Tessza Udvarhelyi,https://pi.tedcdn.com/r/ted-conferences-speaker-photos-production.s3.amazonaws.com/52wxq9ozhivmcb4oyxgdz3wxl550?w=255
6a034c24658f0b3b67d4a4b3,Jennifer 8. Lee,https://tedblade-public-assets.s3.us-east-1.amazonaws.com/default-avatar.jpg
6a034c24658f0b3b67d4a4b4,Jerome Kim,https://tedblade-public-assets.s3.us-east-1.amazonaws.com/default-avatar.jpg
6a034c24658f0b3b67d4a4df,Nadya Tolokonnikova,https://pi.tedcdn.com/r/ted-conferences-speaker-photos-production.s3.amazonaws.com/n48tfn57ac7oas8mq6kbcmue52fi?w=255
6a034c24658f0b3b67d4a4e8,Peter Doolittle,https://pi.tedcdn.com/r/pe.tedcdn.com/images/ted/7be28ff9e31e316f8ade471f036477d10445538f_254x191.jpg?w=255
6a034c24658f0b3b67d4a4f0,Sean Davis,https://pi.tedcdn.com/r/pe.tedcdn.com/images/ted/1961f0e05de514a7875a3a9268a274b5d8fa27ee_254x191.jpg?w=255
6a034c24658f0b3b67d4a4f5,Stephen DeBerry,https://pi.tedcdn.com/r/pe.tedcdn.com/images/ted/eec7525fb3dee3725e6ca9facdd09696a2f92648_254x191.jpg?w=255
6a034c249bbcd05aa3165abf,Jamila Lyiscott,https://pi.tedcdn.com/r/pe.tedcdn.com/images/ted/d2d31f9b0230d317e469a16441aa3338d1977eda_254x191.jpg?w=255
6a034c249bbcd05aa3165ae3,Mustafa Akyol,https://pi.tedcdn.com/r/pe.tedcdn.com/images/ted/b58fbfb7ed533f8bd6273e83228998372aa7c96e_254x191.jpg?w=255
6a034c249bbcd05aa3165aee,Priya Parker,https://pi.tedcdn.com/r/ted-conferences-speaker-photos-production.s3.amazonaws.com/fvzwayatkgpxksow4brcwc7bhzui?w=255
6a034c249bbcd05aa3165af9,Sasha Dichter,https://tedblade-public-assets.s3.us-east-1.amazonaws.com/default-avatar.jpg
6a034c249bbcd05aa3165b22,Don Lincoln,https://tedblade-public-assets.s3.us-east-1.amazonaws.com/default-avatar.jpg
6a034c249bbcd05aa3165b31,Gokul Upadhyayula,https://pi.tedcdn.com/r/pe.tedcdn.com/images/ted/af2116434ba3d93fc0550158f3b2a65dd8827e8a_254x191.jpg?w=255
6a034c249bbcd05aa3165b3d,Howard Taylor,https://pi.tedcdn.com/r/pe.tedcdn.com/images/ted/fe48af0b7854c63461133b498e389961f2078f06_254x191.jpg?w=255
6a034c249bbcd05aa3165b97,Asmeret Asefaw Berhe,https://tedblade-public-assets.s3.us-east-1.amazonaws.com/default-avatar.jpg
6a034c249bbcd05aa3165b9e,Carole Cadwalladr,https://pi.tedcdn.com/r/ted-conferences-speaker-photos-production.s3.amazonaws.com/qhkig49xku7k4sdlec7hytbbsw3z?w=255
6a034c249bbcd05aa3165ba3,Cosmin Mihaiu,https://pi.tedcdn.com/r/pe.tedcdn.com/images/ted/ba8995d2e496de34fb774f8aa2efb05717810ad6_254x191.jpg?w=255
6a034c249bbcd05aa3165baf,Eddie Obeng,https://pi.tedcdn.com/r/pe.tedcdn.com/images/ted/5d8e345d34328604fe39b7a959e3e27d5a8c487f_254x191.jpg?w=255
6a034c249bbcd05aa3165bdf,John Hardy,https://pi.tedcdn.com/r/pe.tedcdn.com/images/ted/fe74e964be5b4f3e2fd68cb53180172eeafc00d8_254x191.jpg?w=255
6a034c249bbcd05aa3165c9f,Yves Béhar,https://pi.tedcdn.com/r/pe.tedcdn.com/images/ted/42635_254x191.jpg?w=255
6a034c249bbcd05aa3165ca3,Ruchi Shah,https://tedblade-public-assets.s3.us-east-1.amazonaws.com/default-avatar.jpg
6a034c24b9e30957c4388983,A Tribe Called Red,https://pi.tedcdn.com/r/pe.tedcdn.com/images/ted/d2fc94948fab4b49a5162a06449bf23ddf388554_254x191.jpg?w=255
6a034c24b9e30957c4388990,Angela Oguntala,https://tedblade-public-assets.s3.us-east-1.amazonaws.com/default-avatar.jpg
6a034c24b9e30957c438899c,Amy Adele Hasinoff,https://pi.tedcdn.com/r/pe.tedcdn.com/images/ted/e0df8e20fcc476f6b1cbb5e20c7efb8147174c05_254x191.jpg?w=255
6a034c24b9e30957c43889a5,Arik Hartmann,https://pi.tedcdn.com/r/pe.tedcdn.com/images/ted/be122be3b64ec814172ab351e0416a4d99a73f8d_254x191.jpg?w=255
6a034c24b9e30957c43889aa,Akshat Rathi,https://pi.tedcdn.com/r/ted-conferences-speaker-photos-production.s3.amazonaws.com/k6rqcml93m6v3equvmg9axf7mepc?w=255
6a034c24b9e30957c4388a08,Mark Roth,https://pi.tedcdn.com/r/pe.tedcdn.com/images/ted/156178_254x191.jpg?w=255
6a034c24b9e30957c4388a11,Peggy Weil,https://tedblade-public-assets.s3.us-east-1.amazonaws.com/default-avatar.jpg
6a034c24b9e30957c4388a3d,Gary Wolf,https://pi.tedcdn.com/r/pe.tedcdn.com/images/ted/201790_254x191.jpg?w=255
6a034c24b9e30957c4388a48,Natalie Fratto,https://pi.tedcdn.com/r/pe.tedcdn.com/images/ted/75844e9ebcc4fd69820698fbd6254a322059de34_254x191.jpg?w=255
6a034c24b9e30957c4388a4c,Thulasiraj Ravilla,https://tedblade-public-assets.s3.us-east-1.amazonaws.com/default-avatar.jpg
6a034c24b9e30957c4388a55,Noam Brown,https://tedblade-public-assets.s3.us-east-1.amazonaws.com/default-avatar.jpg
6a034c24b9e30957c4388aad,Christiana Figueres,https://pi.tedcdn.com/r/pe.tedcdn.com/images/ted/5bb700f68013531d6f60fb882c4b53baf8597b7a_254x191.jpg?w=255
6a034c24b9e30957c4388b12,Sir Ken Robinson,https://pi.tedcdn.com/r/pe.tedcdn.com/images/ted/1465_254x191.jpg?w=255
6a034c24b9e30957c4388b2b,Bill Davenhall,https://pi.tedcdn.com/r/pe.tedcdn.com/images/ted/143680_254x191.jpg?w=255
6a034c24b9e30957c4388b47,Eli Pariser,https://pi.tedcdn.com/r/pe.tedcdn.com/images/ted/84b47d66a3e55c6ce0b26addb4ed602982624889_254x191.jpg?w=255
6a034c24b9e30957c4388b6b,Jorge Mañes Rubio,https://tedblade-public-assets.s3.us-east-1.amazonaws.com/default-avatar.jpg
6a034c24b9e30957c4388b86,Mennat El Ghalid,https://pi.tedcdn.com/r/pe.tedcdn.com/images/ted/5a6dcb3b799c5585724776c108f2899156bd1d7f_254x191.jpg?w=255
6a034c24b9e30957c4388b90,Nithya Vaduganathan,https://pi.tedcdn.com/r/ted-conferences-speaker-photos-production.s3.amazonaws.com/1066w9m36ask8fktb7ct5r5bj7w2?w=255
6a034c24d4881847be4b5077,Angel Hsu,https://pi.tedcdn.com/r/pe.tedcdn.com/images/ted/27eba9f82f9411057ae6c789ae6838a7aa706049_254x191.jpg?w=255
6a034c24d4881847be4b50a1,Claire Malone,https://pi.tedcdn.com/r/pe.tedcdn.com/images/ted/dff50ce1ea3961d39973aac87802ec1f9e582a0a_254x191.jpg?w=255
6a034c24d4881847be4b50b8,Duarte Geraldino,https://pi.tedcdn.com/r/pe.tedcdn.com/images/ted/1612a57a42115e222faf820157cfdb011b0c715a_254x191.jpg?w=255
6a034c24d4881847be4b50c8,Denise Zmekhol,https://tedblade-public-assets.s3.us-east-1.amazonaws.com/default-avatar.jpg
6a034c24d4881847be4b50fe,Manish Bhardwaj,https://pi.tedcdn.com/r/ted-conferences-speaker-photos-production.s3.amazonaws.com/gq6iqsaq31k6fz3cvubdkhz25ugh?w=255
6a034c24d4881847be4b510b,Janne Willems,https://tedblade-public-assets.s3.us-east-1.amazonaws.com/default-avatar.jpg
6a034c24d4881847be4b5113,Jeremy Heimans,https://pi.tedcdn.com/r/pe.tedcdn.com/images/ted/15db7cd6a4c84f3e90a996380e1c315c38ce2d7a_254x191.jpg?w=255
6a034c24d4881847be4b51a6,Cheryl Hayashi,https://pi.tedcdn.com/r/pe.tedcdn.com/images/ted/2c31f6c9ed1289b0e6c52b83cf29488a8f2c7901_254x191.jpg?w=255
6a034c24d4881847be4b51a9,Christina Balch,https://tedblade-public-assets.s3.us-east-1.amazonaws.com/default-avatar.jpg
6a034c24d4881847be4b51ee,Nina McNeely,https://pi.tedcdn.com/r/ted-conferences-speaker-photos-production.s3.amazonaws.com/ht9vcfjkwdtg7fll06f2il6yy1ku?w=255
6a034c24d4881847be4b51f7,Phil Plait,https://pi.tedcdn.com/r/pe.tedcdn.com/images/ted/b166cf6a729c4b659fbf65746f01b179f821f8cb_254x191.jpg?w=255
6a034c24d4881847be4b5202,Shai Agassi,https://pi.tedcdn.com/r/pe.tedcdn.com/images/ted/83214_254x191.jpg?w=255
6a034c24d4881847be4b5215,Valarie Kaur,https://pi.tedcdn.com/r/pe.tedcdn.com/images/ted/dcbb1beb4b89d2776cdd1b2c4c0274825f151802_254x191.jpg?w=255
6a034c24d4881847be4b5217,Vinu Daniel,https://pi.tedcdn.com/r/ted-conferences-speaker-photos-production.s3.amazonaws.com/ywlryw53a8gng7oirjzt56a51yjv?w=255
6a034c24d4881847be4b521f,Alexander H. Toledo,https://tedblade-public-assets.s3.us-east-1.amazonaws.com/default-avatar.jpg
6a034c24d4881847be4b5236,Dan Van der Vieren,https://tedblade-public-assets.s3.us-east-1.amazonaws.com/default-avatar.jpg
6a034c24d4881847be4b5239,David Damberger,https://pi.tedcdn.com/r/pe.tedcdn.com/images/ted/d8f8440dc5e8962a7ac601a5539fa3daa65e381f_254x191.jpg?w=255
6a034c24d4881847be4b527c,Nigel Rothfels,https://tedblade-public-assets.s3.us-east-1.amazonaws.com/default-avatar.jpg
6a034c24da446a102707f39f,Anneliese Mehnert,https://tedblade-public-assets.s3.us-east-1.amazonaws.com/default-avatar.jpg
6a034c24da446a102707f3dd,Jamie C. Beard,https://tedblade-public-assets.s3.us-east-1.amazonaws.com/default-avatar.jpg
6a034c24da446a102707f403,Ben Katchor,https://pi.tedcdn.com/r/pe.tedcdn.com/images/ted/85391_254x191.jpg?w=255
6a034c24da446a102707f40e,Casey Brown,https://pi.tedcdn.com/r/pe.tedcdn.com/images/ted/8786a10a01db7628c9a85673c66c8ed8659c461b_254x191.jpg?w=255
6a034c24da446a102707f423,Daniel Kish,https://pi.tedcdn.com/r/pe.tedcdn.com/images/ted/4b2208f065ea2458cca706f227b14364eb768c9d_254x191.jpg?w=255
6a034c24da446a102707f43f,Gary Lauder,https://pi.tedcdn.com/r/pe.tedcdn.com/images/ted/155325_254x191.jpg?w=255
6a034c24da446a102707f47f,Aaswath Raman,https://pi.tedcdn.com/r/pe.tedcdn.com/images/ted/82539dcda23fc03592a8d5bf34467859ffbaccf3_254x191.jpg?w=255
6a034c24da446a102707f4a5,Bryan Stevenson,https://pi.tedcdn.com/r/pe.tedcdn.com/images/ted/5807f55163ad0805ee6cea7c63c5e18287f53c99_254x191.jpg?w=255
6a034c24da446a102707f4b2,Philipp Carlsson-Szlezak,https://tedblade-public-assets.s3.us-east-1.amazonaws.com/default-avatar.jpg
6a034c24da446a102707f4c0,Rick Doblin,https://pi.tedcdn.com/r/pe.tedcdn.com/images/ted/aba0cb7177ae1799ddd8c54613d7d2423e05ac8d_254x191.jpg?w=255
6a034c24da446a102707f4cb,Ed Ulbrich,https://pi.tedcdn.com/r/pe.tedcdn.com/images/ted/a91e256ede9e89cd6af3fade7011026b2f357f99_254x191.jpg?w=255
6a034c24da446a102707f4d0,Elias Weiss Friedman,https://pi.tedcdn.com/r/ted-conferences-speaker-photos-production.s3.amazonaws.com/8toj03cz2tpv4yesrum203l3lwux?w=255
6a034c24da446a102707f529,Nancy Etcoff,https://pi.tedcdn.com/r/pe.tedcdn.com/images/ted/57107_254x191.jpg?w=255
6a034c24da446a102707f558,Timothy Prestero,https://pi.tedcdn.com/r/pe.tedcdn.com/images/ted/5aa9b5f555703ef629b8e0f6004f21b303b9ddd2_254x191.jpg?w=255
6a034c24da446a102707f582,Charles Leadbeater,https://pi.tedcdn.com/r/pe.tedcdn.com/images/ted/40_253x190.jpg?w=255
6a034c24da446a102707f592,Elyse Cox,https://tedblade-public-assets.s3.us-east-1.amazonaws.com/default-avatar.jpg
6a034c24da446a102707f5a3,Hongqiao Liu,https://pi.tedcdn.com/r/pe.tedcdn.com/images/ted/ceee40f353073078a6336f61757f9ed481c26975_254x191.jpg?w=255
6a034c24da446a102707f5d2,Minda Dentler,https://pi.tedcdn.com/r/pe.tedcdn.com/images/ted/f4a547fee9f48798e1a03acb1f5bcbb17dc61010_254x191.jpg?w=255
6a034c25b4b11d1a485861a2,Clément Vidal,https://tedblade-public-assets.s3.us-east-1.amazonaws.com/default-avatar.jpg
6a034c25b4b11d1a485861c1,Anne Morriss,https://pi.tedcdn.com/r/ted-conferences-speaker-photos-production.s3.amazonaws.com/nhtdp87sxswcbi3ti9y3qknh612m?w=255
6a034c25b4b11d1a485861c6,Fernando Salem,https://tedblade-public-assets.s3.us-east-1.amazonaws.com/default-avatar.jpg
6a034c25b4b11d1a485861d8,Coby Everton,https://tedblade-public-assets.s3.us-east-1.amazonaws.com/default-avatar.jpg
6a034c25b4b11d1a485861de,Dan Cobley,https://pi.tedcdn.com/r/pe.tedcdn.com/images/ted/194019_254x191.jpg?w=255
6a034c25b4b11d1a4858621e,Murray Gell-Mann,https://pi.tedcdn.com/r/pe.tedcdn.com/images/ted/21774_254x191.jpg?w=255
6a034c25b4b11d1a48586228,Nicole Avena,https://tedblade-public-assets.s3.us-east-1.amazonaws.com/default-avatar.jpg
6a034c25b4b11d1a48586247,Silvia Moreno-García,https://tedblade-public-assets.s3.us-east-1.amazonaws.com/default-avatar.jpg
6a034c25b4b11d1a4858625a,Tim Brown,https://pi.tedcdn.com/r/pe.tedcdn.com/images/ted/118806_254x191.jpg?w=255
6a034c25b4b11d1a48586276,Nalini Nadkarni,https://pi.tedcdn.com/r/pe.tedcdn.com/images/ted/75595_254x191.jpg?w=255
6a034c25b4b11d1a4858627e,Peta Greenfield & Alex Gendler,https://tedblade-public-assets.s3.us-east-1.amazonaws.com/default-avatar.jpg
6a034c25b4b11d1a48586285,Rebeca Hwang,https://pi.tedcdn.com/r/pe.tedcdn.com/images/ted/98d7221aa72053fb6a996e9aaa27eaaad7c320f8_254x191.jpg?w=255
6a034c25b4b11d1a485862c2,Bruno Maisonnier,https://pi.tedcdn.com/r/pe.tedcdn.com/images/ted/782d4964cb755a034750404b72cbb98e9929f737_254x191.jpg?w=255
6a034c25b4b11d1a48586336,Newsha Ghaeli,https://pi.tedcdn.com/r/ted-conferences-speaker-photos-production.s3.amazonaws.com/wtiutsfdn77kvxdxcq44uspuz9s5?w=255
6a034c25b4b11d1a48586338,Nick Hanauer,https://pi.tedcdn.com/r/pe.tedcdn.com/images/ted/c5790c58036ebd20d387c9ecaac6a2bb22f36074_254x191.jpg?w=255
6a034c25b4b11d1a4858634a,Nabiha Saklayen,https://pi.tedcdn.com/r/pe.tedcdn.com/images/ted/f1f5ff9525b4ba7cf6de392a683f42474e81d2bd_254x191.jpg?w=255
6a034c25b4b11d1a48586391,Majd Mashharawi,https://tedblade-public-assets.s3.us-east-1.amazonaws.com/default-avatar.jpg
6a034c2435bf06475c27ae68,Carolyn Jones,https://pi.tedcdn.com/r/pe.tedcdn.com/images/ted/4d2507b8310255d094540664d1cd1685a417e277_254x191.jpg?w=255
6a034c2435bf06475c27ae7f,Farwiza Farhan,https://tedblade-public-assets.s3.us-east-1.amazonaws.com/default-avatar.jpg
6a034c2435bf06475c27aee5,Alan Stern,https://tedblade-public-assets.s3.us-east-1.amazonaws.com/default-avatar.jpg
6a034c2435bf06475c27aeec,Amit Kalra,https://pi.tedcdn.com/r/pe.tedcdn.com/images/ted/b39c7a79fb40f4d24e931a0368420ff739fb9300_254x191.jpg?w=255
6a034c2435bf06475c27af33,Elise Roy,https://pi.tedcdn.com/r/pe.tedcdn.com/images/ted/7da2f739354008ba2caf154abd2feb7061907121_254x191.jpg?w=255
6a034c2435bf06475c27af34,Densho,https://tedblade-public-assets.s3.us-east-1.amazonaws.com/default-avatar.jpg
6a034c2435bf06475c27af46,Fredy Peccerelli,https://pi.tedcdn.com/r/pe.tedcdn.com/images/ted/e37758d369775b171c3c48ea2fce8678851b3d74_254x191.jpg?w=255
6a034c2435bf06475c27af61,Ian Barnes,https://tedblade-public-assets.s3.us-east-1.amazonaws.com/default-avatar.jpg
6a034c2435bf06475c27af63,Iké Udé,https://pi.tedcdn.com/r/pe.tedcdn.com/images/ted/ab4e4747ff7f77d4e312b9ec2b5701823259edf3_254x191.jpg?w=255
6a034c2435bf06475c27af6d,Jay Bailey,https://pi.tedcdn.com/r/ted-conferences-speaker-photos-production.s3.amazonaws.com/ahip77c7utggsiyrz3vpjgmunual?w=255
6a034c2435bf06475c27af77,Joan Halifax,https://pi.tedcdn.com/r/pe.tedcdn.com/images/ted/d71dab1cd6e54ec206e1a5cfe0702775efc70f4e_254x191.jpg?w=255
6a034c2435bf06475c27af8b,Lee Thomas,https://pi.tedcdn.com/r/pe.tedcdn.com/images/ted/2bfae9fb14e04a77bd07d07a84ecdc141c5df43b_254x191.jpg?w=255
6a034c2435bf06475c27af94,Marcia Belsky,https://pi.tedcdn.com/r/ted-conferences-speaker-photos-production.s3.amazonaws.com/q1d87vy1scp4qafhpwmmluq65xip?w=255
6a034c2435bf06475c27afe6,Terisa Folaron,https://tedblade-public-assets.s3.us-east-1.amazonaws.com/default-avatar.jpg
6a034c2435bf06475c27b044,Handspring Puppet Co.,https://tedblade-public-assets.s3.us-east-1.amazonaws.com/default-avatar.jpg
6a034c2435bf06475c27b06f,Michael Pritchard,https://pi.tedcdn.com/r/pe.tedcdn.com/images/ted/106980_254x191.jpg?w=255
6a034c2437e0c30f44bd1cc7,David Ikard,https://pi.tedcdn.com/r/pe.tedcdn.com/images/ted/5764c16ee940d503cec964c032bcdaa75581d0cc_254x191.jpg?w=255
6a034c2437e0c30f44bd1cc8,David Kessler,https://pi.tedcdn.com/r/pe.tedcdn.com/images/ted/b5f6c56a248f6404d51f6b8610db1658b8444a5b_254x191.jpg?w=255
6a034c2437e0c30f44bd1ccc,Derek Abbott,https://tedblade-public-assets.s3.us-east-1.amazonaws.com/default-avatar.jpg
6a034c2437e0c30f44bd1d2f,Tom Osborn,https://pi.tedcdn.com/r/pe.tedcdn.com/images/ted/f75d228ac20b6f3208bd35b3e98be33a4c9a9a79_254x191.jpg?w=255
6a034c2437e0c30f44bd1d60,Erika Pinheiro,https://pi.tedcdn.com/r/pe.tedcdn.com/images/ted/52065cf9014fbb7760af8de2a03ab19f55eedc60_254x191.jpg?w=255
6a034c2437e0c30f44bd1d7a,Jonathan Haidt,https://pi.tedcdn.com/r/ted-conferences-speaker-photos-production.s3.amazonaws.com/inf0po9kd92tdcp59pbts4tngvhe?w=255
6a034c2437e0c30f44bd1d9c,Matt Beane,https://pi.tedcdn.com/r/pe.tedcdn.com/images/ted/7910015dc3e71144c1d96ee8e861ff236ae783b7_254x191.jpg?w=255
6a034c2437e0c30f44bd1da3, JR,https://pi.tedcdn.com/r/ted-conferences-speaker-photos-production.s3.amazonaws.com/tiufbl24118xvx6muq6m435nzaud?w=255
6a034c2437e0c30f44bd1dd6,Clifford Robbins,https://tedblade-public-assets.s3.us-east-1.amazonaws.com/default-avatar.jpg
6a034c2437e0c30f44bd1e0a,Tal Danino,https://pi.tedcdn.com/r/pe.tedcdn.com/images/ted/dde2c6bc9b16e967eca843d65b3ab63d77258dd8_254x191.jpg?w=255
6a034c2437e0c30f44bd1e14,Tony Wyss-Coray,https://pi.tedcdn.com/r/pe.tedcdn.com/images/ted/4639e60f267818d15bed088caf3d677470e97995_254x191.jpg?w=255
6a034c2437e0c30f44bd1e6a,Kylan Gibbs,https://pi.tedcdn.com/r/ted-conferences-speaker-photos-production.s3.amazonaws.com/o3n3d108nxk9yo1uxtn3f7xpivsv?w=255
6a034c2437e0c30f44bd1e6e,Lam Ho,https://pi.tedcdn.com/r/ted-conferences-speaker-photos-production.s3.amazonaws.com/8ebc5w9iymijpwdkdqrwp80i5qbp?w=255
6a034c2437e0c30f44bd1ed6,Rumman Chowdhury,https://pi.tedcdn.com/r/ted-conferences-speaker-photos-production.s3.amazonaws.com/ilqpa9xbh5rl0umh7wa9p8iscdj3?w=255
6a034c245e700263ec4ad20b,Gary Greenberg,https://pi.tedcdn.com/r/pe.tedcdn.com/images/ted/5ae992a4edd5707c97cf042e1e555fa0a5340b43_254x191.jpg?w=255
6a034c245e700263ec4ad23b,Marc Pachter,https://pi.tedcdn.com/r/pe.tedcdn.com/images/ted/135028_254x191.jpg?w=255
6a034c245e700263ec4ad26f,Anthony Atala,https://pi.tedcdn.com/r/pe.tedcdn.com/images/ted/143108_254x191.jpg?w=255
6a034c245e700263ec4ad2a4,Cohen Bradley,https://pi.tedcdn.com/r/ted-conferences-speaker-photos-production.s3.amazonaws.com/v1vz81ox52c1kujfwqnb0g43p7we?w=255
6a034c245e700263ec4ad2ab,Daniel Dulek,https://tedblade-public-assets.s3.us-east-1.amazonaws.com/default-avatar.jpg
6a034c245e700263ec4ad30e,Leah Buechley,https://pi.tedcdn.com/r/pe.tedcdn.com/images/ted/b3a322ac2c4b2a7540e46c30b773afbd0a0b5121_254x191.jpg?w=255
6a034c245e700263ec4ad326,Melanie Charles,https://tedblade-public-assets.s3.us-east-1.amazonaws.com/default-avatar.jpg
6a034c245e700263ec4ad32c,Michael Kennedy,https://tedblade-public-assets.s3.us-east-1.amazonaws.com/default-avatar.jpg
6a034c245e700263ec4ad344,Norman Spack,https://pi.tedcdn.com/r/pe.tedcdn.com/images/ted/12662a546df0ffd9ef3c3d1c1f66348220b77d03_254x191.jpg?w=255
6a034c245e700263ec4ad34e,R. Luke DuBois,https://tedblade-public-assets.s3.us-east-1.amazonaws.com/default-avatar.jpg
6a034c245e700263ec4ad37f,Shravan S K,https://tedblade-public-assets.s3.us-east-1.amazonaws.com/default-avatar.jpg
6a034c245e700263ec4ad382,Tan Le,https://pi.tedcdn.com/r/pe.tedcdn.com/images/ted/c4c99815ea38206d4e49866f59aa0999a5399e7e_254x191.jpg?w=255
6a034c245e700263ec4ad39b, Butterscotch,https://pi.tedcdn.com/r/pe.tedcdn.com/images/ted/938e921541848a130f9f287fcc58fd0f849330b9_254x191.jpg?w=255
6a034c245e700263ec4ad39d,Abbey Williams,https://tedblade-public-assets.s3.us-east-1.amazonaws.com/default-avatar.jpg
6a034c245e700263ec4ad3c7,Garik Israelian,https://pi.tedcdn.com/r/pe.tedcdn.com/images/ted/119309_254x191.jpg?w=255
6a034c245e700263ec4ad3d4,John Bohannon,https://pi.tedcdn.com/r/pe.tedcdn.com/images/ted/ead286ead53f938e11db5bcdd770b5f331a910e1_254x191.jpg?w=255
6a034c245e700263ec4ad3d7,Jonathan Eisen,https://pi.tedcdn.com/r/pe.tedcdn.com/images/ted/b19b458533d58d9937516120000963b940e7809a_254x191.jpg?w=255
6a034c245e700263ec4ad3ef,Naima Penniman,https://tedblade-public-assets.s3.us-east-1.amazonaws.com/default-avatar.jpg
6a034c245e700263ec4ad40b,Shirin Neshat,https://pi.tedcdn.com/r/pe.tedcdn.com/images/ted/8acd7fd11721636b5bea56cf7d9eb9ff885daeb4_254x191.jpg?w=255
6a034c24658f0b3b67d4a2b1,Adriana Galván,https://pi.tedcdn.com/r/ted-conferences-speaker-photos-production.s3.amazonaws.com/2jfq311ofx5exh6woe34rgppenaz?w=255
6a034c24658f0b3b67d4a2b3,Alasdair Harris,https://pi.tedcdn.com/r/pe.tedcdn.com/images/ted/8b55e780a4a3e13a91381ec11f2312d1665baea8_254x191.jpg?w=255
6a034c24658f0b3b67d4a2bc,Andrés Ruzo,https://pi.tedcdn.com/r/pe.tedcdn.com/images/ted/5347ffee50ddffd33887e0415fbd2336b8d6ef82_254x191.jpg?w=255
6a034c24658f0b3b67d4a2bf,Alicia Malone,https://tedblade-public-assets.s3.us-east-1.amazonaws.com/default-avatar.jpg
6a034c24658f0b3b67d4a2d4,Baroness Beeban Kidron,https://tedblade-public-assets.s3.us-east-1.amazonaws.com/default-avatar.jpg
6a034c24658f0b3b67d4a2d7,Bobby McFerrin,https://pi.tedcdn.com/r/pe.tedcdn.com/images/ted/152997_254x191.jpg?w=255
6a034c24658f0b3b67d4a2e9,Amanda Renteria,https://pi.tedcdn.com/r/ted-conferences-speaker-photos-production.s3.amazonaws.com/t6js3822v0okvdutmirse6slllqx?w=255
6a034c24658f0b3b67d4a34d,Graham Shaw,https://tedblade-public-assets.s3.us-east-1.amazonaws.com/default-avatar.jpg
6a034c24658f0b3b67d4a3a8,Guadalupe Nogués,https://tedblade-public-assets.s3.us-east-1.amazonaws.com/default-avatar.jpg
6a034c24658f0b3b67d4a3ff,Victor Vescovo,https://pi.tedcdn.com/r/pe.tedcdn.com/images/ted/a71eb6d72b70384172a98e49d0cf8eab560d6124_254x191.jpg?w=255
6a034c24658f0b3b67d4a420,Taika Waititi,https://tedblade-public-assets.s3.us-east-1.amazonaws.com/default-avatar.jpg
6a034c24658f0b3b67d4a421,Natasha Hurley-Walker,https://pi.tedcdn.com/r/pe.tedcdn.com/images/ted/e7f42be01384a5806681841eb1fac0f6ac0d2419_254x191.jpg?w=255
6a034c24658f0b3b67d4a48e,Trita Parsi,https://pi.tedcdn.com/r/pe.tedcdn.com/images/ted/cf2d437d105caeeb7d0ca4d638207affae22a995_254x191.jpg?w=255
6a034c24658f0b3b67d4a498,Willie Smits,https://pi.tedcdn.com/r/pe.tedcdn.com/images/ted/75461_254x191.jpg?w=255
6a034c24658f0b3b67d4a4e1,Nithya Ramanathan,https://pi.tedcdn.com/r/pe.tedcdn.com/images/ted/2d4301ff3337cb91a56b6b50f7439773676a6b84_254x191.jpg?w=255
6a034c24658f0b3b67d4a4e4,Patrick Chappatte,https://pi.tedcdn.com/r/pe.tedcdn.com/images/ted/208767_254x191.jpg?w=255
6a034c24658f0b3b67d4a4e6,Paul Bloom,https://pi.tedcdn.com/r/ted-conferences-speaker-photos-production.s3.amazonaws.com/txm7sa1hfi51t1ctbo5hcrjn8zj1?w=255
6a034c24658f0b3b67d4a4ea,Raul Midon,https://pi.tedcdn.com/r/pe.tedcdn.com/images/ted/24703_254x191.jpg?w=255
6a034c249bbcd05aa3165a96,Brenda Romero,https://tedblade-public-assets.s3.us-east-1.amazonaws.com/default-avatar.jpg
6a034c249bbcd05aa3165aae,Fei-Fei Li,https://pi.tedcdn.com/r/ted-conferences-speaker-photos-production.s3.amazonaws.com/6emdd4s3nhpe4ekfv8ppjwzeq3ge?w=255
6a034c249bbcd05aa3165ac4,John Wilbanks,https://pi.tedcdn.com/r/pe.tedcdn.com/images/ted/b538995711bf7511379ddb38f2f9620ea5b2bfc2_254x191.jpg?w=255
6a034c249bbcd05aa3165adc,Mariana Mazzucato,https://pi.tedcdn.com/r/pe.tedcdn.com/images/ted/0ccd135ba08e2e6de5ad04e6d6df29d15e341e51_254x191.jpg?w=255
6a034c249bbcd05aa3165ae4,Nagin Cox,https://pi.tedcdn.com/r/pe.tedcdn.com/images/ted/2079737607e28aa6ec4173795785dc27b88728e0_254x191.jpg?w=255
6a034c249bbcd05aa3165b55,Kiran Sethi,https://pi.tedcdn.com/r/pe.tedcdn.com/images/ted/141031_254x191.jpg?w=255
6a034c249bbcd05aa3165b5d,Lindy Lou Isonhood,https://pi.tedcdn.com/r/pe.tedcdn.com/images/ted/171565a9d7390631801e2c9c9030cfb49442eb08_254x191.jpg?w=255
6a034c249bbcd05aa3165bbc,Tara Houska,https://pi.tedcdn.com/r/pe.tedcdn.com/images/ted/448fffb8e50462929dbeab65f8a2377a05a351ed_254x191.jpg?w=255
6a034c249bbcd05aa3165bc9,Wendy Hawkins,https://tedblade-public-assets.s3.us-east-1.amazonaws.com/default-avatar.jpg
6a034c249bbcd05aa3165bca,Gus Casely-Hayford,https://pi.tedcdn.com/r/pe.tedcdn.com/images/ted/e4509455bb9affce38f886a8999bdd44f231f1d9_254x191.jpg?w=255
6a034c249bbcd05aa3165c32,Daniel Kraft,https://pi.tedcdn.com/r/pe.tedcdn.com/images/ted/f9b2a98b1203fc35437524e2ff9552da74a355a6_254x191.jpg?w=255
6a034c249bbcd05aa3165c40,Eddi Reader,https://pi.tedcdn.com/r/pe.tedcdn.com/images/ted/3391_254x191.jpg?w=255
6a034c249bbcd05aa3165c61,Karthik Muralidharan,https://pi.tedcdn.com/r/ted-conferences-speaker-photos-production.s3.amazonaws.com/48xuywhzia5pa3nb0belo838r8ib?w=255
6a034c249bbcd05aa3165c80,Omar Ahmad,https://pi.tedcdn.com/r/pe.tedcdn.com/images/ted/164497_254x191.jpg?w=255
6a034c249bbcd05aa3165c85,Richard J. Berry,https://tedblade-public-assets.s3.us-east-1.amazonaws.com/default-avatar.jpg
6a034c249bbcd05aa3165c90,Stefano Mancuso,https://pi.tedcdn.com/r/pe.tedcdn.com/images/ted/205650_254x191.jpg?w=255
6a034c24b9e30957c43889a9,Bill Ford,https://pi.tedcdn.com/r/pe.tedcdn.com/images/ted/9663a30fa44b9c4b363d7ae970adf88c77535eaf_254x191.jpg?w=255
6a034c2435bf06475c27ae63,Brian Christian,https://tedblade-public-assets.s3.us-east-1.amazonaws.com/default-avatar.jpg
6a034c24b9e30957c43889bc,Sebastien de Halleux,https://pi.tedcdn.com/r/ted-conferences-speaker-photos-production.s3.amazonaws.com/ssv6b2uu0pi3212on7uh9zcf9omm?w=255
6a034c2435bf06475c27aeb4,Meredith Wilson Parfet,https://pi.tedcdn.com/r/ted-conferences-speaker-photos-production.s3.amazonaws.com/f89rb4iya6hstmbkviion7be635q?w=255
6a034c24b9e30957c43889dd,David Finnigan,https://pi.tedcdn.com/r/ted-conferences-speaker-photos-production.s3.amazonaws.com/veianosiod4sgqgz2v2ihe1ofii2?w=255
6a034c24b9e30957c4388a87,Valerie Montgomery Rice,https://pi.tedcdn.com/r/ted-conferences-speaker-photos-production.s3.amazonaws.com/gb7ver55aguqhqppo5syxiv0xoii?w=255
6a034c2435bf06475c27aec3,Raphael Arar,https://pi.tedcdn.com/r/pe.tedcdn.com/images/ted/6122d539dacf34bf1cf18d031866b9236459ec5f_254x191.jpg?w=255
6a034c24b9e30957c4388abc,Elena Chavez Quezada,https://tedblade-public-assets.s3.us-east-1.amazonaws.com/default-avatar.jpg
6a034c2435bf06475c27aecd,Sam Richards,https://pi.tedcdn.com/r/pe.tedcdn.com/images/ted/2358380b51651c63cafd5fcc0ea3a9e94bcf032b_254x191.jpg?w=255
6a034c24b9e30957c4388af3,Melinda Briana Epler,https://tedblade-public-assets.s3.us-east-1.amazonaws.com/default-avatar.jpg
6a034c2435bf06475c27aee8,Alisa Kazarina,https://tedblade-public-assets.s3.us-east-1.amazonaws.com/default-avatar.jpg
6a034c24b9e30957c4388b07,Ricardo Iacub,https://tedblade-public-assets.s3.us-east-1.amazonaws.com/default-avatar.jpg
6a034c2435bf06475c27af28,Daina Ramey Berry,https://tedblade-public-assets.s3.us-east-1.amazonaws.com/default-avatar.jpg
6a034c24b9e30957c4388b15,Sylvain Duranton,https://pi.tedcdn.com/r/pe.tedcdn.com/images/ted/6f21e25cb9be3f567b355cfcf233e7ce1529faa1_254x191.jpg?w=255
6a034c2435bf06475c27af5e,Jamie Paik,https://pi.tedcdn.com/r/pe.tedcdn.com/images/ted/e54d4331d25acc14665c6007a35b98be22651518_254x191.jpg?w=255
6a034c2435bf06475c27af68,Jessica Ochoa Hendrix,https://pi.tedcdn.com/r/pe.tedcdn.com/images/ted/35d00e2df92d8e23ed983c1048c29939de872753_254x191.jpg?w=255
6a034c2435bf06475c27af75,Jimmy Carter,https://pi.tedcdn.com/r/pe.tedcdn.com/images/ted/d679e7ccca68c70da59cae525459b11a02167974_254x191.jpg?w=255
6a034c2435bf06475c27afed,Siddhartha Mukherjee,https://pi.tedcdn.com/r/pe.tedcdn.com/images/ted/5b17020ddf48320720e463b806dde48f24eaf5b6_254x191.jpg?w=255
6a034c2435bf06475c27b019,Björn Ulvaeus,https://tedblade-public-assets.s3.us-east-1.amazonaws.com/default-avatar.jpg
6a034c24b9e30957c4388b1a,Toby Kiers,https://pi.tedcdn.com/r/pe.tedcdn.com/images/ted/531ae62ab4411989cc1e6836c9a076da6b69d9da_254x191.jpg?w=255
6a034c2435bf06475c27b02b,David Perry,https://pi.tedcdn.com/r/pe.tedcdn.com/images/ted/55437_254x191.jpg?w=255
6a034c24b9e30957c4388b76,Kelli Jean Drinkwater,https://pi.tedcdn.com/r/pe.tedcdn.com/images/ted/65fcd1de70163a49a06ba5ed4ee88b95b8ae45a8_254x191.jpg?w=255
6a034c2435bf06475c27b043,Glenn Cantave,https://pi.tedcdn.com/r/pe.tedcdn.com/images/ted/7d6fab4bd935741671014960c9e28d7cbd137113_254x191.jpg?w=255
6a034c24b9e30957c4388b7d,Louise Thwaites,https://tedblade-public-assets.s3.us-east-1.amazonaws.com/default-avatar.jpg
6a034c2435bf06475c27b0a3,Thea Holcomb,https://tedblade-public-assets.s3.us-east-1.amazonaws.com/default-avatar.jpg
6a034c2435bf06475c27ae6e,Chris Byrne,https://pi.tedcdn.com/r/ted-conferences-speaker-photos-production.s3.amazonaws.com/2u92d3w97vny7vh74qngfh2sb31a?w=255
6a034c24b9e30957c4388b8d,Naoko Ishii,https://pi.tedcdn.com/r/pe.tedcdn.com/images/ted/16137d147b5c20dd072d7e30ab88d3c5a4002d9c_254x191.jpg?w=255
6a034c2435bf06475c27b0a9,Touria El Glaoui,https://pi.tedcdn.com/r/pe.tedcdn.com/images/ted/5032a7b9fc0db52f5cea40aec2bf4851b6e50588_254x191.jpg?w=255
6a034c24b9e30957c4388ba4,Sheryl WuDunn,https://pi.tedcdn.com/r/pe.tedcdn.com/images/ted/191558_254x191.jpg?w=255
6a034c2435bf06475c27ae77,"Elizabeth ""Zibi"" Turtle",https://tedblade-public-assets.s3.us-east-1.amazonaws.com/default-avatar.jpg
6a034c2437e0c30f44bd1cb7,Beth Ford,https://pi.tedcdn.com/r/pe.tedcdn.com/images/ted/93b3def6d08277a8d07159030afaadecb6a65fbb_254x191.jpg?w=255
6a034c24d4881847be4b509a,Cameron Sinclair,https://pi.tedcdn.com/r/pe.tedcdn.com/images/ted/1319_254x191.jpg?w=255
6a034c2435bf06475c27aeae,Marcel Dicke,https://pi.tedcdn.com/r/pe.tedcdn.com/images/ted/b7bc482a93d07e39dffdf0031d3f47d29594d8e5_254x191.jpg?w=255
6a034c2437e0c30f44bd1cce,Dropbox,https://tedblade-public-assets.s3.us-east-1.amazonaws.com/default-avatar.jpg
6a034c24d4881847be4b50ae,Christina Wallace,https://pi.tedcdn.com/r/pe.tedcdn.com/images/ted/cc1d91e6cca260071ebd3f97c497e95a4a67eec3_254x191.jpg?w=255
6a034c2437e0c30f44bd1cd5,Gary Marcus,https://pi.tedcdn.com/r/ted-conferences-speaker-photos-production.s3.amazonaws.com/0iol21oj4dg4mpwi7wupy7wj6uro?w=255
6a034c2435bf06475c27af5b,Helder Guimarães,https://pi.tedcdn.com/r/pe.tedcdn.com/images/ted/94a270825a02f8d73cfb8b8f610ac21921ec1d1f_254x191.jpg?w=255
6a034c24d4881847be4b50d2,Jack Choi,https://pi.tedcdn.com/r/pe.tedcdn.com/images/ted/4eb8ebfa19db83598256640aa59751238a0bfe3e_254x191.jpg?w=255
6a034c2437e0c30f44bd1ce6,Jane Poynter,https://pi.tedcdn.com/r/pe.tedcdn.com/images/ted/95996_254x191.jpg?w=255
6a034c2435bf06475c27af6e,John O'Donnell,https://tedblade-public-assets.s3.us-east-1.amazonaws.com/default-avatar.jpg
6a034c24d4881847be4b512e,Rahaf Harfoush,https://pi.tedcdn.com/r/pe.tedcdn.com/images/ted/e320e09563553271e2d51fad6296f55193a0f513_254x191.jpg?w=255
6a034c2437e0c30f44bd1d0c,Paddy Ashdown,https://pi.tedcdn.com/r/pe.tedcdn.com/images/ted/f173bfa921b97fe3084e31873563ec1b4547cead_254x191.jpg?w=255
6a034c2435bf06475c27af74,Joseph Goffman,https://tedblade-public-assets.s3.us-east-1.amazonaws.com/default-avatar.jpg
6a034c24d4881847be4b516b,Will Potter,https://pi.tedcdn.com/r/pe.tedcdn.com/images/ted/218dd9ec61e889a18807ad40cf1a2d52a2b72e9b_254x191.jpg?w=255
6a034c2435bf06475c27ae60,Barbara Sherman,https://tedblade-public-assets.s3.us-east-1.amazonaws.com/default-avatar.jpg
6a034c2437e0c30f44bd1d80,Kaki King,https://pi.tedcdn.com/r/pe.tedcdn.com/images/ted/26ebfa5487287e02347d41d4f4b55e61968d5f96_254x191.jpg?w=255
6a034c2435bf06475c27af85,Katie Bouman,https://pi.tedcdn.com/r/pe.tedcdn.com/images/ted/c237fc79f6312773c8b1b80cad3b82d93bbfddd5_254x191.jpg?w=255
6a034c24d4881847be4b516c,Paige Alexander,https://pi.tedcdn.com/r/ted-conferences-speaker-photos-production.s3.amazonaws.com/o7y9atvzr39sijcfpciupbx879nw?w=255
6a034c2437e0c30f44bd1e45,John O'Leary,https://tedblade-public-assets.s3.us-east-1.amazonaws.com/default-avatar.jpg
6a034c2435bf06475c27afb5,Peggy McIntosh,https://tedblade-public-assets.s3.us-east-1.amazonaws.com/default-avatar.jpg
6a034c24d4881847be4b51d1,Kaeli Swift,https://pi.tedcdn.com/r/pe.tedcdn.com/images/ted/1099c09d380dcd9abc18f8d79a02b3e413c02742_254x191.jpg?w=255
6a034c2435bf06475c27ae6a,Channing Gerard Joseph,https://pi.tedcdn.com/r/ted-conferences-speaker-photos-production.s3.amazonaws.com/1ttikswfwhhzf5ymtpem72l6bmym?w=255
6a034c2435bf06475c27ae78,Elizabeth Diller,https://pi.tedcdn.com/r/pe.tedcdn.com/images/ted/3818a88372012efd0acca0cffb456ac33e162c3a_254x191.jpg?w=255
6a034c2435bf06475c27b04c,Jan Stejskal,https://tedblade-public-assets.s3.us-east-1.amazonaws.com/default-avatar.jpg
6a034c2437e0c30f44bd1e4a,Jonas Gahr Støre,https://tedblade-public-assets.s3.us-east-1.amazonaws.com/default-avatar.jpg
6a034c24d4881847be4b520c,Stuart Russell,https://pi.tedcdn.com/r/pe.tedcdn.com/images/ted/c70182ad49a7fbdc0e27ff446850c8bdeac468b1_254x191.jpg?w=255
6a034c2435bf06475c27aecf,Sasha Luccioni,https://pi.tedcdn.com/r/ted-conferences-speaker-photos-production.s3.amazonaws.com/hslvdq28njanm62vr090n7jicm8v?w=255
6a034c2435bf06475c27ae86,Hayley Yeates,https://tedblade-public-assets.s3.us-east-1.amazonaws.com/default-avatar.jpg
6a034c2437e0c30f44bd1e58,Karen Willcox,https://pi.tedcdn.com/r/ted-conferences-speaker-photos-production.s3.amazonaws.com/6vyuuij5col9fwszy25p9bpyb9y2?w=255
6a034c24d4881847be4b5228,Baba Shiv,https://pi.tedcdn.com/r/pe.tedcdn.com/images/ted/5114a7928dafa994aafd43f7f776b789b2bb3ecc_254x191.jpg?w=255
6a034c2435bf06475c27aed6,Tommy McCall,https://pi.tedcdn.com/r/pe.tedcdn.com/images/ted/19cf5e4afe93ae155201d4ba7be96a1704704bfc_254x191.jpg?w=255
6a034c2437e0c30f44bd1cb0,Ann Cooper,https://pi.tedcdn.com/r/pe.tedcdn.com/images/ted/82829_254x191.jpg?w=255
6a034c2437e0c30f44bd1e62,Marina Abramović,https://pi.tedcdn.com/r/pe.tedcdn.com/images/ted/1c54aef09c8e06a3c222d60d0543e001a19258cc_254x191.jpg?w=255
6a034c24d4881847be4b523f,Federica Bianco,https://pi.tedcdn.com/r/pe.tedcdn.com/images/ted/eee1b0f9ef4055fabfc099cfbf2707ac6aa8444e_254x191.jpg?w=255
6a034c2435bf06475c27aef0,Andrew McDonald,https://tedblade-public-assets.s3.us-east-1.amazonaws.com/default-avatar.jpg
6a034c2437e0c30f44bd1cbb,Carl Honoré,https://pi.tedcdn.com/r/pe.tedcdn.com/images/ted/fa0b1a71f62f5fa3d520ac5e0544d78e54faaab8_254x191.jpg?w=255
6a034c2435bf06475c27aefa,Brooke Bennett,https://tedblade-public-assets.s3.us-east-1.amazonaws.com/default-avatar.jpg
6a034c24d4881847be4b524c,James Forbes,https://pi.tedcdn.com/r/pe.tedcdn.com/images/ted/5bc981a21eea2c456d9b2fd23c9aa02fcb136dbb_254x191.jpg?w=255
6a034c2437e0c30f44bd1e63,Maruša Brada,https://tedblade-public-assets.s3.us-east-1.amazonaws.com/default-avatar.jpg
6a034c2437e0c30f44bd1cd1,Eva Zeisel,https://pi.tedcdn.com/r/pe.tedcdn.com/images/ted/61597_254x191.jpg?w=255
6a034c2435bf06475c27aeaf,Marcos Salazar,https://pi.tedcdn.com/r/ted-conferences-speaker-photos-production.s3.amazonaws.com/56rn5uirdauycob1doz0r5irp7au?w=255
6a034c2435bf06475c27af1d,David Birch,https://pi.tedcdn.com/r/pe.tedcdn.com/images/ted/6926f5ab911f3a046d62a973553e23993ecc861e_254x191.jpg?w=255
6a034c24d4881847be4b527f,Nora York,https://pi.tedcdn.com/r/pe.tedcdn.com/images/ted/1344_253x190.jpg?w=255
6a034c2437e0c30f44bd1e93,Mike Cannon-Brookes,https://pi.tedcdn.com/r/pe.tedcdn.com/images/ted/eab8e6815627d7aa4d1a9538c042c549f63a523b_254x191.jpg?w=255
6a034c2437e0c30f44bd1ce7,Jasmine Cho,https://tedblade-public-assets.s3.us-east-1.amazonaws.com/default-avatar.jpg
6a034c24da446a102707f3c1,Eileen Isagon Skyers,https://pi.tedcdn.com/r/ted-conferences-speaker-photos-production.s3.amazonaws.com/c622ogbcerxdrmakq5jb1adjk1k5?w=255
6a034c2435bf06475c27af64,Jared Kleinert,https://tedblade-public-assets.s3.us-east-1.amazonaws.com/default-avatar.jpg
6a034c2435bf06475c27aee6,Alanna Shaikh,https://pi.tedcdn.com/r/pe.tedcdn.com/images/ted/c33983a93df199e7cac40e4acbe8e1011e9463d2_254x191.jpg?w=255
6a034c2437e0c30f44bd1ea4,Patrick Forth,https://tedblade-public-assets.s3.us-east-1.amazonaws.com/default-avatar.jpg
6a034c2437e0c30f44bd1d02,Megan Reitz,https://pi.tedcdn.com/r/ted-conferences-speaker-photos-production.s3.amazonaws.com/k2ez8abqudfshwoo3f60wagj2he4?w=255
6a034c24da446a102707f414,Chanda Prescod-Weinstein,https://pi.tedcdn.com/r/ted-conferences-speaker-photos-production.s3.amazonaws.com/wc3ma1xqegnw5u6t5bvkiep1gywq?w=255
6a034c2435bf06475c27af26,Crystal Rasmussen,https://pi.tedcdn.com/r/pe.tedcdn.com/images/ted/357890b1808ac3890783339d7ca56a9b017ec586_254x191.jpg?w=255
6a034c2437e0c30f44bd1ea6,Paul Franklin,https://tedblade-public-assets.s3.us-east-1.amazonaws.com/default-avatar.jpg
6a034c2435bf06475c27afb7,Mike Merrill,https://tedblade-public-assets.s3.us-east-1.amazonaws.com/default-avatar.jpg
6a034c2437e0c30f44bd1d7c,Josephine Eyre,https://tedblade-public-assets.s3.us-east-1.amazonaws.com/default-avatar.jpg
6a034c24da446a102707f454,His Holiness the Karmapa,https://tedblade-public-assets.s3.us-east-1.amazonaws.com/default-avatar.jpg
6a034c2437e0c30f44bd1eae,Randy Pausch,https://pi.tedcdn.com/r/pe.tedcdn.com/images/ted/140397_254x191.jpg?w=255
6a034c2435bf06475c27af57,Hamdi Ulukaya,https://pi.tedcdn.com/r/pe.tedcdn.com/images/ted/c207d7ef791ed9c5746b0a475fb164de94626530_254x191.jpg?w=255
6a034c2435bf06475c27afcb,Samantha Agoos,https://tedblade-public-assets.s3.us-east-1.amazonaws.com/default-avatar.jpg
6a034c2437e0c30f44bd1d88,Lauren Senior,https://tedblade-public-assets.s3.us-east-1.amazonaws.com/default-avatar.jpg
6a034c24da446a102707f496,Aparna Nancherla,https://pi.tedcdn.com/r/pe.tedcdn.com/images/ted/8ccf44bff41e5f66623e46e91969fbf489b89d40_254x191.jpg?w=255
6a034c2437e0c30f44bd1edf,Siddharthan Chandran,https://pi.tedcdn.com/r/pe.tedcdn.com/images/ted/8aeab0f4d32170291aed751f24936b8b27ea124e_254x191.jpg?w=255
6a034c2437e0c30f44bd1d8f,Lucas Raspall,https://tedblade-public-assets.s3.us-east-1.amazonaws.com/default-avatar.jpg
6a034c2435bf06475c27af5a,Jackson Browne,https://tedblade-public-assets.s3.us-east-1.amazonaws.com/default-avatar.jpg
6a034c2435bf06475c27aff6,Teresa Bejan,https://pi.tedcdn.com/r/pe.tedcdn.com/images/ted/0264925dfcf8f7d7e11b286766d9f38f7340f017_254x191.jpg?w=255
6a034c24da446a102707f4ae,Penelope Boston,https://pi.tedcdn.com/r/pe.tedcdn.com/images/ted/63011_254x191.jpg?w=255
6a034c2437e0c30f44bd1eea,Thomas Lloyd,https://tedblade-public-assets.s3.us-east-1.amazonaws.com/default-avatar.jpg
6a034c2437e0c30f44bd1dee,Christopher Danielson,https://tedblade-public-assets.s3.us-east-1.amazonaws.com/default-avatar.jpg
6a034c2435bf06475c27af67,Isadora Kosofsky,https://pi.tedcdn.com/r/pe.tedcdn.com/images/ted/39c643709e474cfda8cb6553daf0ab40758c148d_254x191.jpg?w=255
6a034c24da446a102707f4f0,Jason Keam,https://tedblade-public-assets.s3.us-east-1.amazonaws.com/default-avatar.jpg
6a034c2437e0c30f44bd1e6f,Monica Johnson,https://tedblade-public-assets.s3.us-east-1.amazonaws.com/default-avatar.jpg
6a034c245e700263ec4ad220,Jimmy Wales,https://pi.tedcdn.com/r/pe.tedcdn.com/images/ted/1332_253x190.jpg?w=255
6a034c2435bf06475c27af7c,Juliet Schor,https://pi.tedcdn.com/r/ted-conferences-speaker-photos-production.s3.amazonaws.com/afvmd8pdhuv6n12tqehyc2pv1u0o?w=255
6a034c2437e0c30f44bd1e90,Reeps One,https://tedblade-public-assets.s3.us-east-1.amazonaws.com/default-avatar.jpg
6a034c24da446a102707f50b,Zohreh Davoudi,https://tedblade-public-assets.s3.us-east-1.amazonaws.com/default-avatar.jpg
6a034c245e700263ec4ad238,Madison McFerrin,https://pi.tedcdn.com/r/pe.tedcdn.com/images/ted/ad85d072a01ce2e2682a29ee8a7b28b6795834de_254x191.jpg?w=255
6a034c2435bf06475c27af8d,Leon Marchal,https://pi.tedcdn.com/r/pe.tedcdn.com/images/ted/b9bd6fbdb1d852cb9e2a5fed64dba67d34deca07_254x191.jpg?w=255
6a034c2437e0c30f44bd1e91,Michelle Kuo,https://pi.tedcdn.com/r/pe.tedcdn.com/images/ted/2b726bc2927f9ce06ff43ddafc67dab2c9779f00_254x191.jpg?w=255
6a034c24da446a102707f51e,Martin J. Eppler,https://tedblade-public-assets.s3.us-east-1.amazonaws.com/default-avatar.jpg
6a034c2435bf06475c27af91,Loretta J. Ross,https://tedblade-public-assets.s3.us-east-1.amazonaws.com/default-avatar.jpg
6a034c2437e0c30f44bd1ea8,Peggy Chan,https://tedblade-public-assets.s3.us-east-1.amazonaws.com/default-avatar.jpg
6a034c24da446a102707f59f,George Whitesides,https://pi.tedcdn.com/r/pe.tedcdn.com/images/ted/146430_254x191.jpg?w=255
6a034c2435bf06475c27afc5,Ryan Pfluger,https://tedblade-public-assets.s3.us-east-1.amazonaws.com/default-avatar.jpg
6a034c2437e0c30f44bd1eb0,Ray Dalio,https://pi.tedcdn.com/r/pe.tedcdn.com/images/ted/4a9d58b90b37ed0a03e629dd07b3e6ec34f5289a_254x191.jpg?w=255
6a034c24da446a102707f5bd,Kim Gorgens,https://pi.tedcdn.com/r/pe.tedcdn.com/images/ted/6f9ff299dc80157b89ac1deb3e7ec19a87ad2ab3_254x191.jpg?w=255
6a034c2435bf06475c27afcd,Paula Stone Williams,https://pi.tedcdn.com/r/ted-conferences-speaker-photos-production.s3.amazonaws.com/nrutxaapr22lzhaguowx6ptz4x1z?w=255
6a034c2435bf06475c27b031,Diane Knutson,https://tedblade-public-assets.s3.us-east-1.amazonaws.com/default-avatar.jpg
6a034c245e700263ec4ad24c,Peter Biddle,https://tedblade-public-assets.s3.us-east-1.amazonaws.com/default-avatar.jpg
6a034c2437e0c30f44bd1ec9,Wendy Chung,https://pi.tedcdn.com/r/pe.tedcdn.com/images/ted/74be7bb8f0f8c168675bd7d423a6b8a206368f8f_254x191.jpg?w=255
6a034c2435bf06475c27b008, Flor de Toloache,https://pi.tedcdn.com/r/pe.tedcdn.com/images/ted/1d7f2fbc3ac4cfe4b32f9f9a89e664213b2f9983_254x191.jpg?w=255
6a034c24da446a102707f5f9,Shalini Unnikrishnan,https://tedblade-public-assets.s3.us-east-1.amazonaws.com/default-avatar.jpg
6a034c245e700263ec4ad260,Tilak Mandadi,https://pi.tedcdn.com/r/pe.tedcdn.com/images/ted/e76603c1a286500f971ec538791b1141969a8cfb_254x191.jpg?w=255
6a034c245e700263ec4ad208,Farhad Mohit,https://pi.tedcdn.com/r/ted-conferences-speaker-photos-production.s3.amazonaws.com/x7ewgaef3mcxeq35jjha09ia9x7p?w=255
6a034c2435bf06475c27b041,Fehinti Balogun,https://pi.tedcdn.com/r/ted-conferences-speaker-photos-production.s3.amazonaws.com/hcjy5dk3s620v21n6n16siltreww?w=255
6a034c2435bf06475c27b018,Bill Strickland,https://pi.tedcdn.com/r/pe.tedcdn.com/images/ted/25108_254x191.jpg?w=255
6a034c24da446a102707f605,Tina Seelig,https://pi.tedcdn.com/r/pe.tedcdn.com/images/ted/72ccd20ef2573b652b71f5d4850361457344d0d2_254x191.jpg?w=255
6a034c245e700263ec4ad269,Alice Dreger,https://pi.tedcdn.com/r/pe.tedcdn.com/images/ted/4a1177f8e95f4a11c6c9b002ab5f747ca70ec98d_254x191.jpg?w=255
6a034c245e700263ec4ad28f,Anna Rothschild,https://pi.tedcdn.com/r/pe.tedcdn.com/images/ted/fa3d04b956b1e96a195816d1bd332b7f5d258063_254x191.jpg?w=255
6a034c2435bf06475c27ae56,Alice Gorman,https://tedblade-public-assets.s3.us-east-1.amazonaws.com/default-avatar.jpg
6a034c2435bf06475c27b045,Heidi Boisvert,https://pi.tedcdn.com/r/pe.tedcdn.com/images/ted/1cb8f440160cc0ec1eacb63ef188e8500be3f538_254x191.jpg?w=255
6a034c2435bf06475c27b01c,Carmen Jiménez Borja,https://tedblade-public-assets.s3.us-east-1.amazonaws.com/default-avatar.jpg
6a034c245e700263ec4ad2b2,David Heymann,https://pi.tedcdn.com/r/pe.tedcdn.com/images/ted/f68df18bba47824667ef4d1158f9ef4e7cb8bf87_254x191.jpg?w=255
6a034c2435bf06475c27b05d,Keith Payne,
6a034c245e700263ec4ad285,Billy Collins,https://pi.tedcdn.com/r/pe.tedcdn.com/images/ted/9722916d89604c400a3a965611f8763548afce4c_254x191.jpg?w=255
6a034c2435bf06475c27ae59,Angela Francis,https://pi.tedcdn.com/r/pe.tedcdn.com/images/ted/8013bca40577e66108efb41cafd9a4d34b7560db_254x191.jpg?w=255
6a034c2435bf06475c27b04e,Janet Stovall,https://pi.tedcdn.com/r/pe.tedcdn.com/images/ted/c6bcf1b416dc6d8b6b0cf79e65554210a7e425ad_254x191.jpg?w=255
6a034c245e700263ec4ad2dc,James Rhee,https://pi.tedcdn.com/r/pe.tedcdn.com/images/ted/0e09b3c60d6f1239cf0e9216c02c123f18ee0491_254x191.jpg?w=255
6a034c2435bf06475c27b064,Leana Wen,https://pi.tedcdn.com/r/pe.tedcdn.com/images/ted/03d984ffbf2460fd90b3a8325d38800dd2e2cba5_254x191.jpg?w=255
6a034c2435bf06475c27aec1,Rabbi Lord Jonathan Sacks,https://pi.tedcdn.com/r/pe.tedcdn.com/images/ted/67a37b01205c6f1e93abcf6479aecc4cc258213b_254x191.jpg?w=255
6a034c245e700263ec4ad298,Cassie Flynn,https://tedblade-public-assets.s3.us-east-1.amazonaws.com/default-avatar.jpg
6a034c2435bf06475c27b051,Jason Jay,https://tedblade-public-assets.s3.us-east-1.amazonaws.com/default-avatar.jpg
6a034c245e700263ec4ad2dd,Hannah Fry,https://pi.tedcdn.com/r/pe.tedcdn.com/images/ted/c50c8126e9016d1b64638aaf3dc2ee184392349a_254x191.jpg?w=255
6a034c2437e0c30f44bd1cbf,D-L Stewart,https://pi.tedcdn.com/r/pe.tedcdn.com/images/ted/373de664712e7769b990ce62595049bf4405eaff_254x191.jpg?w=255
6a034c2435bf06475c27aefe,Arash Shadman,https://tedblade-public-assets.s3.us-east-1.amazonaws.com/default-avatar.jpg
6a034c2435bf06475c27b076,Nancy N. Chen,https://tedblade-public-assets.s3.us-east-1.amazonaws.com/default-avatar.jpg
6a034c245e700263ec4ad2a3,Chris Hadfield,https://pi.tedcdn.com/r/pe.tedcdn.com/images/ted/cab65626d4f66e0c770050080193ded54a562838_254x191.jpg?w=255
6a034c245e700263ec4ad305,Kevin Surace,https://pi.tedcdn.com/r/pe.tedcdn.com/images/ted/95277_254x191.jpg?w=255
6a034c2437e0c30f44bd1d0d,Patrice Thompson,https://tedblade-public-assets.s3.us-east-1.amazonaws.com/default-avatar.jpg
6a034c2435bf06475c27b097,Shimpei Takahashi,https://pi.tedcdn.com/r/pe.tedcdn.com/images/ted/5fa040ed32b6ba80449484ac229ee467af5a9586_254x191.jpg?w=255
6a034c24da446a102707f608,Veronica Barassi,https://pi.tedcdn.com/r/pe.tedcdn.com/images/ted/813f23a556bd9fe7c143ffb268cbbda8da852d90_254x191.jpg?w=255
6a034c245e700263ec4ad2af,David Titley,https://pi.tedcdn.com/r/pe.tedcdn.com/images/ted/4652189c64729a735214a8fe69c5b464969389bc_254x191.jpg?w=255
6a034c245e700263ec4ad33e,Nic Marks,https://pi.tedcdn.com/r/pe.tedcdn.com/images/ted/194326_254x191.jpg?w=255
6a034c2435bf06475c27af09,Clay Shirky,https://pi.tedcdn.com/r/pe.tedcdn.com/images/ted/48286_254x191.jpg?w=255
6a034c2437e0c30f44bd1d19,Sandeep Jauhar,https://pi.tedcdn.com/r/pe.tedcdn.com/images/ted/22ccf35c3f67f27746afcca522cab10273a30ced_254x191.jpg?w=255
6a034c2435bf06475c27b09b,Stella Young,https://pi.tedcdn.com/r/pe.tedcdn.com/images/ted/18acf684cea9b4e94b0a1fefccce255c0a88cba1_254x191.jpg?w=255
6a034c245e700263ec4ad2c4,Ellen Trachman,https://pi.tedcdn.com/r/ted-conferences-speaker-photos-production.s3.amazonaws.com/f2ecs1aoe29hkuki1dkql9cpigh1?w=255
6a034c2437e0c30f44bd1cc1,Dan Reisel,https://tedblade-public-assets.s3.us-east-1.amazonaws.com/default-avatar.jpg
6a034c2437e0c30f44bd1d32,Will MacAskill,https://pi.tedcdn.com/r/pe.tedcdn.com/images/ted/394ba037710b7da65f970881fb11a6684b897973_254x191.jpg?w=255
6a034c25b4b11d1a48586191,Anne Milgram,https://pi.tedcdn.com/r/pe.tedcdn.com/images/ted/fb0d5bff1f9d201f0882fd7fe12b152e6197ecf3_254x191.jpg?w=255
6a034c2437e0c30f44bd1d43,Belinda Stutzman,https://tedblade-public-assets.s3.us-east-1.amazonaws.com/default-avatar.jpg
6a034c245e700263ec4ad2ca,Eric Whitacre,https://pi.tedcdn.com/r/pe.tedcdn.com/images/ted/164507_254x191.jpg?w=255
6a034c2437e0c30f44bd1cef,John Bidden,https://tedblade-public-assets.s3.us-east-1.amazonaws.com/default-avatar.jpg
6a034c25b4b11d1a485861c8,Blinky Bill,https://tedblade-public-assets.s3.us-east-1.amazonaws.com/default-avatar.jpg
6a034c245e700263ec4ad346,Ofer Levy,https://pi.tedcdn.com/r/pe.tedcdn.com/images/ted/4e4733549de9af49c72de15adb073f64fa25152b_254x191.jpg?w=255
6a034c2437e0c30f44bd1dc1,Anna Deavere Smith,https://pi.tedcdn.com/r/pe.tedcdn.com/images/ted/1fedcb774749e64ae621544688d8d2116a0e2f93_254x191.jpg?w=255
6a034c245e700263ec4ad2e1,Herminia Ibarra,https://tedblade-public-assets.s3.us-east-1.amazonaws.com/default-avatar.jpg
6a034c2437e0c30f44bd1d03,Meryam Sugulle,https://pi.tedcdn.com/r/ted-conferences-speaker-photos-production.s3.amazonaws.com/r8yf56zuniyisb5qzrfpfh4euzt0?w=255
6a034c245e700263ec4ad35f,Renzo Piano,https://pi.tedcdn.com/r/pe.tedcdn.com/images/ted/933df6d4861499ba880dc197f966e9b3c9419417_254x191.jpg?w=255
6a034c25b4b11d1a48586239,Rutger Bregman,https://pi.tedcdn.com/r/pe.tedcdn.com/images/ted/7a301c477592dabe9343b1c995b7c3fd284556fe_254x191.jpg?w=255
6a034c245e700263ec4ad30c,Kostas Karpouzis,https://tedblade-public-assets.s3.us-east-1.amazonaws.com/default-avatar.jpg
6a034c2437e0c30f44bd1dda,Brian Kateman,https://tedblade-public-assets.s3.us-east-1.amazonaws.com/default-avatar.jpg
6a034c2437e0c30f44bd1d44,Benoit Mandelbrot,https://pi.tedcdn.com/r/pe.tedcdn.com/images/ted/181885_254x191.jpg?w=255
6a034c245e700263ec4ad36d,Saket Soni,https://pi.tedcdn.com/r/ted-conferences-speaker-photos-production.s3.amazonaws.com/43r106b1zdryuquwcf2568rlrtk5?w=255
6a034c25b4b11d1a48586245,Shivani Siroya,https://pi.tedcdn.com/r/pe.tedcdn.com/images/ted/068ceafddeb2305028ed58bb131235e2ad4f588f_254x191.jpg?w=255
6a034c2437e0c30f44bd1ded,Deanna Van Buren,https://pi.tedcdn.com/r/pe.tedcdn.com/images/ted/ee9e5f31d056dfd91cb3f58ae60ed037628e9da8_254x191.jpg?w=255
6a034c245e700263ec4ad335,Morgan Spurlock,https://pi.tedcdn.com/r/pe.tedcdn.com/images/ted/83ee9347031ca1fb5b827f27c8f5ef65887788f5_254x191.jpg?w=255
6a034c2437e0c30f44bd1d4a,Cameron Russell,https://pi.tedcdn.com/r/pe.tedcdn.com/images/ted/bbf83fe7540cd1fe489a568bcee5b794d3921637_254x191.jpg?w=255
6a034c245e700263ec4ad3a0,Akshita Agarwal,https://tedblade-public-assets.s3.us-east-1.amazonaws.com/default-avatar.jpg
6a034c25b4b11d1a4858624a,Kelly Richmond Pope,https://pi.tedcdn.com/r/pe.tedcdn.com/images/ted/0a5efa38930144f658a2726fb0d92301b5202914_254x191.jpg?w=255
6a034c2437e0c30f44bd1e1f,Homaro Cantu + Ben Roche,https://tedblade-public-assets.s3.us-east-1.amazonaws.com/default-avatar.jpg
6a034c245e700263ec4ad35d,Rebecca Saxe,https://pi.tedcdn.com/r/pe.tedcdn.com/images/ted/114618_254x191.jpg?w=255
6a034c245e700263ec4ad3ed,Mohamed Aburawi,https://pi.tedcdn.com/r/ted-conferences-speaker-photos-production.s3.amazonaws.com/so9v4ty4ghjp4pnok27ryhxzhhrt?w=255
6a034c2437e0c30f44bd1d56,David Blaine,https://pi.tedcdn.com/r/pe.tedcdn.com/images/ted/e87eddb4a4e2fab20019b380800da0841f14a043_254x191.jpg?w=255
6a034c25b4b11d1a4858624e,Knut Ivar Bjørlykhaug,https://tedblade-public-assets.s3.us-east-1.amazonaws.com/default-avatar.jpg
6a034c2437e0c30f44bd1e2a,Grace Kim,https://pi.tedcdn.com/r/pe.tedcdn.com/images/ted/b36a6bc4bddc29ff3a8d18cf1c8987649d8e2831_254x191.jpg?w=255
6a034c25b4b11d1a48586253,Luke M. Jacobus,https://tedblade-public-assets.s3.us-east-1.amazonaws.com/default-avatar.jpg
6a034c245e700263ec4ad409,Sarah Jones,https://pi.tedcdn.com/r/ted-conferences-speaker-photos-production.s3.amazonaws.com/6390mqwxswz1ahxkjbhseh9mxl2u?w=255
6a034c2435bf06475c27af1f,David Byrne,https://pi.tedcdn.com/r/pe.tedcdn.com/images/ted/176930_254x191.jpg?w=255
6a034c2437e0c30f44bd1d82,Keller Rinaudo Cliffton,https://tedblade-public-assets.s3.us-east-1.amazonaws.com/default-avatar.jpg
6a034c245e700263ec4ad412,Thomas L. Dawson,https://tedblade-public-assets.s3.us-east-1.amazonaws.com/default-avatar.jpg
6a034c2435bf06475c27af2f,Doug Roble,https://pi.tedcdn.com/r/pe.tedcdn.com/images/ted/3b51f5a69c9f7e028e1b6ee725a409a07623da3c_254x191.jpg?w=255
6a034c2437e0c30f44bd1da8,Abhishek Gopalka,https://pi.tedcdn.com/r/pe.tedcdn.com/images/ted/07f2c8ce683a4ba73e0316853610f421cae08c72_254x191.jpg?w=255
6a034c24658f0b3b67d4a2b7,Amanda Palmer,https://pi.tedcdn.com/r/pe.tedcdn.com/images/ted/b3036577582bbdb2f2d0883d58002e4c05020742_254x191.jpg?w=255
6a034c2435bf06475c27af59,Harald Eia,https://tedblade-public-assets.s3.us-east-1.amazonaws.com/default-avatar.jpg
6a034c2437e0c30f44bd1dbb,Andrea Vilallonga,https://tedblade-public-assets.s3.us-east-1.amazonaws.com/default-avatar.jpg
6a034c24658f0b3b67d4a2d1,Danae Wolfe,https://tedblade-public-assets.s3.us-east-1.amazonaws.com/default-avatar.jpg
6a034c2437e0c30f44bd1e35,Jane Zelikova,https://pi.tedcdn.com/r/ted-conferences-speaker-photos-production.s3.amazonaws.com/yfmz48cq4q5m01hdkienx43x6bhi?w=255
6a034c2435bf06475c27afbd,Moshe Szyf,https://pi.tedcdn.com/r/pe.tedcdn.com/images/ted/83a07798414015d9271744d9780f7a64625977e9_254x191.jpg?w=255
6a034c2437e0c30f44bd1de0,Ric Elias,https://pi.tedcdn.com/r/pe.tedcdn.com/images/ted/74ab15993b8be65e813f9d509d831fb1e63c2c44_254x191.jpg?w=255
6a034c24658f0b3b67d4a30f,Faith Osier,https://pi.tedcdn.com/r/pe.tedcdn.com/images/ted/e35a2cffc494f36d7873be8f1f5470218e71b61c_254x191.jpg?w=255
6a034c25b4b11d1a48586269,Mary Ann Sieghart,https://pi.tedcdn.com/r/ted-conferences-speaker-photos-production.s3.amazonaws.com/sagoibp3hxgon1lyhrhnt8zt5uab?w=255
6a034c2435bf06475c27afdb,Stephen Webb,https://pi.tedcdn.com/r/pe.tedcdn.com/images/ted/c3d02afa11c0f96d18c321df0b0c91bb224350d5_254x191.jpg?w=255
6a034c2437e0c30f44bd1df1,Clint Smith,https://pi.tedcdn.com/r/pe.tedcdn.com/images/ted/28c493a9a0a9b3efd577bc63abe9e0345fb8da90_254x191.jpg?w=255
6a034c2437e0c30f44bd1e5f,Katrina Spade,https://pi.tedcdn.com/r/pe.tedcdn.com/images/ted/eebb294ec081cc52c5dacba21e9d2114f1a3d490_254x191.jpg?w=255
6a034c24658f0b3b67d4a314,Chiara Decaroli,https://tedblade-public-assets.s3.us-east-1.amazonaws.com/default-avatar.jpg
6a034c25b4b11d1a48586291,Shih Chieh Huang,https://pi.tedcdn.com/r/pe.tedcdn.com/images/ted/9e20eeea5d87e1d0f97ada680428873d8692f406_254x191.jpg?w=255
6a034c2437e0c30f44bd1df5,Shane Griffin,https://tedblade-public-assets.s3.us-east-1.amazonaws.com/default-avatar.jpg
6a034c2437e0c30f44bd1e69,Meg Jay,https://pi.tedcdn.com/r/pe.tedcdn.com/images/ted/b5a9c374b99865c4639a04e8f2653d1783a99fd6_254x191.jpg?w=255
6a034c25b4b11d1a485862a0, Platon,https://pi.tedcdn.com/r/ted-conferences-speaker-photos-production.s3.amazonaws.com/3j4bq9ox649me0gq58mxf1vgpn6r?w=255
6a034c25b4b11d1a485862ba,Bandi Mbubi,https://pi.tedcdn.com/r/pe.tedcdn.com/images/ted/fac1c9617c13dc74e45048263f340ee0c5ea3a44_254x191.jpg?w=255
6a034c2437e0c30f44bd1e73,"Mwende ""FreeQuency"" Katwiwa",https://tedblade-public-assets.s3.us-east-1.amazonaws.com/default-avatar.jpg
6a034c245e700263ec4ad383,Smruti Jukur Johari,https://tedblade-public-assets.s3.us-east-1.amazonaws.com/default-avatar.jpg
6a034c25b4b11d1a485862bb,Baron Ryan,https://pi.tedcdn.com/r/ted-conferences-speaker-photos-production.s3.amazonaws.com/7x8mfofhu7l783kjz4aybak921ej?w=255
6a034c2437e0c30f44bd1ebd,Tanya Menon,https://pi.tedcdn.com/r/pe.tedcdn.com/images/ted/3b72c0745bc5ee85e525c702e07e75f6542fcde2_254x191.jpg?w=255
6a034c245e700263ec4ad38d,Vinay Shandal,https://pi.tedcdn.com/r/pe.tedcdn.com/images/ted/88f5551da6fdadb482cec911e0558845666fa42a_254x191.jpg?w=255
6a034c2437e0c30f44bd1ec0,Tolu Oyekan,https://pi.tedcdn.com/r/ted-conferences-speaker-photos-production.s3.amazonaws.com/fntik1miel6binw339ltgw2k4rdn?w=255
6a034c245e700263ec4ad3ce,Jack Andraka,https://pi.tedcdn.com/r/pe.tedcdn.com/images/ted/3be9578734d071befb90090de2ebf4173d8951a9_254x191.jpg?w=255
6a034c245e700263ec4ad1ee,Bastian Schaefer,https://pi.tedcdn.com/r/pe.tedcdn.com/images/ted/3e997bf9293cbe8e8e7b77fd80a88c33f3a97bf1_254x191.jpg?w=255
6a034c245e700263ec4ad40f,Stuart Brown,https://pi.tedcdn.com/r/pe.tedcdn.com/images/ted/77049_254x191.jpg?w=255
6a034c245e700263ec4ad1ef,Ben Goldacre,https://pi.tedcdn.com/r/pe.tedcdn.com/images/ted/db2cc6e83cfd07ab3bc29f6c74669e0e62741792_254x191.jpg?w=255
6a034c24658f0b3b67d4a2b2,Allison O'Brien,https://tedblade-public-assets.s3.us-east-1.amazonaws.com/default-avatar.jpg
6a034c245e700263ec4ad1f8,Chris Jordan,https://pi.tedcdn.com/r/pe.tedcdn.com/images/ted/95121adabfbdd2cb7333c5db5e6296ad446db13c_254x191.jpg?w=255
6a034c24658f0b3b67d4a2b9,Amber Case,https://pi.tedcdn.com/r/pe.tedcdn.com/images/ted/8b2c70dbdab9e82f125201b6544fa443647ea447_254x191.jpg?w=255
6a034c24658f0b3b67d4a323,Hu Liang,https://tedblade-public-assets.s3.us-east-1.amazonaws.com/default-avatar.jpg
6a034c25b4b11d1a485862db,Gabriel Heras,https://tedblade-public-assets.s3.us-east-1.amazonaws.com/default-avatar.jpg
6a034c245e700263ec4ad217,Irene Mora,https://tedblade-public-assets.s3.us-east-1.amazonaws.com/default-avatar.jpg
6a034c245e700263ec4ad25c,Susannah Temko,https://pi.tedcdn.com/r/pe.tedcdn.com/images/ted/c3a2ff01a5a1f96ac8c4865e5fd70a0a00a8d422_254x191.jpg?w=255
6a034c245e700263ec4ad278,Ashley Whillans,https://pi.tedcdn.com/r/ted-conferences-speaker-photos-production.s3.amazonaws.com/3q26vgzwp1jtiw9auk0tazvlto66?w=255
6a034c245e700263ec4ad292,Carol Dweck,https://pi.tedcdn.com/r/pe.tedcdn.com/images/ted/a2a1aa2e558bca0faf7ffa45be225f85bb6519d6_254x191.jpg?w=255
6a034c24658f0b3b67d4a2c0,Ashley Judd,https://pi.tedcdn.com/r/pe.tedcdn.com/images/ted/c8179befea8d4056407017d658cdc2dc75345faa_254x191.jpg?w=255
6a034c245e700263ec4ad2fc,Kasiva Mutua,https://pi.tedcdn.com/r/pe.tedcdn.com/images/ted/8374a8d56e9e1b87fd335fd560725409486d4aec_254x191.jpg?w=255
6a034c25b4b11d1a485862fd,Michel Dugon,https://pi.tedcdn.com/r/pe.tedcdn.com/images/ted/7fa0747e6a63761dc8a555ffd17594cb6547cb9f_254x191.jpg?w=255
6a034c24658f0b3b67d4a2c3,Amara Berry,https://tedblade-public-assets.s3.us-east-1.amazonaws.com/default-avatar.jpg
6a034c245e700263ec4ad307,Khadija Gbla,https://pi.tedcdn.com/r/pe.tedcdn.com/images/ted/099226417bf905584d0f0c5b5e056dce514a4ee1_254x191.jpg?w=255
6a034c24658f0b3b67d4a2d2,Antoine Gourévitch,https://pi.tedcdn.com/r/pe.tedcdn.com/images/ted/a549d761ea03750dcbd3d79860679fc14527f782_254x191.jpg?w=255
6a034c24658f0b3b67d4a35b,Jamey Stillings,https://pi.tedcdn.com/r/ted-conferences-speaker-photos-production.s3.amazonaws.com/gkv3cear1jbkz85hawg79x7qu1m9?w=255
6a034c25b4b11d1a485862fe,Julián Delgado Lopera,https://pi.tedcdn.com/r/ted-conferences-speaker-photos-production.s3.amazonaws.com/244eq6mx27i5z9hddfa8sfnfvett?w=255
6a034c24658f0b3b67d4a36a,Lori Marino,https://tedblade-public-assets.s3.us-east-1.amazonaws.com/default-avatar.jpg
6a034c25b4b11d1a48586305,iO Tillett Wright,https://pi.tedcdn.com/r/pe.tedcdn.com/images/ted/57a9a5dd1325e87acdd7b1bba48ce5d44f5924be_254x191.jpg?w=255
6a034c24658f0b3b67d4a37c,Kathy Hull,https://pi.tedcdn.com/r/pe.tedcdn.com/images/ted/8f5f867f13fc947006b8b552f4825c622855f5d7_254x191.jpg?w=255
6a034c24658f0b3b67d4a3aa,Richard Reeves,https://tedblade-public-assets.s3.us-east-1.amazonaws.com/default-avatar.jpg
6a034c25b4b11d1a4858630a,Eric Yuan,https://tedblade-public-assets.s3.us-east-1.amazonaws.com/default-avatar.jpg
6a034c25b4b11d1a48586328,Martin Seligman,https://pi.tedcdn.com/r/pe.tedcdn.com/images/ted/a866d96f6de1beb09306e7bf6160051e5c4eca12_254x191.jpg?w=255
6a034c24658f0b3b67d4a41e,Tabetha Boyajian,https://pi.tedcdn.com/r/pe.tedcdn.com/images/ted/0e71f48e9fab0579be76db127b83c3fdcbe509a7_254x191.jpg?w=255
6a034c25b4b11d1a48586331,Milton Glaser,https://pi.tedcdn.com/r/pe.tedcdn.com/images/ted/71414_254x191.jpg?w=255
6a034c24658f0b3b67d4a425,Thula Simpson,https://tedblade-public-assets.s3.us-east-1.amazonaws.com/default-avatar.jpg
6a034c25b4b11d1a48586340,Paul Rothemund,https://pi.tedcdn.com/r/pe.tedcdn.com/images/ted/18330_254x191.jpg?w=255
6a034c25b4b11d1a48586367,Christy L. Haynes,https://tedblade-public-assets.s3.us-east-1.amazonaws.com/default-avatar.jpg
6a034c2435bf06475c27afe1,Romulus Whitaker,https://pi.tedcdn.com/r/pe.tedcdn.com/images/ted/139929_254x191.jpg?w=255
6a034c25b4b11d1a4858637a,Tom Hulme,https://pi.tedcdn.com/r/pe.tedcdn.com/images/ted/d2e3cd78373b9ebad338ec9e0237cf0086b79905_254x191.jpg?w=255
6a034c2435bf06475c27aff4,Tristram Wyatt,https://pi.tedcdn.com/r/pe.tedcdn.com/images/ted/e2fe455d6f1b88fb8bc7fbc51991d87ecfd1e658_254x191.jpg?w=255
6a034c25b4b11d1a4858638c,Lucy Kalanithi,https://pi.tedcdn.com/r/pe.tedcdn.com/images/ted/e928b186829b9f067d5f5ac0ad26c3913a6a65ea_254x191.jpg?w=255
6a034c24658f0b3b67d4a460,Snow Raven,https://pi.tedcdn.com/r/ted-conferences-speaker-photos-production.s3.amazonaws.com/2v84yde6fip5qptjmc30gvyyfgbt?w=255
6a034c2437e0c30f44bd1e01,Shu Matsuo Post,https://pi.tedcdn.com/r/pe.tedcdn.com/images/ted/24bd55954f590c76c00d61ec327d1171802167ab_254x191.jpg?w=255
6a034c2435bf06475c27b01a,Breeanna Elliott,https://tedblade-public-assets.s3.us-east-1.amazonaws.com/default-avatar.jpg
6a034c24658f0b3b67d4a465,Stephanie Sardelis,https://tedblade-public-assets.s3.us-east-1.amazonaws.com/default-avatar.jpg
6a034c2437e0c30f44bd1e07,Sixto Cancel,https://pi.tedcdn.com/r/ted-conferences-speaker-photos-production.s3.amazonaws.com/5ndchl0wmv1cwa2dnk4z2cc9ofqg?w=255
6a034c2435bf06475c27b046,Irina Karamanos Adrian,https://pi.tedcdn.com/r/ted-conferences-speaker-photos-production.s3.amazonaws.com/54rpbb58nfhch8vme3vvrjphygty?w=255
6a034c245e700263ec4ad32b,Matthew Winkler,https://tedblade-public-assets.s3.us-east-1.amazonaws.com/default-avatar.jpg
6a034c24658f0b3b67d4a46b,Brian Dettmer,https://pi.tedcdn.com/r/pe.tedcdn.com/images/ted/7d5604aa909a8ab41cd72139a1b7017db64bdd93_254x191.jpg?w=255
6a034c2437e0c30f44bd1e40,Jeffrey Brown,https://tedblade-public-assets.s3.us-east-1.amazonaws.com/default-avatar.jpg
6a034c2435bf06475c27b056,Joseph Lekuton,https://pi.tedcdn.com/r/pe.tedcdn.com/images/ted/32127_254x191.jpg?w=255
6a034c24658f0b3b67d4a47c,Christine Carter,https://pi.tedcdn.com/r/pe.tedcdn.com/images/ted/b2111eea20f038f2a50af3019eb78abf0d3c3db6_254x191.jpg?w=255
6a034c245e700263ec4ad34d,Prince William,https://tedblade-public-assets.s3.us-east-1.amazonaws.com/default-avatar.jpg
6a034c2437e0c30f44bd1e4c,Jose Antonio Vargas,https://pi.tedcdn.com/r/pe.tedcdn.com/images/ted/83e5e544b18a804c235997cdb608ebf05edd2032_254x191.jpg?w=255
6a034c2435bf06475c27b06a,Megan Phelps-Roper,https://pi.tedcdn.com/r/pe.tedcdn.com/images/ted/942d34f91247efc955b9e5dd6ba740e60ed8db26_254x191.jpg?w=255
6a034c24658f0b3b67d4a482,Conor Russomanno,https://pi.tedcdn.com/r/ted-conferences-speaker-photos-production.s3.amazonaws.com/8mjrfbiadnlldt3sjantf04onb18?w=255
6a034c2437e0c30f44bd1ee2,Stephen Hawking,https://pi.tedcdn.com/r/pe.tedcdn.com/images/ted/8d31223d5f88a0031b89396910e5abad6dd1d00b_254x191.jpg?w=255
6a034c245e700263ec4ad36f,Salvatore Cali,https://pi.tedcdn.com/r/ted-conferences-speaker-photos-production.s3.amazonaws.com/56amiyd34dtq4wz2vlrbvq3opdus?w=255
6a034c2435bf06475c27b06c,Menno Schilthuizen,https://pi.tedcdn.com/r/pe.tedcdn.com/images/ted/76ae6492b5e1d29978e1f62bc84c6fafd1d11ae4_254x191.jpg?w=255
6a034c24658f0b3b67d4a496,Will Cathcart,https://pi.tedcdn.com/r/pe.tedcdn.com/images/ted/a7a2832c827b92b7f9e56551ba080a1773f464db_254x191.jpg?w=255
6a034c2437e0c30f44bd1ef0,Yvonne Newbold,https://pi.tedcdn.com/r/ted-conferences-speaker-photos-production.s3.amazonaws.com/sdy27y6zj23whd7djjymez899d1o?w=255
6a034c245e700263ec4ad375,Severine Autesserre,https://pi.tedcdn.com/r/pe.tedcdn.com/images/ted/3a4088303bbc413cdb18d7497ec04ae7ef8a0699_254x191.jpg?w=255
6a034c24658f0b3b67d4a4b0,Javier Olivares,https://tedblade-public-assets.s3.us-east-1.amazonaws.com/default-avatar.jpg
6a034c2435bf06475c27b071,Michèle Lamont,https://pi.tedcdn.com/r/ted-conferences-speaker-photos-production.s3.amazonaws.com/la3y07yhw290s7gaa7orrz5f4dc3?w=255
6a034c245e700263ec4ad1e9,Agnieszka Pilat,https://tedblade-public-assets.s3.us-east-1.amazonaws.com/default-avatar.jpg
6a034c245e700263ec4ad3b7,Claire Simeone,https://tedblade-public-assets.s3.us-east-1.amazonaws.com/default-avatar.jpg
6a034c24658f0b3b67d4a4b7,Jill Heinerth,https://pi.tedcdn.com/r/pe.tedcdn.com/images/ted/9030f67c1b0ded06ac0d108f4bcfe18f9dc41dd5_254x191.jpg?w=255
6a034c2435bf06475c27b0b0,Zineb Sqalli,https://pi.tedcdn.com/r/ted-conferences-speaker-photos-production.s3.amazonaws.com/76aatz1ta7woop6p8e399ylhjsk3?w=255
6a034c245e700263ec4ad1ea,Alan Eustace,https://pi.tedcdn.com/r/pe.tedcdn.com/images/ted/832bfa6b5c8afeea968c2a62ad71de9f4aabd7f8_254x191.jpg?w=255
6a034c24658f0b3b67d4a4d9,Mick Ebeling,https://pi.tedcdn.com/r/pe.tedcdn.com/images/ted/06f3fabde11321bc872037dc8266c79b816eb5fa_254x191.jpg?w=255
6a034c245e700263ec4ad3bf,Dolly Chugh,https://pi.tedcdn.com/r/pe.tedcdn.com/images/ted/946fe28c58c13aa385a57c0ac39d9f5ffe20af69_254x191.jpg?w=255
6a034c2437e0c30f44bd1d05,Mike deGruy,https://pi.tedcdn.com/r/pe.tedcdn.com/images/ted/163963_254x191.jpg?w=255
6a034c245e700263ec4ad264,Walter Hood,https://pi.tedcdn.com/r/pe.tedcdn.com/images/ted/fafc482825474ddd4746439f21f2915cf48fd401_254x191.jpg?w=255
6a034c249bbcd05aa3165a88,Ajit Narayanan,https://pi.tedcdn.com/r/pe.tedcdn.com/images/ted/0debd3c3104646a086fce6a3fe95674bceda814f_254x191.jpg?w=255
6a034c245e700263ec4ad2d3,Ingrid Fetell Lee,https://pi.tedcdn.com/r/pe.tedcdn.com/images/ted/cb6d8d833769f95ffb537f48e028ec7b898698de_254x191.jpg?w=255
6a034c24658f0b3b67d4a2ac,Alexandros Charalambides,https://tedblade-public-assets.s3.us-east-1.amazonaws.com/default-avatar.jpg
6a034c2437e0c30f44bd1d0f,Paul Nicklen,https://pi.tedcdn.com/r/pe.tedcdn.com/images/ted/c7ae5ca4eb73fc61835de0cf4d5df7861c566398_254x191.jpg?w=255
6a034c249bbcd05aa3165ae6,Neil Pasricha,https://pi.tedcdn.com/r/pe.tedcdn.com/images/ted/c94c5423774e09a77094517ca0f65fc1e735d976_254x191.jpg?w=255
6a034c245e700263ec4ad343,Nour E. Rawafi,https://tedblade-public-assets.s3.us-east-1.amazonaws.com/default-avatar.jpg
6a034c2437e0c30f44bd1d39,Adam Clulow,https://tedblade-public-assets.s3.us-east-1.amazonaws.com/default-avatar.jpg
6a034c24658f0b3b67d4a2be,Aris Venetikidis,https://pi.tedcdn.com/r/pe.tedcdn.com/images/ted/7d5ff0151cbf6dd590bf35fb98b95f403723be21_254x191.jpg?w=255
6a034c249bbcd05aa3165aff,Adriann Negreros,https://pi.tedcdn.com/r/ted-conferences-speaker-photos-production.s3.amazonaws.com/1jt90u9qgr2gsjh06sur7jr94hx7?w=255
6a034c24658f0b3b67d4a31c,Daniel Lubetzky,https://pi.tedcdn.com/r/ted-conferences-speaker-photos-production.s3.amazonaws.com/z16n6w9v7m8j1yac5ktbllt12lrm?w=255
6a034c245e700263ec4ad355,Ramin Hasani,https://pi.tedcdn.com/r/ted-conferences-speaker-photos-production.s3.amazonaws.com/miw6gi7e8tkugoe5t0yy6zswunm1?w=255
6a034c249bbcd05aa3165b02,Alejandro Durán,https://pi.tedcdn.com/r/pe.tedcdn.com/images/ted/48ab7bbdd1cc0ac0b98766fbd82ebd4e375b7145_254x191.jpg?w=255
6a034c2437e0c30f44bd1d4f,Conversations with People Who Hate Me,https://tedblade-public-assets.s3.us-east-1.amazonaws.com/default-avatar.jpg
6a034c24658f0b3b67d4a32e,Doris Kim Sung,https://tedblade-public-assets.s3.us-east-1.amazonaws.com/default-avatar.jpg
6a034c245e700263ec4ad366,Sam Gregory,https://pi.tedcdn.com/r/ted-conferences-speaker-photos-production.s3.amazonaws.com/2fo82vw1q2ckpt6sm86408ozvx5l?w=255
6a034c2437e0c30f44bd1d59,David Macaulay,https://pi.tedcdn.com/r/pe.tedcdn.com/images/ted/28754_254x191.jpg?w=255
6a034c24658f0b3b67d4a39d,Gay Gordon-Byrne,https://pi.tedcdn.com/r/pe.tedcdn.com/images/ted/315bedd77b622ad2685a9a66959df860ceab19d0_254x191.jpg?w=255
6a034c245e700263ec4ad378,Stephanie Winters,https://tedblade-public-assets.s3.us-east-1.amazonaws.com/default-avatar.jpg
6a034c249bbcd05aa3165b1b,Dan Kwartler,https://tedblade-public-assets.s3.us-east-1.amazonaws.com/default-avatar.jpg
6a034c2437e0c30f44bd1d81,Andrea Berchowitz,https://pi.tedcdn.com/r/pe.tedcdn.com/images/ted/279e4d014603869d0f2b21dcf2585aa67f726568_254x191.jpg?w=255
6a034c24658f0b3b67d4a3b1,Ronny Edry,https://pi.tedcdn.com/r/pe.tedcdn.com/images/ted/385cc838fffb19f72c3cf3bdc7830f2bdb2e0855_254x191.jpg?w=255
6a034c249bbcd05aa3165b21,Diane Benscoter,https://pi.tedcdn.com/r/pe.tedcdn.com/images/ted/96805_254x191.jpg?w=255
6a034c245e700263ec4ad396,Wendy De La Rosa,https://pi.tedcdn.com/r/pe.tedcdn.com/images/ted/dce25dadeeaaa99491d2c0c20a03e33a70eaa0a1_254x191.jpg?w=255
6a034c2437e0c30f44bd1de3,Rob Harmon,https://pi.tedcdn.com/r/pe.tedcdn.com/images/ted/3f2068a295d8facaa7631e5c0f996786c27e3f52_254x191.jpg?w=255
6a034c24658f0b3b67d4a3d1,Stephanie Warren,https://tedblade-public-assets.s3.us-east-1.amazonaws.com/default-avatar.jpg
6a034c2437e0c30f44bd1df7,Sharon Weinberger,https://pi.tedcdn.com/r/pe.tedcdn.com/images/ted/ba71024e7135b78342a081b9676cc653d5201540_254x191.jpg?w=255
6a034c24658f0b3b67d4a2c7,Andrea Driessen,https://pi.tedcdn.com/r/ted-conferences-speaker-photos-production.s3.amazonaws.com/mk1uiqha558va9ii0ziidr6lz0lc?w=255
6a034c249bbcd05aa3165b2c,George Ayittey,https://pi.tedcdn.com/r/pe.tedcdn.com/images/ted/13918_254x191.jpg?w=255
6a034c24658f0b3b67d4a3e4,Kanawat Senanan,https://tedblade-public-assets.s3.us-east-1.amazonaws.com/default-avatar.jpg
6a034c2437e0c30f44bd1e30,Jae Rhim Lee,https://pi.tedcdn.com/r/pe.tedcdn.com/images/ted/a916bf3d7078a2410756aeec1c7725d5ba321761_254x191.jpg?w=255
6a034c249bbcd05aa3165b30,Glynnis Hood,https://tedblade-public-assets.s3.us-east-1.amazonaws.com/default-avatar.jpg
6a034c24658f0b3b67d4a3ee,Tim Exile,https://tedblade-public-assets.s3.us-east-1.amazonaws.com/default-avatar.jpg
6a034c24658f0b3b67d4a2cd,Courtney E. Martin,https://tedblade-public-assets.s3.us-east-1.amazonaws.com/default-avatar.jpg
6a034c2437e0c30f44bd1e36,Jarrell Daniels,https://pi.tedcdn.com/r/pe.tedcdn.com/images/ted/2d8b68583d21fe308fe89e5358b853c982097005_254x191.jpg?w=255
6a034c249bbcd05aa3165b49,John Lloyd,https://pi.tedcdn.com/r/ted-conferences-speaker-photos-production.s3.amazonaws.com/8car3sj19utj8iq5y5m5d88jwper?w=255
6a034c24658f0b3b67d4a3f0,Rebecca Brachman,https://tedblade-public-assets.s3.us-east-1.amazonaws.com/default-avatar.jpg
6a034c24658f0b3b67d4a2f9,David Lunney,https://tedblade-public-assets.s3.us-east-1.amazonaws.com/default-avatar.jpg
6a034c2437e0c30f44bd1e47,Josh Giegel,https://pi.tedcdn.com/r/pe.tedcdn.com/images/ted/59e8d927eeda835e38cd414b87dcd06413f668ff_254x191.jpg?w=255
6a034c249bbcd05aa3165bb9,Erricka Bridgeford,https://pi.tedcdn.com/r/pe.tedcdn.com/images/ted/96b09ae6edf0b99d495d2821cbc861b4c8e39927_254x191.jpg?w=255
6a034c24658f0b3b67d4a3f1,Rebecca L. Walker,https://tedblade-public-assets.s3.us-east-1.amazonaws.com/default-avatar.jpg
6a034c24658f0b3b67d4a30b,Candace Parker,https://pi.tedcdn.com/r/pe.tedcdn.com/images/ted/1711579172348d3e992e3c73ce0c8ac327f9c5ff_254x191.jpg?w=255
6a034c2437e0c30f44bd1e4b,Jude Kelly,https://pi.tedcdn.com/r/pe.tedcdn.com/images/ted/0c6a1bcbe4111e8b4d6c1f377897744ddbed6341_254x191.jpg?w=255
6a034c249bbcd05aa3165bda,Jean-Manuel Izaret,https://tedblade-public-assets.s3.us-east-1.amazonaws.com/default-avatar.jpg
6a034c24658f0b3b67d4a3f2,Tom Griffiths,https://pi.tedcdn.com/r/pe.tedcdn.com/images/ted/52ca2fa0338955a0919f658ad9fc99f15124b1b7_254x191.jpg?w=255
6a034c2437e0c30f44bd1e59,Khalil Ramadi,https://pi.tedcdn.com/r/pe.tedcdn.com/images/ted/d540ff43230c917274e9458210f4af9b0c733df4_254x191.jpg?w=255
6a034c24658f0b3b67d4a30c,Evgeny Morozov,https://pi.tedcdn.com/r/pe.tedcdn.com/images/ted/102820_254x191.jpg?w=255
6a034c249bbcd05aa3165c12,Shukla Bose,https://pi.tedcdn.com/r/pe.tedcdn.com/images/ted/160087_254x191.jpg?w=255
6a034c24658f0b3b67d4a3f5,Kirsty Duncan,https://pi.tedcdn.com/r/pe.tedcdn.com/images/ted/a4d91b7ae85291ac4219537da2f5d937d47ca1f0_254x191.jpg?w=255
6a034c24658f0b3b67d4a41a,Ümit Kurt,https://tedblade-public-assets.s3.us-east-1.amazonaws.com/default-avatar.jpg
6a034c2437e0c30f44bd1e81,Martin Lockley,https://tedblade-public-assets.s3.us-east-1.amazonaws.com/default-avatar.jpg
6a034c24658f0b3b67d4a34a,Katie Francfort,https://tedblade-public-assets.s3.us-east-1.amazonaws.com/default-avatar.jpg
6a034c2437e0c30f44bd1e9c,Robyn Stein DeLuca,https://pi.tedcdn.com/r/pe.tedcdn.com/images/ted/2930c5610b4bc9380063acfe6353b9ff26fc15cd_254x191.jpg?w=255
6a034c2437e0c30f44bd1eb6,Sophie Zadeh,https://tedblade-public-assets.s3.us-east-1.amazonaws.com/default-avatar.jpg
6a034c249bbcd05aa3165c18,TED Tech,https://tedblade-public-assets.s3.us-east-1.amazonaws.com/default-avatar.jpg
6a034c2437e0c30f44bd1eba,Sylvester Chauke,https://pi.tedcdn.com/r/ted-conferences-speaker-photos-production.s3.amazonaws.com/edssf8t0ogmca4x6y9ycefcaxd7u?w=255
6a034c24658f0b3b67d4a353,Kevin Roose,https://pi.tedcdn.com/r/pe.tedcdn.com/images/ted/7718c7a62518afb01dbb68720f88a66d1d22a9d6_254x191.jpg?w=255
6a034c2437e0c30f44bd1ee0,Smita Sharma,https://pi.tedcdn.com/r/pe.tedcdn.com/images/ted/7762cabd88b1520f3910be8d4028b7fc4a23b5a6_254x191.jpg?w=255
6a034c249bbcd05aa3165c1b,Tony Luciani,https://tedblade-public-assets.s3.us-east-1.amazonaws.com/default-avatar.jpg
6a034c24658f0b3b67d4a370,Jonny Sun,https://pi.tedcdn.com/r/pe.tedcdn.com/images/ted/c1a3927424ae312f25cb8d96ee9f337338cff8e0_254x191.jpg?w=255
6a034c245e700263ec4ad1ed,Ashley Clift-Jennings,https://tedblade-public-assets.s3.us-east-1.amazonaws.com/default-avatar.jpg
6a034c249bbcd05aa3165c27,Bel Trew,https://pi.tedcdn.com/r/ted-conferences-speaker-photos-production.s3.amazonaws.com/sf6or6q3eo458te5nezltm5663qy?w=255
6a034c24658f0b3b67d4a356,Ilan Stavans,https://tedblade-public-assets.s3.us-east-1.amazonaws.com/default-avatar.jpg
6a034c245e700263ec4ad1f0,Birke Baehr,https://pi.tedcdn.com/r/pe.tedcdn.com/images/ted/3b31b0853a8061b3595f58ff628b145aa8b71911_254x191.jpg?w=255
6a034c24658f0b3b67d4a3f6,Tom Rivett-Carnac,https://pi.tedcdn.com/r/pe.tedcdn.com/images/ted/9fef05fde26fc21c37a383ed7d5413c844f3928c_254x191.jpg?w=255
6a034c24658f0b3b67d4a371,Mark Shaw,https://pi.tedcdn.com/r/pe.tedcdn.com/images/ted/544c62996638cd9a3de0628ebe98843c77a08885_254x191.jpg?w=255
6a034c24658f0b3b67d4a3f7,Riley Moynes,https://tedblade-public-assets.s3.us-east-1.amazonaws.com/default-avatar.jpg
6a034c24658f0b3b67d4a37b,Melissa J. Moore,https://tedblade-public-assets.s3.us-east-1.amazonaws.com/default-avatar.jpg
6a034c24658f0b3b67d4a433,Pelonomi Moiloa,https://tedblade-public-assets.s3.us-east-1.amazonaws.com/default-avatar.jpg
6a034c249bbcd05aa3165c4e,Harrison Scott Key,https://tedblade-public-assets.s3.us-east-1.amazonaws.com/default-avatar.jpg
6a034c245e700263ec4ad221,John McKown,https://tedblade-public-assets.s3.us-east-1.amazonaws.com/default-avatar.jpg
6a034c24658f0b3b67d4a37e,Kenny Coogan,https://tedblade-public-assets.s3.us-east-1.amazonaws.com/default-avatar.jpg
6a034c24658f0b3b67d4a472,Catherine Price,https://pi.tedcdn.com/r/ted-conferences-speaker-photos-production.s3.amazonaws.com/91gpzynckskdwnfz53853o02ip14?w=255
6a034c249bbcd05aa3165c5d,Joseph Nye,https://pi.tedcdn.com/r/pe.tedcdn.com/images/ted/209890_254x191.jpg?w=255
6a034c24658f0b3b67d4a4c5,Kristin Poinar,https://pi.tedcdn.com/r/pe.tedcdn.com/images/ted/0daea2c1fed5bd80d6e9e3a1ce765f45a35aa7e2_254x191.jpg?w=255
6a034c24658f0b3b67d4a424,Nellie McKay,https://pi.tedcdn.com/r/pe.tedcdn.com/images/ted/45258_254x191.jpg?w=255
6a034c245e700263ec4ad237,Madeleine Albright,https://pi.tedcdn.com/r/pe.tedcdn.com/images/ted/8453a8b637ccce123ee8ff687e39fa8661dec977_254x191.jpg?w=255
6a034c24658f0b3b67d4a4f8,Tania Douglas,https://pi.tedcdn.com/r/pe.tedcdn.com/images/ted/c0309a4b0c49c0ddb8359bb86ef582f9bf63fff8_254x191.jpg?w=255
6a034c24658f0b3b67d4a462,Augie Picado,https://pi.tedcdn.com/r/pe.tedcdn.com/images/ted/e7ac504a8567d27c646948f23b9232e843736d5e_254x191.jpg?w=255
6a034c249bbcd05aa3165a90,Annie Rauwerda,https://pi.tedcdn.com/r/ted-conferences-speaker-photos-production.s3.amazonaws.com/axyz42dftjo2v9dmx7w8xs7dac8u?w=255
6a034c249bbcd05aa3165c7b,Nicaila Matthews Okome,https://pi.tedcdn.com/r/pe.tedcdn.com/images/ted/7b7be63e03f397b0ac06f4460235ab421d40b9a6_254x191.jpg?w=255
6a034c245e700263ec4ad247,Norah Magero,https://pi.tedcdn.com/r/ted-conferences-speaker-photos-production.s3.amazonaws.com/awgyn3rvo4y5i9ouf9stje1f7vqj?w=255
6a034c24658f0b3b67d4a387,Laura Carstensen,https://pi.tedcdn.com/r/pe.tedcdn.com/images/ted/0046ec14aefdf67a8ff3f7a35dae0d0a55c7db58_254x191.jpg?w=255
6a034c249bbcd05aa3165a94,Bedouine,https://tedblade-public-assets.s3.us-east-1.amazonaws.com/default-avatar.jpg
6a034c245e700263ec4ad288,Amy Kurzweil,https://pi.tedcdn.com/r/ted-conferences-speaker-photos-production.s3.amazonaws.com/0yx6fffburhlprdtcfm0whmmc7by?w=255
6a034c24658f0b3b67d4a3bb,Nimisha Jain,https://pi.tedcdn.com/r/pe.tedcdn.com/images/ted/7f621aa5ad80a4eafb40a87b527fe57c159e7f74_254x191.jpg?w=255
6a034c249bbcd05aa3165a98,Brian Skerry,https://pi.tedcdn.com/r/pe.tedcdn.com/images/ted/174902_254x191.jpg?w=255
6a034c245e700263ec4ad297,Asali DeVan Ecclesiastes,https://pi.tedcdn.com/r/pe.tedcdn.com/images/ted/cfb4094efff2b3c3e6ddbd19acd9a1f5ccf2d11f_254x191.jpg?w=255
6a034c24658f0b3b67d4a3ca,Sivamani,https://pi.tedcdn.com/r/pe.tedcdn.com/images/ted/143428_254x191.jpg?w=255
6a034c245e700263ec4ad299,Bari Weiss,https://pi.tedcdn.com/r/ted-conferences-speaker-photos-production.s3.amazonaws.com/ptjuajjxzfxzwqy8nqxjktgdt557?w=255
6a034c249bbcd05aa3165aa3,David Farrell,https://tedblade-public-assets.s3.us-east-1.amazonaws.com/default-avatar.jpg
6a034c24658f0b3b67d4a3ce,John Paget,https://pi.tedcdn.com/r/ted-conferences-speaker-photos-production.s3.amazonaws.com/9m98uqjmd4pl6ai1xq5k0kn88qpu?w=255
6a034c245e700263ec4ad2a2,Clementine Jacoby,https://pi.tedcdn.com/r/ted-conferences-speaker-photos-production.s3.amazonaws.com/1qdpa1iitl7s7qneu91g2rh05781?w=255
6a034c249bbcd05aa3165aa8,Duncan Cowles,https://tedblade-public-assets.s3.us-east-1.amazonaws.com/default-avatar.jpg
6a034c24658f0b3b67d4a3e1,TED Climate,https://tedblade-public-assets.s3.us-east-1.amazonaws.com/default-avatar.jpg
6a034c245e700263ec4ad2db,Graham Allison,https://pi.tedcdn.com/r/pe.tedcdn.com/images/ted/ab8db9e92cc68a4f125f28f562b6393a20e7f3c6_254x191.jpg?w=255
6a034c249bbcd05aa3165ae9,Olivia Affuso,https://pi.tedcdn.com/r/pe.tedcdn.com/images/ted/416e3e7bc04f7f91ce7b00a9941be22b86a63c3c_254x191.jpg?w=255
6a034c24658f0b3b67d4a3e9,Theresa Doud,https://tedblade-public-assets.s3.us-east-1.amazonaws.com/default-avatar.jpg
6a034c249bbcd05aa3165af8,Samuel Cohen,https://pi.tedcdn.com/r/pe.tedcdn.com/images/ted/c26d0a6eda0127fa05bab251129410691d28a762_254x191.jpg?w=255
6a034c24658f0b3b67d4a40a,Will Marshall,https://pi.tedcdn.com/r/pe.tedcdn.com/images/ted/b3d045714ca9cbc991775d3e017afe0a3a4d5997_254x191.jpg?w=255
6a034c249bbcd05aa3165afe,Achim Steiner,https://pi.tedcdn.com/r/pe.tedcdn.com/images/ted/ccf09120e7ecc2aa4955c6b41614b45644779ac2_254x191.jpg?w=255
6a034c24658f0b3b67d4a48d,David Cage,https://pi.tedcdn.com/r/pe.tedcdn.com/images/ted/3eb29bf6e2646a8ea6a315ba9ebbc053d8176d61_254x191.jpg?w=255
6a034c24658f0b3b67d4a415,Yann LeCun,https://pi.tedcdn.com/r/pe.tedcdn.com/images/ted/52a17ba722143372f923cf8cdd2b3326e53149c7_254x191.jpg?w=255
6a034c245e700263ec4ad31a,Maira Kalman,https://pi.tedcdn.com/r/ted-conferences-speaker-photos-production.s3.amazonaws.com/tf5ww459vlbagtx9g1iajukidi1r?w=255
6a034c249bbcd05aa3165c8f,Sirisha Bandla,https://tedblade-public-assets.s3.us-east-1.amazonaws.com/default-avatar.jpg
6a034c24658f0b3b67d4a42b,Tom Rielly,https://pi.tedcdn.com/r/pe.tedcdn.com/images/ted/4923_254x191.jpg?w=255
6a034c249bbcd05aa3165ca7,Sathya Raghu Mokkapati,https://tedblade-public-assets.s3.us-east-1.amazonaws.com/default-avatar.jpg
6a034c245e700263ec4ad352,ReThinking with Adam Grant,https://tedblade-public-assets.s3.us-east-1.amazonaws.com/default-avatar.jpg
6a034c249bbcd05aa3165cbd,William Collis,https://pi.tedcdn.com/r/pe.tedcdn.com/images/ted/9a89115717b01ad8ecd01f79ab4df8c0dbee32cb_254x191.jpg?w=255
6a034c24b9e30957c43889b4,Joe Landolina,https://pi.tedcdn.com/r/pe.tedcdn.com/images/ted/f11555390d82787df0de41901d4b4cea3859d8d7_254x191.jpg?w=255
6a034c249bbcd05aa3165b3f,Iseult Gillespie,https://tedblade-public-assets.s3.us-east-1.amazonaws.com/default-avatar.jpg
6a034c24658f0b3b67d4a492,Dick M. Carpenter II,https://tedblade-public-assets.s3.us-east-1.amazonaws.com/default-avatar.jpg
6a034c245e700263ec4ad38e,The TED Interview,https://tedblade-public-assets.s3.us-east-1.amazonaws.com/default-avatar.jpg
6a034c24b9e30957c43889e5,Ellen Jorgensen,https://pi.tedcdn.com/r/pe.tedcdn.com/images/ted/b37e93e144ff677c8bef94ef5020069a5e46c1bf_254x191.jpg?w=255
6a034c24b9e30957c43889f6,Christian Jarrett,https://tedblade-public-assets.s3.us-east-1.amazonaws.com/default-avatar.jpg
6a034c245e700263ec4ad3a7,Anjan Chatterjee,https://pi.tedcdn.com/r/pe.tedcdn.com/images/ted/10d7c480eb40aeb87c0f6f88b6405f22407e38b2_254x191.jpg?w=255
6a034c245e700263ec4ad3c3,Ethan Lindenberger,https://pi.tedcdn.com/r/pe.tedcdn.com/images/ted/749b33505c316736314b96046d839ca196e66478_254x191.jpg?w=255
6a034c24b9e30957c4388a18,Kim Preshoff,https://tedblade-public-assets.s3.us-east-1.amazonaws.com/default-avatar.jpg
6a034c245e700263ec4ad3ec,Michael Pollan,https://pi.tedcdn.com/r/pe.tedcdn.com/images/ted/ab2927bdba2059ba6bb2db22d97447c814aa2381_254x191.jpg?w=255
6a034c24658f0b3b67d4a494,Dr. Bernice King,https://tedblade-public-assets.s3.us-east-1.amazonaws.com/default-avatar.jpg
6a034c245e700263ec4ad3f4,P. Seth Yelorda,https://tedblade-public-assets.s3.us-east-1.amazonaws.com/default-avatar.jpg
6a034c24658f0b3b67d4a49d,Yaël Eisenstat,https://pi.tedcdn.com/r/pe.tedcdn.com/images/ted/6b0441db8979df69c5694c1e7bee00914af493cc_254x191.jpg?w=255
6a034c245e700263ec4ad403,Ron Eglash,https://pi.tedcdn.com/r/pe.tedcdn.com/images/ted/21160_254x191.jpg?w=255
6a034c24658f0b3b67d4a49e,Geoffrey West,https://pi.tedcdn.com/r/pe.tedcdn.com/images/ted/81fbb7c516af704479d478989692e8f7bda44574_254x191.jpg?w=255
6a034c24b9e30957c4388a31,Mehret Mandefro,https://pi.tedcdn.com/r/pe.tedcdn.com/images/ted/6ec54bc563ed0463567a99226cb38b02a23f1bb3_254x191.jpg?w=255
6a034c24658f0b3b67d4a2e0,Alba Sotorra,https://tedblade-public-assets.s3.us-east-1.amazonaws.com/default-avatar.jpg
6a034c24b9e30957c4388a50,Bill Burnett,https://tedblade-public-assets.s3.us-east-1.amazonaws.com/default-avatar.jpg
6a034c24b9e30957c4388a54,Raymond Tang,https://pi.tedcdn.com/r/pe.tedcdn.com/images/ted/a75a2d880b459820bfe462f2169791edc8a6ff36_254x191.jpg?w=255
6a034c24658f0b3b67d4a2ea,Diana Greene Foster,https://pi.tedcdn.com/r/ted-conferences-speaker-photos-production.s3.amazonaws.com/awjv2vye8v9zb9m0phelwab8uzpj?w=255
6a034c24658f0b3b67d4a4b2,Jeff Smith,https://pi.tedcdn.com/r/pe.tedcdn.com/images/ted/7751271777f0b4cc483187149ca8ee62d24cfba4_254x191.jpg?w=255
6a034c24658f0b3b67d4a3ab,Haas&Hahn,https://tedblade-public-assets.s3.us-east-1.amazonaws.com/default-avatar.jpg
6a034c24b9e30957c4388a67,Rob Cross,https://pi.tedcdn.com/r/ted-conferences-speaker-photos-production.s3.amazonaws.com/vje2zuig9zp40vr02dn9k6eofxlp?w=255
6a034c249bbcd05aa3165a7f, Sofi Tukker,https://pi.tedcdn.com/r/pe.tedcdn.com/images/ted/3f0481fb497c195edc1fa1ebf1e946eb894a7a74_254x191.jpg?w=255
6a034c24658f0b3b67d4a432,Uma Adwani,https://tedblade-public-assets.s3.us-east-1.amazonaws.com/default-avatar.jpg
6a034c24658f0b3b67d4a3d4,Josh Luber,https://pi.tedcdn.com/r/pe.tedcdn.com/images/ted/d1f348613434034f4457f13f3abb491e67027ebe_254x191.jpg?w=255
6a034c24658f0b3b67d4a3e5,Pranav Mistry,https://pi.tedcdn.com/r/pe.tedcdn.com/images/ted/76651_254x191.jpg?w=255
6a034c24658f0b3b67d4a3ea,Rachel Botsman,https://pi.tedcdn.com/r/pe.tedcdn.com/images/ted/1c06f2498aea2914fd0d80631500818e16553db8_254x191.jpg?w=255
6a034c24658f0b3b67d4a3fe,Lisa Gansky,https://pi.tedcdn.com/r/pe.tedcdn.com/images/ted/b7d0d8847f3953e45e50976113295274e8305d4d_254x191.jpg?w=255
6a034c24658f0b3b67d4a45a,Angie Murimirwa,https://tedblade-public-assets.s3.us-east-1.amazonaws.com/default-avatar.jpg
6a034c24658f0b3b67d4a46e,Sue Austin,https://pi.tedcdn.com/r/pe.tedcdn.com/images/ted/b7e10efa90823f398b9cdb05ee24d4f2efd066ab_254x191.jpg?w=255
6a034c24658f0b3b67d4a473,Susan Colantuono,https://pi.tedcdn.com/r/pe.tedcdn.com/images/ted/7a67c3f35306d6076e8fe4ce5c2eb8eb00a8c5c7_254x191.jpg?w=255
6a034c24658f0b3b67d4a4a0,Yves Morieux,https://pi.tedcdn.com/r/pe.tedcdn.com/images/ted/582ef48ee72d9d7a757c70aa25ffefdf0edffee5_254x191.jpg?w=255
6a034c24658f0b3b67d4a4c6,Laura Caccia,https://tedblade-public-assets.s3.us-east-1.amazonaws.com/default-avatar.jpg
6a034c24658f0b3b67d4a4cb,Lloyd Pendleton,https://pi.tedcdn.com/r/pe.tedcdn.com/images/ted/125a279889a47b90225bc57ca8fc7548f9598eae_254x191.jpg?w=255
6a034c24658f0b3b67d4a4cf,Lux Narayan,https://pi.tedcdn.com/r/pe.tedcdn.com/images/ted/ecdcfc4b0c6c385b6417ad47646ac6804814ab0e_254x191.jpg?w=255
6a034c24658f0b3b67d4a4ec,Robin Hauser,https://pi.tedcdn.com/r/ted-conferences-speaker-photos-production.s3.amazonaws.com/630frudbwu00t06s8og6nw10ni9f?w=255
6a034c24658f0b3b67d4a4ed,Ronald Murray,https://tedblade-public-assets.s3.us-east-1.amazonaws.com/default-avatar.jpg
6a034c24658f0b3b67d4a4f2,Shaylin Schundler,https://tedblade-public-assets.s3.us-east-1.amazonaws.com/default-avatar.jpg
6a034c249bbcd05aa3165a91,Asha de Vos,https://pi.tedcdn.com/r/pe.tedcdn.com/images/ted/3c69c7620fd02d8d3f39f8235db3e59ece80a82f_254x191.jpg?w=255
6a034c249bbcd05aa3165aa5,Design Matters,https://tedblade-public-assets.s3.us-east-1.amazonaws.com/default-avatar.jpg
6a034c249bbcd05aa3165aac,Ethan Lisi,https://pi.tedcdn.com/r/pe.tedcdn.com/images/ted/9243c3a14de81a40f137fbe418b52a076b4f96bc_254x191.jpg?w=255
6a034c249bbcd05aa3165ab5,Glenn Close,https://pi.tedcdn.com/r/ted-conferences-speaker-photos-production.s3.amazonaws.com/7g0u3qqma00ahucn4cr3fx46j5tj?w=255
6a034c249bbcd05aa3165ac7,Joy Buolamwini,https://pi.tedcdn.com/r/ted-conferences-speaker-photos-production.s3.amazonaws.com/4ktguwtg8ogbbqfh18l4vpm38jpu?w=255
6a034c249bbcd05aa3165b00,Ahmad M. Hasnah,https://tedblade-public-assets.s3.us-east-1.amazonaws.com/default-avatar.jpg
6a034c249bbcd05aa3165b23,Donald Hoffman,https://pi.tedcdn.com/r/pe.tedcdn.com/images/ted/3817ecfb3d1c2ce3826618c9ed391af6f61867e6_254x191.jpg?w=255
6a034c249bbcd05aa3165bfe,Nita Farahany,https://pi.tedcdn.com/r/ted-conferences-speaker-photos-production.s3.amazonaws.com/dgb8yc7lbk9iige288r1atahxrhc?w=255
6a034c249bbcd05aa3165c2e,Clara Sousa-Silva,https://pi.tedcdn.com/r/pe.tedcdn.com/images/ted/b822a2d577dde020a106cff74fad0a5c23c8c0ea_254x191.jpg?w=255
6a034c249bbcd05aa3165c74,Michael Porter,https://pi.tedcdn.com/r/pe.tedcdn.com/images/ted/fd934049262c0d9d461d11b2548b1582a77c7310_254x191.jpg?w=255
6a034c249bbcd05aa3165c83,Pierre Barreau,https://pi.tedcdn.com/r/pe.tedcdn.com/images/ted/b1e73cb5653ca0d751464e56b70c22c5dea52c18_254x191.jpg?w=255
6a034c249bbcd05aa3165ca2,Roxane Gay,https://pi.tedcdn.com/r/pe.tedcdn.com/images/ted/bc1dddedab96d72df5f980738f0ad587fa18c2c1_254x191.jpg?w=255
6a034c24b9e30957c438897f, The Bloom Twins,https://tedblade-public-assets.s3.us-east-1.amazonaws.com/default-avatar.jpg
6a034c24b9e30957c438898f,Ajay Banga,https://pi.tedcdn.com/r/pe.tedcdn.com/images/ted/b4368247d1357de0d7e0a7bbda9e06e488183f86_254x191.jpg?w=255
6a034c24b9e30957c43889ae, OK Go,https://pi.tedcdn.com/r/pe.tedcdn.com/images/ted/ac717499631de894e243d8c814b69cde545984f3_254x191.jpg?w=255
6a034c24b9e30957c43889f9,Ivan Oransky,https://pi.tedcdn.com/r/pe.tedcdn.com/images/ted/97ec9828cd8755db1c51e3c5b8e38aa27ff28c89_254x191.jpg?w=255
6a034c24b9e30957c4388a0f,Eddie Woo,https://tedblade-public-assets.s3.us-east-1.amazonaws.com/default-avatar.jpg
6a034c24b9e30957c4388a22,Brian Crim,https://tedblade-public-assets.s3.us-east-1.amazonaws.com/default-avatar.jpg
6a034c24b9e30957c4388a4f,Nicholas Amendolare,https://tedblade-public-assets.s3.us-east-1.amazonaws.com/default-avatar.jpg
6a034c24b9e30957c4388a57,Nonny de la Peña,https://pi.tedcdn.com/r/pe.tedcdn.com/images/ted/c874c897c0568fc9755c7eadd01b15e85aa039ab_254x191.jpg?w=255
6a034c24b9e30957c4388a99,Anna Piperal,https://pi.tedcdn.com/r/pe.tedcdn.com/images/ted/4996f596be9b2b094da0c835fb2b6bdd4a19d301_254x191.jpg?w=255
6a034c24b9e30957c4388aa4,Benjamin Zander,https://pi.tedcdn.com/r/ted-conferences-speaker-photos-production.s3.amazonaws.com/6e9iko1p3zac12elgw0npmp12j2k?w=255
6a034c249bbcd05aa3165b7c,Ray Kurzweil,https://pi.tedcdn.com/r/ted-conferences-speaker-photos-production.s3.amazonaws.com/3f5tp9g66aadghynijh7izt8vwky?w=255
6a034c24b9e30957c4388ab3,Daniel Gregory,https://tedblade-public-assets.s3.us-east-1.amazonaws.com/default-avatar.jpg
6a034c249bbcd05aa3165b7d, Niceaunties,https://pi.tedcdn.com/r/ted-conferences-speaker-photos-production.s3.amazonaws.com/2opl4kgkttiv6cdlizf9lxmpuaq0?w=255
6a034c24b9e30957c4388ad3,Joe Madiath,https://pi.tedcdn.com/r/pe.tedcdn.com/images/ted/13f8819f8e1fbaa521c56fe1ec0ac9f28d8cf174_254x191.jpg?w=255
6a034c249bbcd05aa3165b81,Ahn Trio,https://pi.tedcdn.com/r/pe.tedcdn.com/images/ted/79a01e00ab09f6798ab3c97f4655b2315e2d3b33_254x191.jpg?w=255
6a034c24b9e30957c4388b10,Shyam Sankar,https://pi.tedcdn.com/r/pe.tedcdn.com/images/ted/83b856270a81dd5d3db1dfdc6e952b2f9957a303_254x191.jpg?w=255
6a034c249bbcd05aa3165b8f,Ani Liu,https://pi.tedcdn.com/r/pe.tedcdn.com/images/ted/84c1ffa3b03786d02e734e4add07202f7fe0d952_254x191.jpg?w=255
6a034c24b9e30957c4388b11,Siawn Ou,https://tedblade-public-assets.s3.us-east-1.amazonaws.com/default-avatar.jpg
6a034c24b9e30957c4388b44,Dustin Burke,https://pi.tedcdn.com/r/pe.tedcdn.com/images/ted/62a17687eaba4d764241d0ad0d12dc5d5bdbe857_254x191.jpg?w=255
6a034c24b9e30957c4388b56,Graham Hill,https://pi.tedcdn.com/r/pe.tedcdn.com/images/ted/171773_254x191.jpg?w=255
6a034c24b9e30957c4388b68,Joey Alexander,https://pi.tedcdn.com/r/pe.tedcdn.com/images/ted/477dce13c616ab15aaba74c9a04b01d35b8fb2bb_254x191.jpg?w=255
6a034c24b9e30957c4388b7c,Liu Thai Ker,https://pi.tedcdn.com/r/pe.tedcdn.com/images/ted/525bcd4fcf59013cc5b7f74a776dfa393bc6d782_254x191.jpg?w=255
6a034c24d4881847be4b50e7,Evan Williams,https://pi.tedcdn.com/r/pe.tedcdn.com/images/ted/74571_254x191.jpg?w=255
6a034c24d4881847be4b50f7,George Tulevski,https://pi.tedcdn.com/r/pe.tedcdn.com/images/ted/1386807b2cdc7ee6f93f4699b19140b7971fa900_254x191.jpg?w=255
6a034c24d4881847be4b50f9,Kristine McDivitt Tompkins,https://tedblade-public-assets.s3.us-east-1.amazonaws.com/default-avatar.jpg
6a034c24d4881847be4b5128,Penny Chisholm,https://pi.tedcdn.com/r/pe.tedcdn.com/images/ted/ce3988a23bd00d134d8957da0f55ec549dbf3367_254x191.jpg?w=255
6a034c24d4881847be4b5144,Sara Sanford,https://pi.tedcdn.com/r/pe.tedcdn.com/images/ted/b1b3edd64a0c2340745599c4948f0a6843188049_254x191.jpg?w=255
6a034c24d4881847be4b5148,Shai Reshef,https://pi.tedcdn.com/r/pe.tedcdn.com/images/ted/6d8de6ad1b05c81c807d2b447182a701ca43b0c3_254x191.jpg?w=255
6a034c249bbcd05aa3165b98,Bhu Srinivasan,https://pi.tedcdn.com/r/pe.tedcdn.com/images/ted/3ac05d0c4809eebf14d68db264c21c86c16fab80_254x191.jpg?w=255
6a034c24d4881847be4b514a,Simon Berrow,https://pi.tedcdn.com/r/pe.tedcdn.com/images/ted/8c414b71b0c78b1801a0c80baa868d2711b96ce1_254x191.jpg?w=255
6a034c24d4881847be4b5170,Ramesh Raskar,https://pi.tedcdn.com/r/pe.tedcdn.com/images/ted/7c7541412d2a94258fbbd120eb827fb825398fe0_254x191.jpg?w=255
6a034c24d4881847be4b51a7,Chris A. Kniesly,https://tedblade-public-assets.s3.us-east-1.amazonaws.com/default-avatar.jpg
6a034c24d4881847be4b521c,Yuval Noah Harari,https://pi.tedcdn.com/r/ted-conferences-speaker-photos-production.s3.amazonaws.com/hfrqvdqkuycjdx9akbjokgznbrbz?w=255
6a034c249bbcd05aa3165b9c,Caitlin Doughty,https://pi.tedcdn.com/r/pe.tedcdn.com/images/ted/6d4d5face6cecbd6917035f10be8cc220b50c576_254x191.jpg?w=255
6a034c249bbcd05aa3165ab9,Hyunsoo Joshua No,https://tedblade-public-assets.s3.us-east-1.amazonaws.com/default-avatar.jpg
6a034c249bbcd05aa3165bab,Dilip Ratha,https://pi.tedcdn.com/r/pe.tedcdn.com/images/ted/f85396a80c0d3f5c631b7f7327bc9d149ef4ff95_254x191.jpg?w=255
6a034c249bbcd05aa3165aed,Paul Stamets,https://pi.tedcdn.com/r/pe.tedcdn.com/images/ted/40891_254x191.jpg?w=255
6a034c249bbcd05aa3165bac,Donald Sadoway,https://pi.tedcdn.com/r/pe.tedcdn.com/images/ted/8363d6223bee4cc52e73677e00e629c6234c719c_254x191.jpg?w=255
6a034c249bbcd05aa3165b4e,KC Davis,https://tedblade-public-assets.s3.us-east-1.amazonaws.com/default-avatar.jpg
6a034c249bbcd05aa3165bae,Skye C. Cleary,https://tedblade-public-assets.s3.us-east-1.amazonaws.com/default-avatar.jpg
6a034c249bbcd05aa3165b5c,Lijun Zhang,https://tedblade-public-assets.s3.us-east-1.amazonaws.com/default-avatar.jpg
6a034c249bbcd05aa3165bd2,Ivan Coyote,https://pi.tedcdn.com/r/pe.tedcdn.com/images/ted/a76d19b46a14642ffb92adfc449764067600a155_254x191.jpg?w=255
6a034c24658f0b3b67d4a486,Timothy Ihrig,https://pi.tedcdn.com/r/pe.tedcdn.com/images/ted/6f2317eafaa311608780b4e11109362581ca5754_254x191.jpg?w=255
6a034c249bbcd05aa3165b63,Marc Raibert,https://pi.tedcdn.com/r/pe.tedcdn.com/images/ted/a46430dd388748f057f3cc3a3f79b57026fa2ec0_254x191.jpg?w=255
6a034c24b9e30957c4388a6b,Safwat Saleem,https://pi.tedcdn.com/r/pe.tedcdn.com/images/ted/d5b3949810794cc7cfb1a3942330910a3f7809f6_254x191.jpg?w=255
6a034c249bbcd05aa3165bd9,Jamie Heywood,https://pi.tedcdn.com/r/pe.tedcdn.com/images/ted/146038_254x191.jpg?w=255
6a034c249bbcd05aa3165b95,Arvind Gupta,https://tedblade-public-assets.s3.us-east-1.amazonaws.com/default-avatar.jpg
6a034c24658f0b3b67d4a487,Dan Gross,https://pi.tedcdn.com/r/pe.tedcdn.com/images/ted/70f4c622be031e21c1c5129bcfe3fbd04125cb70_254x191.jpg?w=255
6a034c249bbcd05aa3165be8,LB Hannahs,https://pi.tedcdn.com/r/pe.tedcdn.com/images/ted/9bfb9fdcfa4f9ccd34b2e13a6f4ceeb9116f6197_254x191.jpg?w=255
6a034c24b9e30957c4388a74,Sarah T. Stewart,https://tedblade-public-assets.s3.us-east-1.amazonaws.com/default-avatar.jpg
6a034c249bbcd05aa3165bb0,Stanley McChrystal,https://pi.tedcdn.com/r/pe.tedcdn.com/images/ted/b59beb0dd37c82b276334715843cb098f70f0746_254x191.jpg?w=255
6a034c24658f0b3b67d4a4a6,Howard C. Stevenson,https://tedblade-public-assets.s3.us-east-1.amazonaws.com/default-avatar.jpg
6a034c24b9e30957c4388a91,Abraham Verghese,https://pi.tedcdn.com/r/pe.tedcdn.com/images/ted/f0dce8289fd1a14a57c6d6c6b828a7a019d68654_254x191.jpg?w=255
6a034c249bbcd05aa3165c08,Richard Seymour,https://pi.tedcdn.com/r/pe.tedcdn.com/images/ted/51f24c32e27721a59718aac45bd228f3f7148933_254x191.jpg?w=255
6a034c24658f0b3b67d4a4be,Keith Bellows,https://pi.tedcdn.com/r/pe.tedcdn.com/images/ted/53597_254x191.jpg?w=255
6a034c249bbcd05aa3165bba,Tai Simpson,https://pi.tedcdn.com/r/pe.tedcdn.com/images/ted/c931a13839d909a838cadc089222ee62f7057f4e_254x191.jpg?w=255
6a034c249bbcd05aa3165c0b,Ruby Wax,https://pi.tedcdn.com/r/pe.tedcdn.com/images/ted/540886c136453faeaf4e02ea5da714bbd0f5b1d9_254x191.jpg?w=255
6a034c24658f0b3b67d4a4ca,Liz Kleinrock,https://pi.tedcdn.com/r/pe.tedcdn.com/images/ted/13a626970186c5f13625d72e069a271b27c71ca5_254x191.jpg?w=255
6a034c24b9e30957c4388a95,Alex Laskey,https://pi.tedcdn.com/r/pe.tedcdn.com/images/ted/0712a0f30e242b4f07bc149fcfdb5b4b6b2765c4_254x191.jpg?w=255
6a034c249bbcd05aa3165bc2,Gavin McCormick,https://pi.tedcdn.com/r/pe.tedcdn.com/images/ted/852d5a045e75a5f384b13459e691deb67c703d1c_254x191.jpg?w=255
6a034c24d4881847be4b522d,Caitria + Morgan O'Neill,https://tedblade-public-assets.s3.us-east-1.amazonaws.com/default-avatar.jpg
6a034c249bbcd05aa3165c1e,William T. Taylor,https://tedblade-public-assets.s3.us-east-1.amazonaws.com/default-avatar.jpg
6a034c249bbcd05aa3165c16,Susan Blackmore,https://pi.tedcdn.com/r/pe.tedcdn.com/images/ted/44113_254x191.jpg?w=255
6a034c24658f0b3b67d4a4fd,Tim Seibles,https://tedblade-public-assets.s3.us-east-1.amazonaws.com/default-avatar.jpg
6a034c24b9e30957c4388ab5,Dave Troy,https://pi.tedcdn.com/r/pe.tedcdn.com/images/ted/b16f42a46c85e07bd1f72c0a5587ee6de11ee85c_254x191.jpg?w=255
6a034c249bbcd05aa3165c1f,Zainab Usman,https://pi.tedcdn.com/r/ted-conferences-speaker-photos-production.s3.amazonaws.com/gail7tg2v9zvqzarcceepwdz9zjm?w=255
6a034c24d4881847be4b5238,David Christian,https://pi.tedcdn.com/r/pe.tedcdn.com/images/ted/5696122880f90626b594b1c5dc363b59a2a2dc39_254x191.jpg?w=255
6a034c249bbcd05aa3165c33,Daria van den Bercken,https://pi.tedcdn.com/r/pe.tedcdn.com/images/ted/b6087390acc5a992a130211483657daeafea3726_254x191.jpg?w=255
6a034c24b9e30957c4388ad0,Jennifer Pahlka,https://tedblade-public-assets.s3.us-east-1.amazonaws.com/default-avatar.jpg
6a034c249bbcd05aa3165ae1,Matt Mullenweg,https://pi.tedcdn.com/r/pe.tedcdn.com/images/ted/cc99c534e94e7e4b76bcc8d8851a47bcb0ff1723_254x191.jpg?w=255
6a034c249bbcd05aa3165c7a,Nathan Myhrvold,https://pi.tedcdn.com/r/pe.tedcdn.com/images/ted/50051_254x191.jpg?w=255
6a034c24d4881847be4b5270,Michael Levin,https://pi.tedcdn.com/r/pe.tedcdn.com/images/ted/6e3a7e854e0b6d1cd4dde8106728d85abe697695_254x191.jpg?w=255
6a034c249bbcd05aa3165c4d,Haley Van Dyck,https://pi.tedcdn.com/r/pe.tedcdn.com/images/ted/f84f186baa4147695ea7acf99a1347cf702f9b9e_254x191.jpg?w=255
6a034c24da446a102707f3a9,Carter Emmart,https://pi.tedcdn.com/r/pe.tedcdn.com/images/ted/180835_254x191.jpg?w=255
6a034c24b9e30957c4388ad9,Justin Schmidt,https://tedblade-public-assets.s3.us-east-1.amazonaws.com/default-avatar.jpg
6a034c249bbcd05aa3165af6,Roy Gould + Curtis Wong,https://tedblade-public-assets.s3.us-east-1.amazonaws.com/default-avatar.jpg
6a034c24b9e30957c43889c0,Jedidah Isler,https://pi.tedcdn.com/r/pe.tedcdn.com/images/ted/7166e72ece41671cb9bb11ba0e95068b8831a618_254x191.jpg?w=255
6a034c249bbcd05aa3165ca9,Sergey Brin,https://pi.tedcdn.com/r/pe.tedcdn.com/images/ted/150221_254x191.jpg?w=255
6a034c24da446a102707f3b8,David Baron,https://pi.tedcdn.com/r/pe.tedcdn.com/images/ted/d4835ec4c50a5cf4e388192650261795b03285a3_254x191.jpg?w=255
6a034c249bbcd05aa3165b2a,Erika Cheung,https://pi.tedcdn.com/r/pe.tedcdn.com/images/ted/9e41e93ff513d33d1d41756d1f9562bdabfac7e6_254x191.jpg?w=255
6a034c24b9e30957c4388af0,Matthias Müllenbeck,https://tedblade-public-assets.s3.us-east-1.amazonaws.com/default-avatar.jpg
6a034c249bbcd05aa3165cb1,Susan Graham,https://pi.tedcdn.com/r/pe.tedcdn.com/images/ted/5293b9374ef41482babe2a228570bc240e3690ed_254x191.jpg?w=255
6a034c24b9e30957c43889c1,Chip Conley,https://pi.tedcdn.com/r/pe.tedcdn.com/images/ted/d2d7f45421e1451fb856edad66aac70f21783fe5_254x191.jpg?w=255
6a034c24da446a102707f3d2,Gitte Frederiksen,https://pi.tedcdn.com/r/ted-conferences-speaker-photos-production.s3.amazonaws.com/k8x7l8p1xczoja9z7segddiryq4f?w=255
6a034c24b9e30957c4388b37,Chip Berlet,https://tedblade-public-assets.s3.us-east-1.amazonaws.com/default-avatar.jpg
6a034c249bbcd05aa3165b60,Lyla Latif,https://tedblade-public-assets.s3.us-east-1.amazonaws.com/default-avatar.jpg
6a034c249bbcd05aa3165cb4,Todd Kuiken,https://pi.tedcdn.com/r/pe.tedcdn.com/images/ted/58556df13dfd29add43ff2382d00c9dbd8d837d5_254x191.jpg?w=255
6a034c24b9e30957c43889d4,Kaitlyn Sadtler,https://pi.tedcdn.com/r/pe.tedcdn.com/images/ted/e0d87006dfbc5f0f5257235429de5c3e999a95a9_254x191.jpg?w=255
6a034c24da446a102707f422,Dan Barasch,https://tedblade-public-assets.s3.us-east-1.amazonaws.com/default-avatar.jpg
6a034c24b9e30957c4388b53,George Takei,https://pi.tedcdn.com/r/pe.tedcdn.com/images/ted/6403b95ace5180a1a85239ac0ac4dc490ab26b56_254x191.jpg?w=255
6a034c249bbcd05aa3165b6a,Megan Parker,https://tedblade-public-assets.s3.us-east-1.amazonaws.com/default-avatar.jpg
6a034c249bbcd05aa3165cb6,Tyrone Hayes + Penelope Jagessar Chaffer,https://tedblade-public-assets.s3.us-east-1.amazonaws.com/default-avatar.jpg
6a034c24da446a102707f42e,Nicole Wilson,https://tedblade-public-assets.s3.us-east-1.amazonaws.com/default-avatar.jpg
6a034c24b9e30957c4388b81,Martin Hilpert,https://tedblade-public-assets.s3.us-east-1.amazonaws.com/default-avatar.jpg
6a034c24b9e30957c43889ea,Rachel Kyte,https://pi.tedcdn.com/r/pe.tedcdn.com/images/ted/edfc7d19da278d06aea00bb3414fc0e3fa06cb1a_254x191.jpg?w=255
6a034c24b9e30957c43889b5,Caroline Casey,https://pi.tedcdn.com/r/pe.tedcdn.com/images/ted/5adc72371a94bcbd9d2a92720750f55d3e498f01_254x191.jpg?w=255
6a034c249bbcd05aa3165b78,Petter Johansson,https://pi.tedcdn.com/r/pe.tedcdn.com/images/ted/922ebf6f887454e75aaed3586d6cccd7c31a64d6_254x191.jpg?w=255
6a034c24b9e30957c4388a13,Jim Hagemann Snabe,https://pi.tedcdn.com/r/ted-conferences-speaker-photos-production.s3.amazonaws.com/eabqgjb14jttdijfjqzz9iq0m3iw?w=255
6a034c24da446a102707f447,Guy Winch,https://pi.tedcdn.com/r/pe.tedcdn.com/images/ted/7312a4d0e6d18e5b3e1c64df62e967e71552aec1_254x191.jpg?w=255
6a034c24d4881847be4b507b,Anthony D. Romero,https://tedblade-public-assets.s3.us-east-1.amazonaws.com/default-avatar.jpg
6a034c24b9e30957c43889ff,Jessica Smith,https://tedblade-public-assets.s3.us-east-1.amazonaws.com/default-avatar.jpg
6a034c249bbcd05aa3165b93,Anushka Ratnayake,https://pi.tedcdn.com/r/ted-conferences-speaker-photos-production.s3.amazonaws.com/heb103sboju9et8p85fnj358izoi?w=255
6a034c24b9e30957c4388a1f,Liana Finck,https://pi.tedcdn.com/r/ted-conferences-speaker-photos-production.s3.amazonaws.com/2fxk7cc1afe275t0yr5hgqcccfbm?w=255
6a034c24b9e30957c4388a0d,Tracy Young,https://pi.tedcdn.com/r/pe.tedcdn.com/images/ted/6099747b106a40eb459bd7c0c767b39d933c8ef7_254x191.jpg?w=255
6a034c24d4881847be4b507f,Arthur Brooks,https://pi.tedcdn.com/r/pe.tedcdn.com/images/ted/ec133c8d18b825260d77a0c4b956323c48643abd_254x191.jpg?w=255
6a034c24da446a102707f463,Seth Godin,https://pi.tedcdn.com/r/pe.tedcdn.com/images/ted/1409_254x191.jpg?w=255
6a034c249bbcd05aa3165bad,Drew Philp,https://pi.tedcdn.com/r/pe.tedcdn.com/images/ted/b0e75f9152243439e8a9c776e77827d3fbfd98f4_254x191.jpg?w=255
6a034c24b9e30957c4388a3b,Aline Sousa,https://pi.tedcdn.com/r/ted-conferences-speaker-photos-production.s3.amazonaws.com/6y5ehlt6vlihocaci755ozdjq5p8?w=255
6a034c24b9e30957c4388a42,Miguel Alcubierre,https://tedblade-public-assets.s3.us-east-1.amazonaws.com/default-avatar.jpg
6a034c24d4881847be4b508b,Asher Hasan,https://pi.tedcdn.com/r/pe.tedcdn.com/images/ted/137460_254x191.jpg?w=255
6a034c24da446a102707f46f,Stuart Firestein,https://pi.tedcdn.com/r/pe.tedcdn.com/images/ted/10eeed05984bb086696c2c5166f7525e29f33b13_254x191.jpg?w=255
6a034c249bbcd05aa3165be0,Judy MacDonald Johnston,https://pi.tedcdn.com/r/pe.tedcdn.com/images/ted/3219d744b90e7ced286974c5d24dd720e17a76b4_254x191.jpg?w=255
6a034c24b9e30957c4388a3e,Michael Shermer,https://pi.tedcdn.com/r/pe.tedcdn.com/images/ted/1420_254x191.jpg?w=255
6a034c24d4881847be4b50a3,Dan Buettner,https://pi.tedcdn.com/r/pe.tedcdn.com/images/ted/139727_254x191.jpg?w=255
6a034c24b9e30957c4388a97,Andrew Leland,https://pi.tedcdn.com/r/ted-conferences-speaker-photos-production.s3.amazonaws.com/9lm67br9y3pwiu6659gduq2qjs70?w=255
6a034c24da446a102707f478,Lindsay Malloy,https://pi.tedcdn.com/r/pe.tedcdn.com/images/ted/36619bf07647ae552866a48696ff5654bac31e0f_254x191.jpg?w=255
6a034c249bbcd05aa3165c05,Philip K. Howard,https://tedblade-public-assets.s3.us-east-1.amazonaws.com/default-avatar.jpg
6a034c24b9e30957c4388a77,Monica Malta,https://pi.tedcdn.com/r/ted-conferences-speaker-photos-production.s3.amazonaws.com/h7k2z2fnpdg6lp3wr9uotntmwvnx?w=255
6a034c24da446a102707f489,Amy Edmondson,https://pi.tedcdn.com/r/pe.tedcdn.com/images/ted/33274ada27f7a40eff36029ceef2217b8374bfe8_254x191.jpg?w=255
6a034c24d4881847be4b50ab,Danielle Citron,https://pi.tedcdn.com/r/pe.tedcdn.com/images/ted/b16cbb7ab77ba63804cb994d57988fbb0f11f145_254x191.jpg?w=255
6a034c24b9e30957c4388aa0,Becci Manson,https://pi.tedcdn.com/r/pe.tedcdn.com/images/ted/a1c0d67ce17e9c7475d991057a3f1e5813ec8246_254x191.jpg?w=255
6a034c249bbcd05aa3165c60,Kareem Yusuf,https://tedblade-public-assets.s3.us-east-1.amazonaws.com/default-avatar.jpg
6a034c24b9e30957c4388a7a,Sharif El-Mekki,https://tedblade-public-assets.s3.us-east-1.amazonaws.com/default-avatar.jpg
6a034c24b9e30957c4388ab1,Colin Averill,https://pi.tedcdn.com/r/ted-conferences-speaker-photos-production.s3.amazonaws.com/nhx4869k6ql4q9rahu1qj8luw4qr?w=255
6a034c24da446a102707f53b,Sebastian Wernicke,https://pi.tedcdn.com/r/pe.tedcdn.com/images/ted/b701b0306f1618d5a4a768b3fce1832adaac4ec4_254x191.jpg?w=255
6a034c24d4881847be4b50b5,Dennis vanEngelsdorp,https://pi.tedcdn.com/r/pe.tedcdn.com/images/ted/61942_254x191.jpg?w=255
6a034c249bbcd05aa3165c82,Peter Ward,https://pi.tedcdn.com/r/pe.tedcdn.com/images/ted/67421_254x191.jpg?w=255
6a034c24b9e30957c4388aab,Cheryl Holder,https://pi.tedcdn.com/r/pe.tedcdn.com/images/ted/0804de9adbe2a84dbfe48b6115eb7689aee6a7cc_254x191.jpg?w=255
6a034c24da446a102707f551,Ziyah Gafić,https://pi.tedcdn.com/r/pe.tedcdn.com/images/ted/ff29d6c65cef2c5587e8fb404c9009fa3a18ebab_254x191.jpg?w=255
6a034c24b9e30957c4388ab9,Dylan Marron,https://pi.tedcdn.com/r/pe.tedcdn.com/images/ted/3507454adb3e125cf3db31896f35db2606598ec1_254x191.jpg?w=255
6a034c24d4881847be4b50ff,Hanako Sawada,https://tedblade-public-assets.s3.us-east-1.amazonaws.com/default-avatar.jpg
6a034c249bbcd05aa3165c92,Steve Boyes,https://pi.tedcdn.com/r/pe.tedcdn.com/images/ted/72a67ab68ddb2b720f69f21b25d97f5ab5932684_254x191.jpg?w=255
6a034c24b9e30957c4388b2c,Bjorn Lomborg,https://pi.tedcdn.com/r/pe.tedcdn.com/images/ted/1302_254x191.jpg?w=255
6a034c24da446a102707f554,Susan Lupack,https://tedblade-public-assets.s3.us-east-1.amazonaws.com/default-avatar.jpg
6a034c24d4881847be4b5104,Mark Forsyth,https://pi.tedcdn.com/r/pe.tedcdn.com/images/ted/daec59c3f165047a22295f60741cfe45c5996864_254x191.jpg?w=255
6a034c24b9e30957c4388acb,J. Marshall Shepherd,https://tedblade-public-assets.s3.us-east-1.amazonaws.com/default-avatar.jpg
6a034c24b9e30957c4388b99,Richard J. Wood,https://tedblade-public-assets.s3.us-east-1.amazonaws.com/default-avatar.jpg
6a034c249bbcd05aa3165cba,Wael Ghonim,https://pi.tedcdn.com/r/pe.tedcdn.com/images/ted/83201637119545540cca10e18b6b4b0cce72c870_254x191.jpg?w=255
6a034c24da446a102707f567, MaJiKer,https://tedblade-public-assets.s3.us-east-1.amazonaws.com/default-avatar.jpg
6a034c24b9e30957c4388af5,Michael Ringel,https://tedblade-public-assets.s3.us-east-1.amazonaws.com/default-avatar.jpg
6a034c24b9e30957c4388af7,Miguel A. Modestino,https://tedblade-public-assets.s3.us-east-1.amazonaws.com/default-avatar.jpg
6a034c24b9e30957c4388b32,Bruno Torturra,https://pi.tedcdn.com/r/pe.tedcdn.com/images/ted/d51ad8cabbbfef6f6cb59de6cbcdce6de0974088_254x191.jpg?w=255
6a034c24b9e30957c4388b59,Greg Lynn,https://pi.tedcdn.com/r/pe.tedcdn.com/images/ted/65218_254x191.jpg?w=255
6a034c24b9e30957c4388b5a,Guy Hoffman,https://pi.tedcdn.com/r/pe.tedcdn.com/images/ted/8c88cbfc20111993559f49416edb3ad3fb9a59d1_254x191.jpg?w=255
6a034c24b9e30957c4388b6a,Jonas Eliasson,https://pi.tedcdn.com/r/pe.tedcdn.com/images/ted/12e1e9c0d242c9830a32f417078e3bc1e1d90151_254x191.jpg?w=255
6a034c24b9e30957c4388b6e,Judith Heumann,https://pi.tedcdn.com/r/pe.tedcdn.com/images/ted/dea39d1f254cc29c07eb9f773ba23ce746c02c83_254x191.jpg?w=255
6a034c24b9e30957c4388ba5,Sonia Park,https://tedblade-public-assets.s3.us-east-1.amazonaws.com/default-avatar.jpg
6a034c24d4881847be4b5073,Andy Yen,https://pi.tedcdn.com/r/pe.tedcdn.com/images/ted/232ee5d32ed51cf5a9996b0fb0e7eef030e304eb_254x191.jpg?w=255
6a034c24d4881847be4b5078,Anna Maria Coclite,https://tedblade-public-assets.s3.us-east-1.amazonaws.com/default-avatar.jpg
6a034c24d4881847be4b50b4,Cristin O'Keefe Aptowicz,https://tedblade-public-assets.s3.us-east-1.amazonaws.com/default-avatar.jpg
6a034c24d4881847be4b50c7,Frances Frei,https://pi.tedcdn.com/r/pe.tedcdn.com/images/ted/68fca70707688942e6595ebcdee09b1ea284e47e_254x191.jpg?w=255
6a034c24d4881847be4b5129,Julie Cordua,https://pi.tedcdn.com/r/pe.tedcdn.com/images/ted/c81af8f81c76bacd9708f8ae61769a5ae709cd55_254x191.jpg?w=255
6a034c24d4881847be4b513b,Sajan Saini,https://tedblade-public-assets.s3.us-east-1.amazonaws.com/default-avatar.jpg
6a034c24d4881847be4b5179,Rodney Mullen,https://pi.tedcdn.com/r/pe.tedcdn.com/images/ted/1775346853f6f1ab1f1cf4a3246ad2b26862aa57_254x191.jpg?w=255
6a034c24d4881847be4b517d,Sara Seager,https://pi.tedcdn.com/r/pe.tedcdn.com/images/ted/bc16600725e0b500d3e551c0c1a0f739b780a2ae_254x191.jpg?w=255
6a034c24d4881847be4b5189,Thomas Thwaites,https://pi.tedcdn.com/r/pe.tedcdn.com/images/ted/d0a37922d11ef165fefbe7a9045496b51abded98_254x191.jpg?w=255
6a034c24d4881847be4b51ce,Jonathan Tepperman,https://pi.tedcdn.com/r/pe.tedcdn.com/images/ted/a2845fbecc7203ed2d50d292c4f2c1e1e8efa294_254x191.jpg?w=255
6a034c24b9e30957c43889e8,Emeli Sandé,https://pi.tedcdn.com/r/pe.tedcdn.com/images/ted/901cbaa96ef1c013868b34878ad3815398b5f32c_254x191.jpg?w=255
6a034c24d4881847be4b51e1,Maria Bezaitis,https://pi.tedcdn.com/r/pe.tedcdn.com/images/ted/a2b4b6e617ae995c902349f5143e9aaaaa6eee5b_254x191.jpg?w=255
6a034c24b9e30957c4388a16,Khadijah Tribble,https://pi.tedcdn.com/r/pe.tedcdn.com/images/ted/4861c57c61c13a721cf5b2f5c123e19ed3eede47_254x191.jpg?w=255
6a034c24d4881847be4b51f9,Philip Krinks,https://tedblade-public-assets.s3.us-east-1.amazonaws.com/default-avatar.jpg
6a034c24b9e30957c4388a69,Rosalind Picard,https://pi.tedcdn.com/r/pe.tedcdn.com/images/ted/cf769d5e017b7a693c7f830b63722d53d0d6ad53_254x191.jpg?w=255
6a034c24d4881847be4b5231,Christine Thach,https://tedblade-public-assets.s3.us-east-1.amazonaws.com/default-avatar.jpg
6a034c24d4881847be4b5258,Julia Dhar,https://pi.tedcdn.com/r/pe.tedcdn.com/images/ted/3b961ba0c5630eac013f8b17f0a6e48d08241f0a_254x191.jpg?w=255
6a034c24d4881847be4b525a,Karen DeSalvo,https://pi.tedcdn.com/r/pe.tedcdn.com/images/ted/7702aef673adb5cac322d1b2a242947d103cf1ec_254x191.jpg?w=255
6a034c24d4881847be4b526b,Maxim Timchenko,https://pi.tedcdn.com/r/ted-conferences-speaker-photos-production.s3.amazonaws.com/054ots4qszjtu21glrss6hdxk7pu?w=255
6a034c24d4881847be4b5278,Morra Aarons-Mele,https://pi.tedcdn.com/r/pe.tedcdn.com/images/ted/f9678e66320520e8cfcaba3515721227c32f3e29_254x191.jpg?w=255
6a034c24d4881847be4b529d,Thomas P. Campbell,https://tedblade-public-assets.s3.us-east-1.amazonaws.com/default-avatar.jpg
6a034c24da446a102707f39b,Alessandra Orofino,https://pi.tedcdn.com/r/pe.tedcdn.com/images/ted/7b2b022a4e2a646a6806dd03c1283672a5018234_254x191.jpg?w=255
6a034c24da446a102707f3ce,Frances S. Chance,https://tedblade-public-assets.s3.us-east-1.amazonaws.com/default-avatar.jpg
6a034c24da446a102707f3dc,James Kozloski,https://tedblade-public-assets.s3.us-east-1.amazonaws.com/default-avatar.jpg
6a034c24da446a102707f3de,Jane Ferguson,https://pi.tedcdn.com/r/ted-conferences-speaker-photos-production.s3.amazonaws.com/f51chsdfxn4yyx2su8e0ra6b2zyy?w=255
6a034c24da446a102707f411,Mary Roach,https://pi.tedcdn.com/r/pe.tedcdn.com/images/ted/90620_254x191.jpg?w=255
6a034c24da446a102707f425,Dave Matthews,https://tedblade-public-assets.s3.us-east-1.amazonaws.com/default-avatar.jpg
6a034c24da446a102707f437,Enrico Ramirez-Ruiz,https://pi.tedcdn.com/r/pe.tedcdn.com/images/ted/461262e7952a5b6082749b237b4f51f24402ca2f_254x191.jpg?w=255
6a034c24da446a102707f43a,Pardis Parker,https://pi.tedcdn.com/r/ted-conferences-speaker-photos-production.s3.amazonaws.com/57nfaweu2eiumw93g4fxtcnvk3se?w=255
6a034c24da446a102707f43c,Pattie Gonia,https://pi.tedcdn.com/r/ted-conferences-speaker-photos-production.s3.amazonaws.com/iflan2jh91wqz3kr911lt22z39cu?w=255
6a034c24da446a102707f440,Peter Donnelly,https://pi.tedcdn.com/r/pe.tedcdn.com/images/ted/1298_254x191.jpg?w=255
6a034c24b9e30957c4388b9c,Roger McNamee,https://pi.tedcdn.com/r/pe.tedcdn.com/images/ted/5175393433ff6adb3ff22f0a6d55fa463c5fb7d6_254x191.jpg?w=255
6a034c24da446a102707f44a,Hasan Elahi,https://pi.tedcdn.com/r/pe.tedcdn.com/images/ted/5ce5395eaeb9193977b2680fe419ddf41b190c49_254x191.jpg?w=255
6a034c24d4881847be4b5063, Duckwrth,https://pi.tedcdn.com/r/ted-conferences-speaker-photos-production.s3.amazonaws.com/5snr8wibk5prvp3mibuwnj6pg195?w=255
6a034c24d4881847be4b5092,Ben Kacyra,https://pi.tedcdn.com/r/pe.tedcdn.com/images/ted/c73e9b931d8af0051ff55dc0c34b06b075da0bd3_254x191.jpg?w=255
6a034c24da446a102707f456,Hugo Mercier,https://tedblade-public-assets.s3.us-east-1.amazonaws.com/default-avatar.jpg
6a034c24da446a102707f45e,Jared Hill,https://tedblade-public-assets.s3.us-east-1.amazonaws.com/default-avatar.jpg
6a034c24da446a102707f46b,Storybook Maze,https://pi.tedcdn.com/r/ted-conferences-speaker-photos-production.s3.amazonaws.com/r7a1xs39lyr21is2ys01tsemw4fo?w=255
6a034c24da446a102707f482,Malcolm McLaren,https://tedblade-public-assets.s3.us-east-1.amazonaws.com/default-avatar.jpg
6a034c24da446a102707f4c9,Derren Brown,https://pi.tedcdn.com/r/pe.tedcdn.com/images/ted/f600376d2b35ca2023410ccb9ca4e8225f434af6_254x191.jpg?w=255
6a034c24da446a102707f4ff,Vikas Jaitely,https://tedblade-public-assets.s3.us-east-1.amazonaws.com/default-avatar.jpg
6a034c24da446a102707f544,Stacey Abrams,https://pi.tedcdn.com/r/pe.tedcdn.com/images/ted/fbe7f28b3b8f844131344d8c2f06316611a0aa4a_254x191.jpg?w=255
6a034c24da446a102707f564,William Sieghart,https://tedblade-public-assets.s3.us-east-1.amazonaws.com/default-avatar.jpg
6a034c24da446a102707f57a,Avi Rubin,https://pi.tedcdn.com/r/pe.tedcdn.com/images/ted/06b2b081e417f10a0d143de8965a55e2f9002446_254x191.jpg?w=255
6a034c24d4881847be4b50d7,Elizabeth White,https://pi.tedcdn.com/r/pe.tedcdn.com/images/ted/0d75e7f722e4b0bc98cb323d786b0e47ec7e6f26_254x191.jpg?w=255
6a034c24da446a102707f5ff,Susan Ruffo,https://pi.tedcdn.com/r/pe.tedcdn.com/images/ted/cf0ba934077e5ed863f0917157cc2a04063544e6_254x191.jpg?w=255
6a034c24d4881847be4b5105,Imran Chaudhri,https://pi.tedcdn.com/r/ted-conferences-speaker-photos-production.s3.amazonaws.com/vpgcnh34qkn8zcpzi8nhbkcgd66n?w=255
6a034c24d4881847be4b5115,Jerry Chow,https://tedblade-public-assets.s3.us-east-1.amazonaws.com/default-avatar.jpg
6a034c24da446a102707f60d,Will Guidara,https://pi.tedcdn.com/r/ted-conferences-speaker-photos-production.s3.amazonaws.com/uusr7eul7n3dvy3nnfzv0h5t5dt8?w=255
6a034c24d4881847be4b5122,Oleksandra Matviichuk,https://pi.tedcdn.com/r/ted-conferences-speaker-photos-production.s3.amazonaws.com/utuoqomx0n1u3bo8j1rgyb4sdmse?w=255
6a034c25b4b11d1a485861ea,Jasmine Crowe,https://tedblade-public-assets.s3.us-east-1.amazonaws.com/default-avatar.jpg
6a034c24d4881847be4b5177,Robert Strong,https://tedblade-public-assets.s3.us-east-1.amazonaws.com/default-avatar.jpg
6a034c25b4b11d1a48586214,Hubertus Knabe,https://pi.tedcdn.com/r/pe.tedcdn.com/images/ted/947dde5b238f227fd41cf37a9e74f77c628e441b_254x191.jpg?w=255
6a034c24d4881847be4b51bb,Gaya Herrington,https://pi.tedcdn.com/r/ted-conferences-speaker-photos-production.s3.amazonaws.com/lhgceqcvy19dtsolcu4ggchvcqrm?w=255
6a034c25b4b11d1a4858622c,Jennifer Zhu Scott,https://pi.tedcdn.com/r/pe.tedcdn.com/images/ted/7a805d56138358f2bc4c7ccb698105636ac1c97e_254x191.jpg?w=255
6a034c24d4881847be4b51c7,Jeffrey Kluger,https://pi.tedcdn.com/r/pe.tedcdn.com/images/ted/1ae67dd3fff4576f53d1f1bb4f7746c699089352_254x191.jpg?w=255
6a034c25b4b11d1a48586251,Leslie Perlow,https://tedblade-public-assets.s3.us-east-1.amazonaws.com/default-avatar.jpg
6a034c24d4881847be4b5200,Sarah E. Tracy,https://tedblade-public-assets.s3.us-east-1.amazonaws.com/default-avatar.jpg
6a034c25b4b11d1a485862a6,Abbas Ardehali,https://pi.tedcdn.com/r/ted-conferences-speaker-photos-production.s3.amazonaws.com/ox4qd6ztw97d46636d76txqs6t3y?w=255
6a034c24d4881847be4b5201,Sean Goode,https://pi.tedcdn.com/r/ted-conferences-speaker-photos-production.s3.amazonaws.com/mgn6uen67pcag5khjupl9ttmput9?w=255
6a034c25b4b11d1a485862a9,Wajahat Ali,https://pi.tedcdn.com/r/pe.tedcdn.com/images/ted/703ab9354124b0bc142688039078e98f073de664_254x191.jpg?w=255
6a034c24d4881847be4b5230,Chika Ezeanya-Esiobu,https://tedblade-public-assets.s3.us-east-1.amazonaws.com/default-avatar.jpg
6a034c25b4b11d1a485862d2,Dimitar Sasselov,https://pi.tedcdn.com/r/pe.tedcdn.com/images/ted/185389_254x191.jpg?w=255
6a034c24d4881847be4b5244,Gowri Shankar,https://pi.tedcdn.com/r/pe.tedcdn.com/images/ted/5321423315825c42a0c91bc41a0123fd196c3b1a_254x191.jpg?w=255
6a034c24d4881847be4b524b,Jack Levis,https://tedblade-public-assets.s3.us-east-1.amazonaws.com/default-avatar.jpg
6a034c25b4b11d1a485862fa,Megan Alubicki Flick,https://tedblade-public-assets.s3.us-east-1.amazonaws.com/default-avatar.jpg
6a034c24d4881847be4b5277,Mohan Sivaloganathan,https://pi.tedcdn.com/r/ted-conferences-speaker-photos-production.s3.amazonaws.com/n4tf9sn0l4zfzkzdi8yj7y4801jx?w=255
6a034c25b4b11d1a48586350,Scott Galloway,https://pi.tedcdn.com/r/ted-conferences-speaker-photos-production.s3.amazonaws.com/8d3w9gsaqyylmjs1zi36ej1713yl?w=255
6a034c24da446a102707f3a6,Brian Cox,https://pi.tedcdn.com/r/pe.tedcdn.com/images/ted/40122_254x191.jpg?w=255
6a034c25b4b11d1a48586352,Shaka Senghor,https://pi.tedcdn.com/r/pe.tedcdn.com/images/ted/ca90f7a80f1a4d1e0a1f01c358de7c12daff98e9_254x191.jpg?w=255
6a034c24da446a102707f3b9,David Wengrow,https://pi.tedcdn.com/r/ted-conferences-speaker-photos-production.s3.amazonaws.com/m0pxueexfk6lg5jrwhsu4cbr7zi4?w=255
6a034c25b4b11d1a4858638b,Natalie Cargill,https://pi.tedcdn.com/r/ted-conferences-speaker-photos-production.s3.amazonaws.com/vcnu0ci21trwn74j4elsmwsgqn2o?w=255
6a034c24da446a102707f3bc,Deborah Scranton,https://pi.tedcdn.com/r/pe.tedcdn.com/images/ted/16139_254x191.jpg?w=255
6a034c25b4b11d1a485863a0,Holly Morris,https://pi.tedcdn.com/r/pe.tedcdn.com/images/ted/c4587bc6399b67c8972164df27b6f74d7bbe1c07_254x191.jpg?w=255
6a034c24da446a102707f439,Fabien Cousteau,https://pi.tedcdn.com/r/pe.tedcdn.com/images/ted/c551ada6f7ad47bbc18952bf9e8437508cb217cf_254x191.jpg?w=255
6a034c24da446a102707f43d,Paul Sereno,https://pi.tedcdn.com/r/pe.tedcdn.com/images/ted/65127_254x191.jpg?w=255
6a034c24da446a102707f444,Phebe Vayanos,https://tedblade-public-assets.s3.us-east-1.amazonaws.com/default-avatar.jpg
6a034c24da446a102707f56c,Ai-jen Poo,https://pi.tedcdn.com/r/pe.tedcdn.com/images/ted/75d0b9f00f05f9b7ed31435079b25ee9793a21dc_254x191.jpg?w=255
6a034c24d4881847be4b5106,Markham Nolan,https://pi.tedcdn.com/r/pe.tedcdn.com/images/ted/c06f4c1dd55c8b12dc41f37e47102d313d938447_254x191.jpg?w=255
6a034c24b9e30957c4388aa6,Body Stuff with Jen Gunter,https://tedblade-public-assets.s3.us-east-1.amazonaws.com/default-avatar.jpg
6a034c24da446a102707f464,Jennifer Verduin,https://tedblade-public-assets.s3.us-east-1.amazonaws.com/default-avatar.jpg
6a034c24da446a102707f577,Ashley Ward,https://tedblade-public-assets.s3.us-east-1.amazonaws.com/default-avatar.jpg
6a034c24da446a102707f470,Kailash Satyarthi,https://pi.tedcdn.com/r/pe.tedcdn.com/images/ted/4496f5b332cb7a88cb011409efd21fe160fe6b6d_254x191.jpg?w=255
6a034c24b9e30957c4388ae2,Lauren Sallan,https://pi.tedcdn.com/r/ted-conferences-speaker-photos-production.s3.amazonaws.com/sioezuh63o78hcr2nue83yzg4wpp?w=255
6a034c24d4881847be4b5123,Jonathan Klein,https://pi.tedcdn.com/r/pe.tedcdn.com/images/ted/163370_254x191.jpg?w=255
6a034c24da446a102707f5ad,Jesse Schell,https://pi.tedcdn.com/r/pe.tedcdn.com/images/ted/161127_254x191.jpg?w=255
6a034c24da446a102707f471,Kare Anderson,https://pi.tedcdn.com/r/pe.tedcdn.com/images/ted/4aab99a0635310acdae795354abbf4a4001e1616_254x191.jpg?w=255
6a034c24b9e30957c4388ae4,Leo Igwe,https://pi.tedcdn.com/r/pe.tedcdn.com/images/ted/9c1f22957a39917d53ca29c15544a85a71969768_254x191.jpg?w=255
6a034c24d4881847be4b518d,Victoria Smith,https://tedblade-public-assets.s3.us-east-1.amazonaws.com/default-avatar.jpg
6a034c24da446a102707f47d, Detroit Youth Choir,https://tedblade-public-assets.s3.us-east-1.amazonaws.com/default-avatar.jpg
6a034c24b9e30957c4388b0a,Roey Tzezana,https://tedblade-public-assets.s3.us-east-1.amazonaws.com/default-avatar.jpg
6a034c24d4881847be4b519e,Annette Heuser,https://pi.tedcdn.com/r/pe.tedcdn.com/images/ted/adf52bceee178f16a740540d0473fd141c679e98_254x191.jpg?w=255
6a034c24da446a102707f5b5,Julian Treasure,https://pi.tedcdn.com/r/ted-conferences-speaker-photos-production.s3.amazonaws.com/gk8f39kb1iho16yjmcam92ahi15r?w=255
6a034c24da446a102707f4d5,Erika Gregory,https://pi.tedcdn.com/r/pe.tedcdn.com/images/ted/d11efa01944cf1fe42fd995ade339873dfc12c98_254x191.jpg?w=255
6a034c24d4881847be4b51a8,Chris Roe,https://pi.tedcdn.com/r/ted-conferences-speaker-photos-production.s3.amazonaws.com/pz5cb76gtjg71b9vk6um8s6jcpzv?w=255
6a034c24b9e30957c4388b16,Talithia Williams,https://pi.tedcdn.com/r/pe.tedcdn.com/images/ted/e16c09c51a5a0d3e91817751bb82e3c9186348e3_254x191.jpg?w=255
6a034c24da446a102707f5e0,Paul Catchlove,https://pi.tedcdn.com/r/ted-conferences-speaker-photos-production.s3.amazonaws.com/17olfov8yujsalaiwfrskr4a7pmk?w=255
6a034c24da446a102707f503,Wanda Diaz Merced,https://pi.tedcdn.com/r/pe.tedcdn.com/images/ted/7f985d3dfcd2aa5a87ba81e4bc1f84159fa1a661_254x191.jpg?w=255
6a034c24da446a102707f52c,Patrice Gordon,https://pi.tedcdn.com/r/pe.tedcdn.com/images/ted/a5eb8a3bdfc9d4a1a5da93f40751a85c36d85dca_254x191.jpg?w=255
6a034c25b4b11d1a4858618b,Amy Cuddy,https://pi.tedcdn.com/r/ted-conferences-speaker-photos-production.s3.amazonaws.com/2gcpvgy7ppgs6c4jaf6z6zw1dqfa?w=255
6a034c24d4881847be4b51b0,Diana Adams,https://pi.tedcdn.com/r/pe.tedcdn.com/images/ted/3f916dae48cb9c932cca097d21ce3a2d66917239_254x191.jpg?w=255
6a034c24b9e30957c4388b9b,Roger Doiron,https://pi.tedcdn.com/r/pe.tedcdn.com/images/ted/5e79a5ff91ab89d0be402c7fc4b9fe982ae1cbba_254x191.jpg?w=255
6a034c25b4b11d1a4858618d,Andrei Adam,https://tedblade-public-assets.s3.us-east-1.amazonaws.com/default-avatar.jpg
6a034c25b4b11d1a48586193,Antonella Mei-Pochtler,https://tedblade-public-assets.s3.us-east-1.amazonaws.com/default-avatar.jpg
6a034c25b4b11d1a485861f7,Karen L. Cox,https://tedblade-public-assets.s3.us-east-1.amazonaws.com/default-avatar.jpg
6a034c24da446a102707f549,Tammy Lally,https://pi.tedcdn.com/r/pe.tedcdn.com/images/ted/7072ae5f7e2bc5ddb17e918bfde53c596e859803_254x191.jpg?w=255
6a034c25b4b11d1a48586200,Kristalina Georgieva,https://pi.tedcdn.com/r/pe.tedcdn.com/images/ted/8582e7705dac4443607d7e34b5328decaa0b94b0_254x191.jpg?w=255
6a034c24da446a102707f571,Amy Purdy,https://pi.tedcdn.com/r/pe.tedcdn.com/images/ted/23986d9dcf1f71d5c884ecba2eb7d699bed86f59_254x191.jpg?w=255
6a034c25b4b11d1a48586222,Nat Keohane,https://pi.tedcdn.com/r/pe.tedcdn.com/images/ted/06195e5b457b8290d61ab3f142bd58dfa959310e_254x191.jpg?w=255
6a034c24da446a102707f59d,Gary Slutkin,https://pi.tedcdn.com/r/pe.tedcdn.com/images/ted/20c70d34ce84943e705354f606df8690610a0e64_254x191.jpg?w=255
6a034c25b4b11d1a4858626a,Maryam Banikarim,https://pi.tedcdn.com/r/ted-conferences-speaker-photos-production.s3.amazonaws.com/4rxgufmsanqcjv7ujf2qkufqn5bq?w=255
6a034c24da446a102707f5e9,Regina Mossotti,https://tedblade-public-assets.s3.us-east-1.amazonaws.com/default-avatar.jpg
6a034c25b4b11d1a4858628b,Samy Nour Younes,https://pi.tedcdn.com/r/pe.tedcdn.com/images/ted/e293f66d582d2d78de3e6a02ab28c3fe90845f3a_254x191.jpg?w=255
6a034c25b4b11d1a4858618e,Andrew C. Isenberg,https://tedblade-public-assets.s3.us-east-1.amazonaws.com/default-avatar.jpg
6a034c25b4b11d1a485862d6,Emily Leproust,https://pi.tedcdn.com/r/pe.tedcdn.com/images/ted/ce18dac26540a81a90b6778a7623819651ab9539_254x191.jpg?w=255
6a034c25b4b11d1a485861ba,Erick Wilberding,https://tedblade-public-assets.s3.us-east-1.amazonaws.com/default-avatar.jpg
6a034c25b4b11d1a485862d7,Fabian Oefner,https://pi.tedcdn.com/r/pe.tedcdn.com/images/ted/7815a2e73e8199bf66a4a8b39844616839a91063_254x191.jpg?w=255
6a034c25b4b11d1a48586310,Craig A. Kohn,https://tedblade-public-assets.s3.us-east-1.amazonaws.com/default-avatar.jpg
6a034c24d4881847be4b51c8,Jehane Noujaim,https://pi.tedcdn.com/r/pe.tedcdn.com/images/ted/1315_253x190.jpg?w=255
6a034c25b4b11d1a48586314,Katherine Saunders,https://pi.tedcdn.com/r/ted-conferences-speaker-photos-production.s3.amazonaws.com/rqlz3c18goic69c6r2tdz7cv5zi5?w=255
6a034c24d4881847be4b51d9,Kyra Gaunt,https://pi.tedcdn.com/r/ted-conferences-speaker-photos-production.s3.amazonaws.com/d28we3hxh09rqym44so2i7qwy5sh?w=255
6a034c25b4b11d1a48586337,Maria Arnal,https://pi.tedcdn.com/r/ted-conferences-speaker-photos-production.s3.amazonaws.com/u4975axiyzpjvifqyp4gurgi15xh?w=255
6a034c25b4b11d1a4858633d,James A. White Sr.,https://tedblade-public-assets.s3.us-east-1.amazonaws.com/default-avatar.jpg
6a034c24d4881847be4b51e0,Marco Tempest,https://pi.tedcdn.com/r/pe.tedcdn.com/images/ted/16adb879852687bc295b7090c349dc97f6aae6ba_254x191.jpg?w=255
6a034c25b4b11d1a48586361,Alex Honnold,https://pi.tedcdn.com/r/pe.tedcdn.com/images/ted/c9410da75d9d175ac439dd6391f4a38a9b0e081a_254x191.jpg?w=255
6a034c24b9e30957c4388ba1,Scott Williams,https://pi.tedcdn.com/r/pe.tedcdn.com/images/ted/073e1f77aa60fd45d9a817ef2fae70235cc27c03_254x191.jpg?w=255
6a034c24d4881847be4b522b,Bryan William Jones,https://tedblade-public-assets.s3.us-east-1.amazonaws.com/default-avatar.jpg
6a034c25b4b11d1a485861c3,Ariel Garten,https://pi.tedcdn.com/r/pe.tedcdn.com/images/ted/271ffe672e250ea2fc054056f7290d284e453d30_254x191.jpg?w=255
6a034c25b4b11d1a485861c9,Bobby Ghosh,https://pi.tedcdn.com/r/pe.tedcdn.com/images/ted/2f951312774eea3c048aa180503db0bd7e4cd979_254x191.jpg?w=255
6a034c24d4881847be4b508a,Bernie Krause,https://tedblade-public-assets.s3.us-east-1.amazonaws.com/default-avatar.jpg
6a034c24d4881847be4b525b,Kevin Rudd,https://pi.tedcdn.com/r/pe.tedcdn.com/images/ted/7081a3106f946ad55e0d4f28d96834860a879e83_254x191.jpg?w=255
6a034c24d4881847be4b525f,Lewis Pugh,https://pi.tedcdn.com/r/pe.tedcdn.com/images/ted/114489_254x191.jpg?w=255
6a034c24d4881847be4b5287,Rachelle Garniez,https://pi.tedcdn.com/r/pe.tedcdn.com/images/ted/47072_254x191.jpg?w=255
6a034c24d4881847be4b50a8,Carolyn Porco,https://pi.tedcdn.com/r/pe.tedcdn.com/images/ted/16793_254x191.jpg?w=255
6a034c25b4b11d1a485861da,Cynthia Ong,https://tedblade-public-assets.s3.us-east-1.amazonaws.com/default-avatar.jpg
6a034c24d4881847be4b50cd,Gregory Petsko,https://pi.tedcdn.com/r/pe.tedcdn.com/images/ted/60723_254x191.jpg?w=255
6a034c25b4b11d1a485861f8,Eugenia Kuyda,https://tedblade-public-assets.s3.us-east-1.amazonaws.com/default-avatar.jpg
6a034c24d4881847be4b50df,Emma Rodero,https://tedblade-public-assets.s3.us-east-1.amazonaws.com/default-avatar.jpg
6a034c25b4b11d1a48586206,Lisa Margonelli,https://pi.tedcdn.com/r/pe.tedcdn.com/images/ted/193802_254x191.jpg?w=255
6a034c24d4881847be4b50f4,Gayle Tzemach Lemmon,https://pi.tedcdn.com/r/pe.tedcdn.com/images/ted/219f98afe3131a384fa70fc4f3d8a0b54d6d97cd_254x191.jpg?w=255
6a034c24da446a102707f3a2,Apiorkor Seyiram Ashong-Abbey,https://pi.tedcdn.com/r/pe.tedcdn.com/images/ted/c0252f2b8e77be5c1fe6ee606e7431cbee72846c_254x191.jpg?w=255
6a034c25b4b11d1a4858621c,Moreangels Mbizah,https://pi.tedcdn.com/r/pe.tedcdn.com/images/ted/90b1c7560a98ac0f42bce9bd52a47cff08178e9f_254x191.jpg?w=255
6a034c24da446a102707f3ad,Christien Meindertsma,https://pi.tedcdn.com/r/pe.tedcdn.com/images/ted/200450_254x191.jpg?w=255
6a034c25b4b11d1a48586226,Neil Bradbury,https://tedblade-public-assets.s3.us-east-1.amazonaws.com/default-avatar.jpg
6a034c25b4b11d1a48586230,Jessie Reyez,https://pi.tedcdn.com/r/ted-conferences-speaker-photos-production.s3.amazonaws.com/tgvrftq8w7r5jzpvmxitljadp1ev?w=255
6a034c24da446a102707f429,Deborah Gordon,https://pi.tedcdn.com/r/pe.tedcdn.com/images/ted/5684cdf77548fe6deaa1b865e95fa233fffd9fe7_254x191.jpg?w=255
6a034c24d4881847be4b5140,Samantha Nutt,https://pi.tedcdn.com/r/pe.tedcdn.com/images/ted/282151f40728bd98c99aa5aa1e319dadc29f9e88_254x191.jpg?w=255
6a034c25b4b11d1a48586231,Paul Lewis,https://pi.tedcdn.com/r/pe.tedcdn.com/images/ted/8606d19c4ea0ec5df99d1e95d580c12163641504_254x191.jpg?w=255
6a034c24da446a102707f42c,Derek Banta,https://tedblade-public-assets.s3.us-east-1.amazonaws.com/default-avatar.jpg
6a034c24d4881847be4b516f,Pere Estupinyà,https://tedblade-public-assets.s3.us-east-1.amazonaws.com/default-avatar.jpg
6a034c25b4b11d1a48586254,Surya Ganguli,https://tedblade-public-assets.s3.us-east-1.amazonaws.com/default-avatar.jpg
6a034c24d4881847be4b51b6,Emilie Weight,https://tedblade-public-assets.s3.us-east-1.amazonaws.com/default-avatar.jpg
6a034c24da446a102707f43e,G. Willow Wilson,https://tedblade-public-assets.s3.us-east-1.amazonaws.com/default-avatar.jpg
6a034c25b4b11d1a48586273,Michelle Brown,https://tedblade-public-assets.s3.us-east-1.amazonaws.com/default-avatar.jpg
6a034c24d4881847be4b51c9,Jeremy Howard,https://pi.tedcdn.com/r/pe.tedcdn.com/images/ted/c8d0a302e6fecb23f6a75b2a1d36f775c626348a_254x191.jpg?w=255
6a034c24da446a102707f450,Heidi M. Sosik,https://tedblade-public-assets.s3.us-east-1.amazonaws.com/default-avatar.jpg
6a034c25b4b11d1a485862a5,Van Jones,https://pi.tedcdn.com/r/ted-conferences-speaker-photos-production.s3.amazonaws.com/r2jro2zyt4bt4e75z94aufdljbn7?w=255
6a034c24d4881847be4b51f4,Paul Zak,https://pi.tedcdn.com/r/pe.tedcdn.com/images/ted/cdb9f15bf2a99648b5ccddf55da4d98acabd3919_254x191.jpg?w=255
6a034c25b4b11d1a48586300,K Allado-McDowell,https://tedblade-public-assets.s3.us-east-1.amazonaws.com/default-avatar.jpg
6a034c24da446a102707f45b,Jamil Abu-Wardeh,https://pi.tedcdn.com/r/pe.tedcdn.com/images/ted/192131_254x191.jpg?w=255
6a034c24d4881847be4b5210,Taneka Jones,https://tedblade-public-assets.s3.us-east-1.amazonaws.com/default-avatar.jpg
6a034c24da446a102707f4a7,Carson Bruns,https://pi.tedcdn.com/r/pe.tedcdn.com/images/ted/db5ddb9c9758ee7bcc3da447fc1599dac519f32f_254x191.jpg?w=255
6a034c25b4b11d1a4858631a,Eben Bayer,https://pi.tedcdn.com/r/pe.tedcdn.com/images/ted/203382_254x191.jpg?w=255
6a034c25b4b11d1a48586320,Adam Munder,https://pi.tedcdn.com/r/ted-conferences-speaker-photos-production.s3.amazonaws.com/aqv8ptizuzkjk4z2ni38uzpf2c8w?w=255
6a034c24d4881847be4b524a,JA Collective,https://pi.tedcdn.com/r/ted-conferences-speaker-photos-production.s3.amazonaws.com/hsf7sei601cjywe07skaqg32s36s?w=255
6a034c24da446a102707f4cf,Saad Bhamla,https://pi.tedcdn.com/r/pe.tedcdn.com/images/ted/d6c3c5089c65deb6e722965583db2fe88a45674d_254x191.jpg?w=255
6a034c25b4b11d1a48586346,Bruno Bowden + Rufus Cappadocia,https://tedblade-public-assets.s3.us-east-1.amazonaws.com/default-avatar.jpg
6a034c24da446a102707f4d9,Eva Vertes,https://pi.tedcdn.com/r/pe.tedcdn.com/images/ted/857138c8562f97307725a26167a0c2687d92e5c3_254x191.jpg?w=255
6a034c24d4881847be4b52a6,Zainab Salbi,https://pi.tedcdn.com/r/pe.tedcdn.com/images/ted/b35927e477cfc609c7d33c13c2791dadd9b783ac_254x191.jpg?w=255
6a034c25b4b11d1a48586368,Liz Powers,https://tedblade-public-assets.s3.us-east-1.amazonaws.com/default-avatar.jpg
6a034c24da446a102707f517,Lily Yeh,https://pi.tedcdn.com/r/ted-conferences-speaker-photos-production.s3.amazonaws.com/mwehhdjur8p8y6svk1j1log4w7sr?w=255
6a034c25b4b11d1a48586370,Sean Gourley,https://pi.tedcdn.com/r/pe.tedcdn.com/images/ted/86686_254x191.jpg?w=255
6a034c24da446a102707f40b,Markus Fischer,https://pi.tedcdn.com/r/pe.tedcdn.com/images/ted/4a07f172b7ec15cd4d830b1e31a6bbe8fd3e9619_254x191.jpg?w=255
6a034c24da446a102707f53d,Shankar Vedantam,https://pi.tedcdn.com/r/ted-conferences-speaker-photos-production.s3.amazonaws.com/2ud8bjacwguys0rv4x5zkj0gbwoy?w=255
6a034c25b4b11d1a4858638e,James McManus,https://tedblade-public-assets.s3.us-east-1.amazonaws.com/default-avatar.jpg
6a034c24da446a102707f41a,Michael Bierut,https://pi.tedcdn.com/r/pe.tedcdn.com/images/ted/826b6601ee4a297486eed1758d9d601b064adc7b_254x191.jpg?w=255
6a034c25b4b11d1a48586395,Roger Ebert,https://pi.tedcdn.com/r/pe.tedcdn.com/images/ted/c3306fe110f549cc0d73b2163ace1516b3cbb37b_254x191.jpg?w=255
6a034c24da446a102707f44d,Reggie Watts,https://pi.tedcdn.com/r/ted-conferences-speaker-photos-production.s3.amazonaws.com/rpgqznveeejcp7f8v58vdmg37f77?w=255
6a034c24da446a102707f553,Susan David,https://pi.tedcdn.com/r/pe.tedcdn.com/images/ted/e4ad6d210405da09f7f5f2d5a3c9ddd9a189714b_254x191.jpg?w=255
6a034c24da446a102707f46c,José Américano N L F de Freitas,https://tedblade-public-assets.s3.us-east-1.amazonaws.com/default-avatar.jpg
6a034c24da446a102707f58c,Diane J. Rayor,https://tedblade-public-assets.s3.us-east-1.amazonaws.com/default-avatar.jpg
6a034c24da446a102707f4b7,Dana Cowin,https://tedblade-public-assets.s3.us-east-1.amazonaws.com/default-avatar.jpg
6a034c24da446a102707f4f5,Jeff Kozak,https://tedblade-public-assets.s3.us-east-1.amazonaws.com/default-avatar.jpg
6a034c24da446a102707f5a9,Jaron Lanier,https://pi.tedcdn.com/r/pe.tedcdn.com/images/ted/f88a3ac7335a188296ffc86963d188990e710297_254x191.jpg?w=255
6a034c24da446a102707f52d,Paul Ewald,https://pi.tedcdn.com/r/pe.tedcdn.com/images/ted/40993_254x191.jpg?w=255
6a034c25b4b11d1a4858619a,Burt Rutan,https://pi.tedcdn.com/r/pe.tedcdn.com/images/ted/1439_253x190.jpg?w=255
6a034c24da446a102707f530,Paul Tudor Jones II,https://pi.tedcdn.com/r/pe.tedcdn.com/images/ted/38db26ab59075ef91ba1eacb40a03d83542f3e95_254x191.jpg?w=255
6a034c25b4b11d1a4858619b,Carolyn Marshall,https://tedblade-public-assets.s3.us-east-1.amazonaws.com/default-avatar.jpg
6a034c25b4b11d1a485861b9,Andrew Bastawrous,https://pi.tedcdn.com/r/ted-conferences-speaker-photos-production.s3.amazonaws.com/5bnuix3xl0r51eqs8xc93ntyg1oq?w=255
6a034c24da446a102707f559,Titus Kaphar,https://pi.tedcdn.com/r/pe.tedcdn.com/images/ted/1251e9de3c21c443b55ac464d7fc179b212b044a_254x191.jpg?w=255
6a034c25b4b11d1a4858620b,Guy-Philippe Goldstein,https://pi.tedcdn.com/r/pe.tedcdn.com/images/ted/fa7fe43917158cded042824925e2deadaaeaff85_254x191.jpg?w=255
6a034c24da446a102707f58b,Deepika Kurup,https://pi.tedcdn.com/r/pe.tedcdn.com/images/ted/2386040d9fd536effd83d09393251ebc65c99619_254x191.jpg?w=255
6a034c25b4b11d1a48586268,Zahra Biabani,https://pi.tedcdn.com/r/ted-conferences-speaker-photos-production.s3.amazonaws.com/cujkn27egd20orpz0ec2kav1a3n1?w=255
6a034c25b4b11d1a4858626b,Maryn McKenna,https://pi.tedcdn.com/r/pe.tedcdn.com/images/ted/16231c05c7cb2420ee86cede5f7e64aad8927c01_254x191.jpg?w=255
6a034c24da446a102707f593,Emily Grubert,https://pi.tedcdn.com/r/ted-conferences-speaker-photos-production.s3.amazonaws.com/joahul7utteo965oe4qj6rebc8my?w=255
6a034c25b4b11d1a48586277,Nanshu Lu,https://tedblade-public-assets.s3.us-east-1.amazonaws.com/default-avatar.jpg
6a034c24da446a102707f5b4,Joshua Silver,https://pi.tedcdn.com/r/pe.tedcdn.com/images/ted/112542_254x191.jpg?w=255
6a034c25b4b11d1a485862f4,John Sabraw,https://tedblade-public-assets.s3.us-east-1.amazonaws.com/default-avatar.jpg
6a034c24da446a102707f5cc,Matt Killingsworth,https://pi.tedcdn.com/r/pe.tedcdn.com/images/ted/2c31a383dc6466c1f21f5d82de71c340817731fe_254x191.jpg?w=255
6a034c25b4b11d1a48586386,Stephanie R. Yates-Anyabwile,https://tedblade-public-assets.s3.us-east-1.amazonaws.com/default-avatar.jpg
6a034c24da446a102707f5ce,Mehdi Ordikhani-Seyedlar,https://pi.tedcdn.com/r/pe.tedcdn.com/images/ted/9b3dcefbcf9c769b0f24da3e89d0ae75af00f675_254x191.jpg?w=255
6a034c24da446a102707f601,Tara Djokic,https://pi.tedcdn.com/r/pe.tedcdn.com/images/ted/d9541304dcbf1d58c3795696279559f1c03153bc_254x191.jpg?w=255
6a034c25b4b11d1a48586195,April Gudenrath,https://tedblade-public-assets.s3.us-east-1.amazonaws.com/default-avatar.jpg
6a034c25b4b11d1a485861a5,David Rothkopf,https://pi.tedcdn.com/r/pe.tedcdn.com/images/ted/1f09e1f42963992f4dfcbdfcf8454088b991bd18_254x191.jpg?w=255
6a034c25b4b11d1a485861d5,Chip Kidd,https://pi.tedcdn.com/r/pe.tedcdn.com/images/ted/e9a37d5307d25f97ca0ac96254db199c12a57757_254x191.jpg?w=255
6a034c25b4b11d1a48586216,Irwin Redlener,https://pi.tedcdn.com/r/pe.tedcdn.com/images/ted/82807_254x191.jpg?w=255
6a034c25b4b11d1a4858627d,Pat Mitchell,https://pi.tedcdn.com/r/ted-conferences-speaker-photos-production.s3.amazonaws.com/b8e0rgck52c9wdi5uuucz0cof9ob?w=255
6a034c25b4b11d1a485862a7,Viviana Alvarez,https://tedblade-public-assets.s3.us-east-1.amazonaws.com/default-avatar.jpg
6a034c25b4b11d1a485862d1,Dennis Hong,https://pi.tedcdn.com/r/ted-conferences-speaker-photos-production.s3.amazonaws.com/jrthcf70bzqx66s45yqzmchuqbsp?w=255
6a034c25b4b11d1a48586303,Carol Fishman Cohen,https://tedblade-public-assets.s3.us-east-1.amazonaws.com/default-avatar.jpg
6a034c25b4b11d1a4858634f,Nonette Royo,https://pi.tedcdn.com/r/ted-conferences-speaker-photos-production.s3.amazonaws.com/1oyfc4l2wpu5hfn3puqukixphek8?w=255
6a034c25b4b11d1a4858635d,Steven Zheng,https://tedblade-public-assets.s3.us-east-1.amazonaws.com/default-avatar.jpg
6a034c25b4b11d1a48586372,Thomas Boothby,https://tedblade-public-assets.s3.us-east-1.amazonaws.com/default-avatar.jpg
6a034c25b4b11d1a48586381,Hartmut Neven,https://pi.tedcdn.com/r/ted-conferences-speaker-photos-production.s3.amazonaws.com/n1k0s5963vdhco5qfl8c750qoj0e?w=255
6a034c2435bf06475c27ae6d,Chris Abani,https://pi.tedcdn.com/r/pe.tedcdn.com/images/ted/7c102ef562417c970f6a13fe72a5d3072b01f71e_254x191.jpg?w=255
6a034c2435bf06475c27ae74,David Merrill,https://pi.tedcdn.com/r/pe.tedcdn.com/images/ted/57d234093fd40d9e61f47c79a457f9ba1025a640_254x191.jpg?w=255
6a034c2435bf06475c27ae92,Jeannie Suk Gersen,https://pi.tedcdn.com/r/pe.tedcdn.com/images/ted/ee55688821434fdf72959ddeb4da0cc459ddd2e1_254x191.jpg?w=255
6a034c2435bf06475c27aeb1,Marlon Peterson,https://pi.tedcdn.com/r/pe.tedcdn.com/images/ted/a17c18a8ec9a012350524f88971469b1f8312e48_254x191.jpg?w=255
6a034c2435bf06475c27aeb8,Michele Wucker,https://pi.tedcdn.com/r/pe.tedcdn.com/images/ted/697bc357cee25767b3e0ef12a0ab8b5c1660d30a_254x191.jpg?w=255
6a034c2435bf06475c27af0c,Bob Schneider,https://tedblade-public-assets.s3.us-east-1.amazonaws.com/default-avatar.jpg
6a034c2435bf06475c27af17,Catherine Mohr,https://pi.tedcdn.com/r/pe.tedcdn.com/images/ted/97055_254x191.jpg?w=255
6a034c2435bf06475c27af2c,Dan Knights,https://pi.tedcdn.com/r/pe.tedcdn.com/images/ted/92108ff985fdf71893e7e997f796ecdad0f4601a_254x191.jpg?w=255
6a034c2435bf06475c27af37,Eric Hinterman,https://pi.tedcdn.com/r/pe.tedcdn.com/images/ted/22ce205e7ca2fde009de8841e204a3758c4f3716_254x191.jpg?w=255
6a034c2435bf06475c27af82,Kay Read,https://tedblade-public-assets.s3.us-east-1.amazonaws.com/default-avatar.jpg
6a034c2435bf06475c27af93,Luca Turin,https://pi.tedcdn.com/r/pe.tedcdn.com/images/ted/58175_254x191.jpg?w=255
6a034c2435bf06475c27af95,Luhan Yang,https://pi.tedcdn.com/r/pe.tedcdn.com/images/ted/b2278a844e502b82e0977c606bc3e3d05a652469_254x191.jpg?w=255
6a034c2435bf06475c27af9e,Mar Hershenson,https://pi.tedcdn.com/r/ted-conferences-speaker-photos-production.s3.amazonaws.com/6ivg3dxujksvaoujs3c5pd6j99uq?w=255
6a034c2435bf06475c27afad,Niels Diffrient,https://pi.tedcdn.com/r/pe.tedcdn.com/images/ted/84967_254x191.jpg?w=255
6a034c2435bf06475c27afb8,Rajeev Ronanki,https://tedblade-public-assets.s3.us-east-1.amazonaws.com/default-avatar.jpg
6a034c2435bf06475c27afd5,Simon Stiell,https://pi.tedcdn.com/r/ted-conferences-speaker-photos-production.s3.amazonaws.com/ot9ikd8avcndboqk9k5kw8jkcerz?w=255
6a034c2435bf06475c27b016,Beeban Kidron,https://pi.tedcdn.com/r/pe.tedcdn.com/images/ted/364b4e93faf762071c1a021916ad6a851e858b97_254x191.jpg?w=255
6a034c2435bf06475c27b05b,Katherine Eban,https://pi.tedcdn.com/r/pe.tedcdn.com/images/ted/65253e5f63d1a07c88ddc707e17d629318d81b7e_254x191.jpg?w=255
6a034c2435bf06475c27b0a4,Thelma Golden,https://pi.tedcdn.com/r/ted-conferences-speaker-photos-production.s3.amazonaws.com/wpyh9btvlnhbt3mibzpsvtjqs4rv?w=255
6a034c2437e0c30f44bd1d2d,Toby Eccles,https://pi.tedcdn.com/r/pe.tedcdn.com/images/ted/5c90f95318ce52f2ffc5602af54fcd48e187db95_254x191.jpg?w=255
6a034c2437e0c30f44bd1d31,Werner Reich,https://pi.tedcdn.com/r/pe.tedcdn.com/images/ted/95a4d5a742521962402cee15e8c14e69398bdabc_254x191.jpg?w=255
6a034c2437e0c30f44bd1d45,Bill Schutt,https://tedblade-public-assets.s3.us-east-1.amazonaws.com/default-avatar.jpg
6a034c2437e0c30f44bd1d64,George Blair-West,https://pi.tedcdn.com/r/pe.tedcdn.com/images/ted/d2a79659fbd221692b98c43b1002be47c5066221_254x191.jpg?w=255
6a034c2435bf06475c27ae90,Janelle Peters,https://tedblade-public-assets.s3.us-east-1.amazonaws.com/default-avatar.jpg
6a034c2437e0c30f44bd1dac,Alan Lupack,https://tedblade-public-assets.s3.us-east-1.amazonaws.com/default-avatar.jpg
6a034c2437e0c30f44bd1dc5,Chitra Aiyar,https://tedblade-public-assets.s3.us-east-1.amazonaws.com/default-avatar.jpg
6a034c2435bf06475c27aeb9,Molly Stevens,https://pi.tedcdn.com/r/pe.tedcdn.com/images/ted/f2ffb33a5f5b3173d733f9cac9ebfb404d0bc98a_254x191.jpg?w=255
6a034c2437e0c30f44bd1e15,Eric Sanderson,https://pi.tedcdn.com/r/pe.tedcdn.com/images/ted/121587_254x191.jpg?w=255
6a034c2435bf06475c27aec8,Roberto D'Angelo + Francesca Fedeli,https://tedblade-public-assets.s3.us-east-1.amazonaws.com/default-avatar.jpg
6a034c2437e0c30f44bd1e39,Jason B. Rosenthal,https://tedblade-public-assets.s3.us-east-1.amazonaws.com/default-avatar.jpg
6a034c2435bf06475c27aeca,RuPaul Charles,https://pi.tedcdn.com/r/ted-conferences-speaker-photos-production.s3.amazonaws.com/9e2mk4siitdx4wwepdqplrcackbg?w=255
6a034c2437e0c30f44bd1e5a,Leon Claessens,https://tedblade-public-assets.s3.us-east-1.amazonaws.com/default-avatar.jpg
6a034c2435bf06475c27aed0,Scott Hershberger,https://tedblade-public-assets.s3.us-east-1.amazonaws.com/default-avatar.jpg
6a034c2437e0c30f44bd1e7b,Mark Grimmer,https://pi.tedcdn.com/r/ted-conferences-speaker-photos-production.s3.amazonaws.com/xclsug69u05yrtjoe5lq32udr0lc?w=255
6a034c2435bf06475c27aef4,Beardyman,https://pi.tedcdn.com/r/pe.tedcdn.com/images/ted/86ebb41ddb67e86b2e4c633a0bee87765da624e0_254x191.jpg?w=255
6a034c2437e0c30f44bd1e8a,Poppy Crum,https://pi.tedcdn.com/r/pe.tedcdn.com/images/ted/284f28a25245a04794355c7f7059ae3f5860b3f6_254x191.jpg?w=255
6a034c2435bf06475c27ae75,David Sedlak,https://pi.tedcdn.com/r/pe.tedcdn.com/images/ted/4d4853901f18e96a2e9b6a34a814bd544cabdee8_254x191.jpg?w=255
6a034c2435bf06475c27ae76,Dina Katabi,https://pi.tedcdn.com/r/pe.tedcdn.com/images/ted/9d8215aa514135ff092a37e55e16231af154d1e4_254x191.jpg?w=255
6a034c2435bf06475c27aea3,Kenneth Lacovara,https://pi.tedcdn.com/r/pe.tedcdn.com/images/ted/6247d003e47f845ebde5eabcbfef41503aa64e66_254x191.jpg?w=255
6a034c2435bf06475c27aea8,Lili Haydn,https://pi.tedcdn.com/r/pe.tedcdn.com/images/ted/8cd149e41e6df71a685f1ba55f84ef3dc8a0d912_254x191.jpg?w=255
6a034c2435bf06475c27afa0,Marco A. Sotomayor,https://tedblade-public-assets.s3.us-east-1.amazonaws.com/default-avatar.jpg
6a034c2435bf06475c27afb6,Phillip Picardi,https://tedblade-public-assets.s3.us-east-1.amazonaws.com/default-avatar.jpg
6a034c2435bf06475c27afec,Tom Honey,https://tedblade-public-assets.s3.us-east-1.amazonaws.com/default-avatar.jpg
6a034c2435bf06475c27ae8b,JK Rowling,https://pi.tedcdn.com/r/pe.tedcdn.com/images/ted/145120_254x191.jpg?w=255
6a034c2435bf06475c27aff8,Thomas Dambo,https://tedblade-public-assets.s3.us-east-1.amazonaws.com/default-avatar.jpg
6a034c2437e0c30f44bd1ea5,Sarah Klein,https://tedblade-public-assets.s3.us-east-1.amazonaws.com/default-avatar.jpg
6a034c2435bf06475c27b009,Abigail Disney,https://tedblade-public-assets.s3.us-east-1.amazonaws.com/default-avatar.jpg
6a034c2435bf06475c27ae91,Jason W. Chin,https://tedblade-public-assets.s3.us-east-1.amazonaws.com/default-avatar.jpg
6a034c2437e0c30f44bd1ea7,Sarah Lake,https://pi.tedcdn.com/r/ted-conferences-speaker-photos-production.s3.amazonaws.com/hfzz6ipbfy1oas2fz5ct7mz0keb6?w=255
6a034c2435bf06475c27b00f,Anathea Chino,https://pi.tedcdn.com/r/ted-conferences-speaker-photos-production.s3.amazonaws.com/u1cjn4k3pbaqiuby6qnt0rx03wht?w=255
6a034c2435bf06475c27aed1,Shari Liu,https://tedblade-public-assets.s3.us-east-1.amazonaws.com/default-avatar.jpg
6a034c2437e0c30f44bd1edb,Sarvesh Subramanian,https://tedblade-public-assets.s3.us-east-1.amazonaws.com/default-avatar.jpg
6a034c2435bf06475c27b017,Bettye Kearse,https://tedblade-public-assets.s3.us-east-1.amazonaws.com/default-avatar.jpg
6a034c2435bf06475c27af27,Deepa Purushothaman,https://pi.tedcdn.com/r/ted-conferences-speaker-photos-production.s3.amazonaws.com/rbz7e9yyf9pqo3u1b76yup7iedhk?w=255
6a034c245e700263ec4ad216,Ipsita Dasgupta,https://pi.tedcdn.com/r/pe.tedcdn.com/images/ted/3a99667892cc8e484aa9e94f6f07376ddf4ee66c_254x191.jpg?w=255
6a034c2435bf06475c27b020,Christoph Adami,https://pi.tedcdn.com/r/pe.tedcdn.com/images/ted/0924299e75ea11fc049193ae9bf657c6b023c3c2_254x191.jpg?w=255
6a034c2435bf06475c27af29,Diane Allen,https://tedblade-public-assets.s3.us-east-1.amazonaws.com/default-avatar.jpg
6a034c245e700263ec4ad218,Isabella Kirkland,https://pi.tedcdn.com/r/ted-conferences-speaker-photos-production.s3.amazonaws.com/f4ayemneewy14vllgarwhq6fve5b?w=255
6a034c2435bf06475c27b073,Mike Robbins,https://tedblade-public-assets.s3.us-east-1.amazonaws.com/default-avatar.jpg
6a034c2435bf06475c27af72,Jonathan J. O'Sullivan,https://tedblade-public-assets.s3.us-east-1.amazonaws.com/default-avatar.jpg
6a034c2435bf06475c27af4c,Gil Weinberg,https://tedblade-public-assets.s3.us-east-1.amazonaws.com/default-avatar.jpg
6a034c245e700263ec4ad236,Lynne Elvins,https://tedblade-public-assets.s3.us-east-1.amazonaws.com/default-avatar.jpg
6a034c2435bf06475c27afab,Nicholas Christakis,https://pi.tedcdn.com/r/pe.tedcdn.com/images/ted/169818_254x191.jpg?w=255
6a034c2435bf06475c27b005,William Li,https://pi.tedcdn.com/r/pe.tedcdn.com/images/ted/170972_254x191.jpg?w=255
6a034c2435bf06475c27b01f,Chris Bangle,https://pi.tedcdn.com/r/pe.tedcdn.com/images/ted/0a81b5a6be38419602d715ce81dc2dc4e99c5291_254x191.jpg?w=255
6a034c2437e0c30f44bd1ceb,Jill Sobule + Julia Sweeney,https://tedblade-public-assets.s3.us-east-1.amazonaws.com/default-avatar.jpg
6a034c2435bf06475c27b02d,David Suh,https://pi.tedcdn.com/r/ted-conferences-speaker-photos-production.s3.amazonaws.com/m9iuvvxlbreflelfbzbvjotkou3s?w=255
6a034c2437e0c30f44bd1cf2,John Hockenberry,https://pi.tedcdn.com/r/pe.tedcdn.com/images/ted/ae31a4badb2260d2da7c56f0cdd63d87b6e884e8_254x191.jpg?w=255
6a034c2435bf06475c27b04d,Janell Hobson,https://tedblade-public-assets.s3.us-east-1.amazonaws.com/default-avatar.jpg
6a034c2435bf06475c27b091,Sally Frampton,https://tedblade-public-assets.s3.us-east-1.amazonaws.com/default-avatar.jpg
6a034c2437e0c30f44bd1cf5,Kevin Bales,https://pi.tedcdn.com/r/pe.tedcdn.com/images/ted/159955_254x191.jpg?w=255
6a034c2435bf06475c27b096,Sheila Marie Orfano,https://tedblade-public-assets.s3.us-east-1.amazonaws.com/default-avatar.jpg
6a034c2437e0c30f44bd1d10,Paul Tasner,https://pi.tedcdn.com/r/pe.tedcdn.com/images/ted/412beee46a5d696d001bbb96a41c87f1713d03e7_254x191.jpg?w=255
6a034c2435bf06475c27b09f,Sílvia Bravo Gallart,https://tedblade-public-assets.s3.us-east-1.amazonaws.com/default-avatar.jpg
6a034c245e700263ec4ad28e,Andy Puddicombe,https://pi.tedcdn.com/r/pe.tedcdn.com/images/ted/c99f5d105659a3b17f788de15dcdf2f4cf4f9456_254x191.jpg?w=255
6a034c2437e0c30f44bd1d25,Steve Jurvetson,https://pi.tedcdn.com/r/pe.tedcdn.com/images/ted/32556_254x191.jpg?w=255
6a034c2435bf06475c27b0a8,Tony Long,https://pi.tedcdn.com/r/ted-conferences-speaker-photos-production.s3.amazonaws.com/s8hq9ysei9b45001itxinvn0apq1?w=255
6a034c245e700263ec4ad2a0,Christopher McDougall,https://pi.tedcdn.com/r/pe.tedcdn.com/images/ted/ba39dd81160f030a6aaedd5b63f31304d4e060b3_254x191.jpg?w=255
6a034c2435bf06475c27b0aa,Victoria Gill,https://pi.tedcdn.com/r/pe.tedcdn.com/images/ted/595c8377a38bb64410e87dc32e93eeaa289c4fc8_254x191.jpg?w=255
6a034c2437e0c30f44bd1d49,Bruce Feiler,https://pi.tedcdn.com/r/ted-conferences-speaker-photos-production.s3.amazonaws.com/8zk2t0vkj4vw0bnrk0wqivnwvpjg?w=255
6a034c245e700263ec4ad31c,Mariana Lin,https://tedblade-public-assets.s3.us-east-1.amazonaws.com/default-avatar.jpg
6a034c2437e0c30f44bd1d4c,Charlie Todd,https://pi.tedcdn.com/r/pe.tedcdn.com/images/ted/13e12e020a8869bd5f5936655f79e93d51d2097f_254x191.jpg?w=255
6a034c2437e0c30f44bd1cb6,Benjamin Grant,https://pi.tedcdn.com/r/pe.tedcdn.com/images/ted/d8ddafba1f29b10a81d3b4fa58130e56613841a6_254x191.jpg?w=255
6a034c245e700263ec4ad388,Steve Long,https://pi.tedcdn.com/r/ted-conferences-speaker-photos-production.s3.amazonaws.com/n096xlg3sjnstmw4o00dx5ka5ag5?w=255
6a034c245e700263ec4ad3d6,John Green,https://pi.tedcdn.com/r/pe.tedcdn.com/images/ted/feccfebad89cec014cc44dfdabb5757069f23cf9_254x191.jpg?w=255
6a034c2437e0c30f44bd1d61,Ethan Zuckerman,https://pi.tedcdn.com/r/pe.tedcdn.com/images/ted/183883_254x191.jpg?w=255
6a034c2437e0c30f44bd1ccb,Denis Dutton,https://pi.tedcdn.com/r/pe.tedcdn.com/images/ted/56eb34dde8c8c6715e07f8d6d0500ad7c775cb9c_254x191.jpg?w=255
6a034c245e700263ec4ad3dc,Karen D. Davis,https://tedblade-public-assets.s3.us-east-1.amazonaws.com/default-avatar.jpg
6a034c2437e0c30f44bd1db3,Carolyn Freiwald,https://pi.tedcdn.com/r/pe.tedcdn.com/images/ted/489e62ec7423043a8cfa1cbe583321024f41bf2d_254x191.jpg?w=255
6a034c245e700263ec4ad3e7,Macinley Butson,https://tedblade-public-assets.s3.us-east-1.amazonaws.com/default-avatar.jpg
6a034c2437e0c30f44bd1ce2,Jacqueline Novogratz,https://pi.tedcdn.com/r/ted-conferences-speaker-photos-production.s3.amazonaws.com/u77obvqyvftfzeb2anhn55wxnjbh?w=255
6a034c2437e0c30f44bd1dc2,Chimamanda Ngozi Adichie,https://pi.tedcdn.com/r/pe.tedcdn.com/images/ted/1ec14eb706a5af446bd2576f9c7ba501884a1f98_254x191.jpg?w=255
6a034c245e700263ec4ad3f8,Percy Liang,https://tedblade-public-assets.s3.us-east-1.amazonaws.com/default-avatar.jpg
6a034c2435bf06475c27af7a,Julie Lythcott-Haims,https://pi.tedcdn.com/r/ted-conferences-speaker-photos-production.s3.amazonaws.com/ju56kjzu7q5otn0jgdli22l3zld9?w=255
6a034c2437e0c30f44bd1cfc,Maisie Williams,https://tedblade-public-assets.s3.us-east-1.amazonaws.com/default-avatar.jpg
6a034c2437e0c30f44bd1de5,David Carroll,https://tedblade-public-assets.s3.us-east-1.amazonaws.com/default-avatar.jpg
6a034c245e700263ec4ad402,Roger Antonsen,https://pi.tedcdn.com/r/pe.tedcdn.com/images/ted/5c82e30514b18ca35204aa3a48dd3f4d096b1b94_254x191.jpg?w=255
6a034c2435bf06475c27af96,Mark Bezos,https://pi.tedcdn.com/r/pe.tedcdn.com/images/ted/0b0623a8f175d79ac473abc905e3892b45cb2777_254x191.jpg?w=255
6a034c2437e0c30f44bd1d29,Talya Hackett,https://tedblade-public-assets.s3.us-east-1.amazonaws.com/default-avatar.jpg
6a034c2437e0c30f44bd1df2,Scott Rickard,https://pi.tedcdn.com/r/pe.tedcdn.com/images/ted/716aa92c32b84b2f553789c65cad5e0d2a96c107_254x191.jpg?w=255
6a034c24658f0b3b67d4a2aa,Alan Kay,https://pi.tedcdn.com/r/pe.tedcdn.com/images/ted/33211_254x191.jpg?w=255
6a034c2437e0c30f44bd1d30,Viola Llewellyn,https://tedblade-public-assets.s3.us-east-1.amazonaws.com/default-avatar.jpg
6a034c2437e0c30f44bd1d66,Hajer Sharief,https://pi.tedcdn.com/r/pe.tedcdn.com/images/ted/7cfa1dc6d99e5b408ff7844737d692cf6c9c534f_254x191.jpg?w=255
6a034c2437e0c30f44bd1e29,Yvonne van Amerongen,https://tedblade-public-assets.s3.us-east-1.amazonaws.com/default-avatar.jpg
6a034c2437e0c30f44bd1df8,Cédric Villani,https://pi.tedcdn.com/r/pe.tedcdn.com/images/ted/62ed29ea8f45226b283e60aefca94e83b96b06c8_254x191.jpg?w=255
6a034c24658f0b3b67d4a2b5,Allyson Felix,https://pi.tedcdn.com/r/ted-conferences-speaker-photos-production.s3.amazonaws.com/h1fim9yk7azshg34qvsocka8rc8t?w=255
6a034c2437e0c30f44bd1df9,Emily Pilloton-Lam,https://tedblade-public-assets.s3.us-east-1.amazonaws.com/default-avatar.jpg
6a034c24658f0b3b67d4a2c8,Cedrik Neike,https://pi.tedcdn.com/r/ted-conferences-speaker-photos-production.s3.amazonaws.com/ivb9rqzqlr3ynp4m5rjs9fy69vm5?w=255
6a034c2437e0c30f44bd1e02,Esha Alwani,https://pi.tedcdn.com/r/pe.tedcdn.com/images/ted/b10c4294c54f76d000bd005c54cb8abd458426ee_254x191.jpg?w=255
6a034c2435bf06475c27afac,Mei Lin Neo,https://pi.tedcdn.com/r/pe.tedcdn.com/images/ted/438e22b5013841c8f0ffcc65addc73f913ae2c6e_254x191.jpg?w=255
6a034c2437e0c30f44bd1e12,Elizabeth Lesser,https://pi.tedcdn.com/r/pe.tedcdn.com/images/ted/c06fa6c3b18e13f53a7f49350c8c4fc2ed88f9a8_254x191.jpg?w=255
6a034c2437e0c30f44bd1e42,Joachim de Posada,https://pi.tedcdn.com/r/pe.tedcdn.com/images/ted/81ccc0010c81ff37ed6c3dceda85d607c584d5cc_254x191.jpg?w=255
6a034c24658f0b3b67d4a313,Far Flung with Saleem Reshamwala,https://tedblade-public-assets.s3.us-east-1.amazonaws.com/default-avatar.jpg
6a034c2435bf06475c27afb0,Melodie Yashar,https://pi.tedcdn.com/r/ted-conferences-speaker-photos-production.s3.amazonaws.com/ck7f4rm19mijgi9ep40umx0cqein?w=255
6a034c2437e0c30f44bd1e2e,Iyad Rahwan,https://pi.tedcdn.com/r/pe.tedcdn.com/images/ted/6c472ca8216c163424e1a4b8b3f259a7d4c38f7b_254x191.jpg?w=255
6a034c2435bf06475c27afd9,Stacey Kramer,https://pi.tedcdn.com/r/pe.tedcdn.com/images/ted/203377_254x191.jpg?w=255
6a034c24658f0b3b67d4a32b,Jacqueline Woodson,https://pi.tedcdn.com/r/pe.tedcdn.com/images/ted/9a716ad9887f00d8c84b77e59f48cbc8da767648_254x191.jpg?w=255
6a034c2437e0c30f44bd1e6c,Kym Worthy,https://pi.tedcdn.com/r/pe.tedcdn.com/images/ted/278412a6997ab23d7c48a3055156d2170eed3c14_254x191.jpg?w=255
6a034c2437e0c30f44bd1e4d,Juno Mac,https://pi.tedcdn.com/r/pe.tedcdn.com/images/ted/63dd2dc6a818f91449d20bac29cdd43c441cb304_254x191.jpg?w=255
6a034c2435bf06475c27afde,Robin Hooker,https://tedblade-public-assets.s3.us-east-1.amazonaws.com/default-avatar.jpg
6a034c24658f0b3b67d4a33c,Eva Galperin,https://pi.tedcdn.com/r/pe.tedcdn.com/images/ted/16b5b30e5106e16322357bb3299596e011395e95_254x191.jpg?w=255
6a034c2437e0c30f44bd1e71,Murry Gans,https://tedblade-public-assets.s3.us-east-1.amazonaws.com/default-avatar.jpg
6a034c2437e0c30f44bd1e6b,Mike Brown,https://pi.tedcdn.com/r/pe.tedcdn.com/images/ted/8ea6fa1c0e9d79fb81fa71a8fb008f6dba1886c2_254x191.jpg?w=255
6a034c2435bf06475c27ae62,Billie Jean King,https://pi.tedcdn.com/r/pe.tedcdn.com/images/ted/fc6360bfd1e7d0d7081eff87cd33972380872ecd_254x191.jpg?w=255
6a034c2435bf06475c27b023,Daniel Alexander Jones,https://pi.tedcdn.com/r/ted-conferences-speaker-photos-production.s3.amazonaws.com/w93pfpjc9iwfvagcy7l4cjbsyj4g?w=255
6a034c24658f0b3b67d4a381,Monika Blaumueller,https://tedblade-public-assets.s3.us-east-1.amazonaws.com/default-avatar.jpg
6a034c2437e0c30f44bd1e7e,Nivruti Rai,https://tedblade-public-assets.s3.us-east-1.amazonaws.com/default-avatar.jpg
6a034c2437e0c30f44bd1e76,Mónica Ramírez,https://tedblade-public-assets.s3.us-east-1.amazonaws.com/default-avatar.jpg
6a034c24658f0b3b67d4a3ac,Hadyn Parry,https://pi.tedcdn.com/r/pe.tedcdn.com/images/ted/2590e9da49072e6a3ade17eca300d517dd711350_254x191.jpg?w=255
6a034c2437e0c30f44bd1e83,Mary Maker,https://pi.tedcdn.com/r/pe.tedcdn.com/images/ted/f9b5cd6532d03421391092ddfdfa8fded8901f1c_254x191.jpg?w=255
6a034c2435bf06475c27b079,Neil Turok,https://pi.tedcdn.com/r/pe.tedcdn.com/images/ted/34914_254x191.jpg?w=255
6a034c2435bf06475c27aeb6,Michael Metcalfe,https://pi.tedcdn.com/r/pe.tedcdn.com/images/ted/8d8f21fc7af008034eda0f989fb99f85b98769eb_254x191.jpg?w=255
6a034c2437e0c30f44bd1eb5,Siyanda Mohutsiwa,https://pi.tedcdn.com/r/pe.tedcdn.com/images/ted/55d61abd7a3c78527861e01a9698bf5f54e12b5a_254x191.jpg?w=255
6a034c24658f0b3b67d4a3ef,Kendall Spencer,https://tedblade-public-assets.s3.us-east-1.amazonaws.com/default-avatar.jpg
6a034c2437e0c30f44bd1eb8,Steve Silberman,https://pi.tedcdn.com/r/pe.tedcdn.com/images/ted/9e88c1e68c982df5f58d38b1a695eeeb63589d40_254x191.jpg?w=255
6a034c2435bf06475c27aec0,R. Alan Brooks,https://tedblade-public-assets.s3.us-east-1.amazonaws.com/default-avatar.jpg
6a034c2437e0c30f44bd1ec2,Tracey McNamara,https://tedblade-public-assets.s3.us-east-1.amazonaws.com/default-avatar.jpg
6a034c2435bf06475c27aee3,Adam Cutler,https://tedblade-public-assets.s3.us-east-1.amazonaws.com/default-avatar.jpg
6a034c2435bf06475c27aed7,Ursus Wehrli,https://pi.tedcdn.com/r/pe.tedcdn.com/images/ted/82822_254x191.jpg?w=255
6a034c2435bf06475c27ae9e,Kary Mullis,https://pi.tedcdn.com/r/pe.tedcdn.com/images/ted/9108137ee0c9449c31af189f8aa2a13d73324465_254x191.jpg?w=255
6a034c2435bf06475c27aedb,Wangechi Mutu,https://pi.tedcdn.com/r/ted-conferences-speaker-photos-production.s3.amazonaws.com/gfrtr3a8j32ioxutiqv28azymzyf?w=255
6a034c2435bf06475c27aef7,Andrea Ghez,https://pi.tedcdn.com/r/pe.tedcdn.com/images/ted/133561_254x191.jpg?w=255
6a034c2435bf06475c27aec2,Rainn Wilson,https://pi.tedcdn.com/r/ted-conferences-speaker-photos-production.s3.amazonaws.com/fuqs0524mqqcu5niu7chisjr4uig?w=255
6a034c2435bf06475c27aef3,Anab Jain,https://pi.tedcdn.com/r/pe.tedcdn.com/images/ted/e4fb573c1c8edda1368379f6af98ee965c75d352_254x191.jpg?w=255
6a034c2435bf06475c27af18,Daniel Lismore,https://pi.tedcdn.com/r/pe.tedcdn.com/images/ted/eddf8c3932f065a9dac09e1db8b36e8bca66b561_254x191.jpg?w=255
6a034c2435bf06475c27aeda,Virginia Santy,https://tedblade-public-assets.s3.us-east-1.amazonaws.com/default-avatar.jpg
6a034c2435bf06475c27af04,Ashweetha Shetty,https://tedblade-public-assets.s3.us-east-1.amazonaws.com/default-avatar.jpg
6a034c2435bf06475c27af1b,Danny Dorling,https://pi.tedcdn.com/r/pe.tedcdn.com/images/ted/257227a377e1d918bd31e498b05ac304faa813e6_254x191.jpg?w=255
6a034c2435bf06475c27af0a,Betty Hart,https://pi.tedcdn.com/r/pe.tedcdn.com/images/ted/b3ced3c92da22d30bdb39e39dd1fbe30af4cecd1_254x191.jpg?w=255
6a034c2435bf06475c27af0f,Conor Heffernan,https://tedblade-public-assets.s3.us-east-1.amazonaws.com/default-avatar.jpg
6a034c2435bf06475c27af0d,Colin Camerer,https://pi.tedcdn.com/r/pe.tedcdn.com/images/ted/b3547d3d81da6f03a604f8b2bc6e8e588ec463e2_254x191.jpg?w=255
6a034c2435bf06475c27afb3,Paul Conneally,https://pi.tedcdn.com/r/pe.tedcdn.com/images/ted/31da18bc80ac2034644705e8da8f215017f15b1f_254x191.jpg?w=255
6a034c2435bf06475c27af4a,Geoff Emberling,https://tedblade-public-assets.s3.us-east-1.amazonaws.com/default-avatar.jpg
6a034c2435bf06475c27af2a,Dame Ellen MacArthur,https://tedblade-public-assets.s3.us-east-1.amazonaws.com/default-avatar.jpg
6a034c2435bf06475c27afba,Renata di Tullio,https://tedblade-public-assets.s3.us-east-1.amazonaws.com/default-avatar.jpg
6a034c2435bf06475c27af55,H.E. Ellen Johnson Sirleaf,https://tedblade-public-assets.s3.us-east-1.amazonaws.com/default-avatar.jpg
6a034c245e700263ec4ad227,Karen Eber,https://pi.tedcdn.com/r/pe.tedcdn.com/images/ted/6cddee4f231890b10cbd5257a074334eb9a57b4f_254x191.jpg?w=255
6a034c2435bf06475c27af6c,Jill Seubert,https://pi.tedcdn.com/r/pe.tedcdn.com/images/ted/3f52905f129a69049b08d56aa3dcb5feff465568_254x191.jpg?w=255
6a034c24658f0b3b67d4a419,Susan Lim,https://tedblade-public-assets.s3.us-east-1.amazonaws.com/default-avatar.jpg
6a034c2435bf06475c27afea,Thomas Curran,https://pi.tedcdn.com/r/pe.tedcdn.com/images/ted/73f6d765e30d212a43a050d81c8e55a7aef3f099_254x191.jpg?w=255
6a034c2435bf06475c27afb2,Michael S. A. Graziano,https://tedblade-public-assets.s3.us-east-1.amazonaws.com/default-avatar.jpg
6a034c2435bf06475c27afaf,Nnedi Okorafor,https://pi.tedcdn.com/r/pe.tedcdn.com/images/ted/4bc0a77cf3e21405258212a5a76deaa95512010a_254x191.jpg?w=255
6a034c24658f0b3b67d4a448,Adam Driver,https://pi.tedcdn.com/r/pe.tedcdn.com/images/ted/82756b8e104ceca212aa14fcfa8a22232c0692cb_254x191.jpg?w=255
6a034c2435bf06475c27b012,Anita Collins,https://tedblade-public-assets.s3.us-east-1.amazonaws.com/default-avatar.jpg
6a034c2435bf06475c27afcc,Sandersan Onie,https://tedblade-public-assets.s3.us-east-1.amazonaws.com/default-avatar.jpg
6a034c2435bf06475c27afcf,Pete Buttigieg,https://tedblade-public-assets.s3.us-east-1.amazonaws.com/default-avatar.jpg
6a034c24658f0b3b67d4a449,Adam Galinsky,https://pi.tedcdn.com/r/pe.tedcdn.com/images/ted/4da599e35f54686446569fd3d10df2c39b4eb3c4_254x191.jpg?w=255
6a034c2435bf06475c27b01d,Chad Frischmann,https://pi.tedcdn.com/r/pe.tedcdn.com/images/ted/6e0bdc783a75260bbe1f7e30550578cbf6525199_254x191.jpg?w=255
6a034c2435bf06475c27afda,Robert Fischell,https://pi.tedcdn.com/r/pe.tedcdn.com/images/ted/1314_253x190.jpg?w=255
6a034c2435bf06475c27afeb,Shigeru Ban,https://pi.tedcdn.com/r/pe.tedcdn.com/images/ted/5607d1e66fb6cce77c0ef04e0bb30d98e3304e05_254x191.jpg?w=255
6a034c24658f0b3b67d4a477,Christi Gendron,https://pi.tedcdn.com/r/ted-conferences-speaker-photos-production.s3.amazonaws.com/gtrihlsrlaef49kfslmhlfkiebss?w=255
6a034c2435bf06475c27b053,Jim Whitehurst,https://tedblade-public-assets.s3.us-east-1.amazonaws.com/default-avatar.jpg
6a034c2435bf06475c27b07b,Nikolai Begg,https://pi.tedcdn.com/r/pe.tedcdn.com/images/ted/d5bff93f81c26d98f5d2622c415b01db405262dc_254x191.jpg?w=255
6a034c2435bf06475c27b00a,Adam Mosseri,https://pi.tedcdn.com/r/ted-conferences-speaker-photos-production.s3.amazonaws.com/xs3iwyrqitkhp1ufehm9k5o1jbte?w=255
6a034c2435bf06475c27aff1,Soraya Chemaly,https://pi.tedcdn.com/r/pe.tedcdn.com/images/ted/43b4ac92ca98841867982e0bd27f46099eefa1df_254x191.jpg?w=255
6a034c2437e0c30f44bd1ed4,Rodrigo Canales,https://pi.tedcdn.com/r/pe.tedcdn.com/images/ted/be7dfb23b7009d2f79d9ccb4fd9749d0818a3edd_254x191.jpg?w=255
6a034c2435bf06475c27b05c,Kayla Mandel Sheets,https://tedblade-public-assets.s3.us-east-1.amazonaws.com/default-avatar.jpg
6a034c24658f0b3b67d4a481,Theaster Gates,https://pi.tedcdn.com/r/pe.tedcdn.com/images/ted/68aa5df4d5d110b97438154801aa5201054cecfd_254x191.jpg?w=255
6a034c2437e0c30f44bd1cb4,Barbara Natterson-Horowitz,https://tedblade-public-assets.s3.us-east-1.amazonaws.com/default-avatar.jpg
6a034c2435bf06475c27b024,Daniel Engber,https://pi.tedcdn.com/r/pe.tedcdn.com/images/ted/ed27c427566bc94e645aa3360c25786eee66473d_254x191.jpg?w=255
6a034c2435bf06475c27aff5,Tasso Azevedo,https://pi.tedcdn.com/r/ted-conferences-speaker-photos-production.s3.amazonaws.com/4bakxxn0aaimw2ciwqi5okt0lsgf?w=255
6a034c245e700263ec4ad1e4, Deutsche Philharmonie Merck,https://tedblade-public-assets.s3.us-east-1.amazonaws.com/default-avatar.jpg
6a034c2435bf06475c27b075,Monika Bulaj,https://pi.tedcdn.com/r/pe.tedcdn.com/images/ted/5c39ff04800fab2fcf315a0e7b5a64da629f32ef_254x191.jpg?w=255
6a034c24658f0b3b67d4a488,Todd Dufresne,https://tedblade-public-assets.s3.us-east-1.amazonaws.com/default-avatar.jpg
6a034c2437e0c30f44bd1cc9,David Lindell,https://pi.tedcdn.com/r/pe.tedcdn.com/images/ted/e70006ee3cbddf81045178bac2c4153cf0897c7d_254x191.jpg?w=255
6a034c2435bf06475c27b028,David Korins,https://pi.tedcdn.com/r/pe.tedcdn.com/images/ted/1a1f9b275c2859515b749e80f5398d2971fa8587_254x191.jpg?w=255
6a034c2435bf06475c27b029,David Logan,https://pi.tedcdn.com/r/pe.tedcdn.com/images/ted/120502_254x191.jpg?w=255
6a034c245e700263ec4ad1f2,Brian A. Pavlac,https://tedblade-public-assets.s3.us-east-1.amazonaws.com/default-avatar.jpg
6a034c2435bf06475c27b08c,Roman Mars,https://pi.tedcdn.com/r/pe.tedcdn.com/images/ted/0846ca689539ac3a6639295569a06863d6b0f6ab_254x191.jpg?w=255
6a034c24658f0b3b67d4a4e9,Pierre Thiam,https://pi.tedcdn.com/r/pe.tedcdn.com/images/ted/c7b5e3e706be96235d2388b1ac762cee4647811e_254x191.jpg?w=255
6a034c2437e0c30f44bd1ccf,Dwight Stitt,https://tedblade-public-assets.s3.us-east-1.amazonaws.com/default-avatar.jpg
6a034c245e700263ec4ad233,Lisa Harouni,https://pi.tedcdn.com/r/pe.tedcdn.com/images/ted/594789c33cd01df3debc660dadcdf638ff37cb0b_254x191.jpg?w=255
6a034c2435bf06475c27b040,Fatmata Binta,https://tedblade-public-assets.s3.us-east-1.amazonaws.com/default-avatar.jpg
6a034c245e700263ec4ad214,Ilona Szabó de Carvalho,https://pi.tedcdn.com/r/ted-conferences-speaker-photos-production.s3.amazonaws.com/0w7zq2rr1b22q04fyvtvqkdditxf?w=255
6a034c2437e0c30f44bd1cab,Adam Sadowsky,https://pi.tedcdn.com/r/pe.tedcdn.com/images/ted/88292bb75a8c1f41ff4daa311f62aee037ce1020_254x191.jpg?w=255
6a034c249bbcd05aa3165a87,Adrian Fisher,https://tedblade-public-assets.s3.us-east-1.amazonaws.com/default-avatar.jpg
6a034c2437e0c30f44bd1ce4,James Keblas,https://tedblade-public-assets.s3.us-east-1.amazonaws.com/default-avatar.jpg
6a034c2435bf06475c27b06b,Melissa Walker,https://pi.tedcdn.com/r/pe.tedcdn.com/images/ted/7b71f12029870c478e7a0d649a6c044a33352e71_254x191.jpg?w=255
6a034c245e700263ec4ad25f,Thea Knight,https://tedblade-public-assets.s3.us-east-1.amazonaws.com/default-avatar.jpg
6a034c2437e0c30f44bd1cac,Amy Shoenthal,https://pi.tedcdn.com/r/ted-conferences-speaker-photos-production.s3.amazonaws.com/hk90ze3xulv0fjo361y5oyqr1s9n?w=255
6a034c2437e0c30f44bd1cf8,Lemon Andersen,https://pi.tedcdn.com/r/pe.tedcdn.com/images/ted/3a5418bdfc2a5dc245bf68d125b4f937a1e0d5a6_254x191.jpg?w=255
6a034c249bbcd05aa3165ad4,Leymah Gbowee,https://pi.tedcdn.com/r/pe.tedcdn.com/images/ted/576856cc58231a09ef5bbe2f8de49a2af18bd9ee_254x191.jpg?w=255
6a034c2435bf06475c27b03d,Emma Bryce,https://tedblade-public-assets.s3.us-east-1.amazonaws.com/default-avatar.jpg
6a034c2435bf06475c27b08d,Romina Libster,https://pi.tedcdn.com/r/pe.tedcdn.com/images/ted/fa3c5d5a324bba4f073e8adfd74958c7b69fec3f_254x191.jpg?w=255
6a034c245e700263ec4ad291,Anote Tong,https://pi.tedcdn.com/r/pe.tedcdn.com/images/ted/3c642cfbd784f58f38cbfd517eaabd0c766c2b2e_254x191.jpg?w=255
6a034c2437e0c30f44bd1cc6,David Brenner,https://pi.tedcdn.com/r/pe.tedcdn.com/images/ted/54a407ff0b60b784152462391687b6baf4ecd423_254x191.jpg?w=255
6a034c2437e0c30f44bd1d0a,Nicole Byers,https://pi.tedcdn.com/r/ted-conferences-speaker-photos-production.s3.amazonaws.com/78jj1llgxzsn99oeak842lgk4jet?w=255
6a034c249bbcd05aa3165b0d,Balsher Singh Sidhu,https://tedblade-public-assets.s3.us-east-1.amazonaws.com/default-avatar.jpg
6a034c245e700263ec4ad2b7,Didier Sornette,https://pi.tedcdn.com/r/pe.tedcdn.com/images/ted/18c2d1beac9d93ce3c8e9e21c4ad234b799fb160_254x191.jpg?w=255
6a034c2435bf06475c27b077,Natalie Gunn,https://tedblade-public-assets.s3.us-east-1.amazonaws.com/default-avatar.jpg
6a034c2437e0c30f44bd1cad,Andrew Marantz,https://pi.tedcdn.com/r/pe.tedcdn.com/images/ted/583ff281e8859eca371ca26949a913900fc65686_254x191.jpg?w=255
6a034c2437e0c30f44bd1d1a,Sandra Aamodt,https://pi.tedcdn.com/r/pe.tedcdn.com/images/ted/4a37c5ed67bf4d4a1cf7aa643607626b44aee0cc_254x191.jpg?w=255
6a034c2437e0c30f44bd1cd9,Gordon Brown,https://pi.tedcdn.com/r/pe.tedcdn.com/images/ted/103923_254x191.jpg?w=255
6a034c245e700263ec4ad223,Jon Bowers,https://pi.tedcdn.com/r/pe.tedcdn.com/images/ted/491e401f0832936ffd9fa6f64d5cba0ed7842298_254x191.jpg?w=255
6a034c245e700263ec4ad2e2,Hilary Cottam,https://pi.tedcdn.com/r/pe.tedcdn.com/images/ted/fde80497cd74ceeed89473937779f22c6f1bf6da_254x191.jpg?w=255
6a034c249bbcd05aa3165b11,Carrie Nugent,https://pi.tedcdn.com/r/pe.tedcdn.com/images/ted/77daae05086fd17f763772ff98ea8dcf6ea2863f_254x191.jpg?w=255
6a034c2437e0c30f44bd1ca8, Lucius,https://tedblade-public-assets.s3.us-east-1.amazonaws.com/default-avatar.jpg
6a034c2437e0c30f44bd1d2b,Thomas Pogge,https://pi.tedcdn.com/r/pe.tedcdn.com/images/ted/93a662228e16de0897a4526ec002e4ecfda81ee8_254x191.jpg?w=255
6a034c2437e0c30f44bd1cbe,Colette Pichon Battle,https://pi.tedcdn.com/r/pe.tedcdn.com/images/ted/bdfc9717257ee19512db80bb779140db70176715_254x191.jpg?w=255
6a034c2437e0c30f44bd1ce3,James Gillies,https://tedblade-public-assets.s3.us-east-1.amazonaws.com/default-avatar.jpg
6a034c249bbcd05aa3165b16,Climate Action Tracker,https://tedblade-public-assets.s3.us-east-1.amazonaws.com/default-avatar.jpg
6a034c245e700263ec4ad23d,Martin Ford,https://pi.tedcdn.com/r/pe.tedcdn.com/images/ted/a49a0c55fb0902c544aba83b5eb201cfc8a65c0d_254x191.jpg?w=255
6a034c245e700263ec4ad302,Katharine Hayhoe,https://pi.tedcdn.com/r/pe.tedcdn.com/images/ted/15f1dd26421580b684133726acf7d55cf0a950dd_254x191.jpg?w=255
6a034c2437e0c30f44bd1d35,Zahra Al-Mahdi,https://pi.tedcdn.com/r/pe.tedcdn.com/images/ted/db3574ed12281861534f4137ecc6d034f20b0d2a_254x191.jpg?w=255
6a034c2437e0c30f44bd1cd2,Gabby Rivera,https://pi.tedcdn.com/r/pe.tedcdn.com/images/ted/f5f3fb9677b8a29f583b58d76aa911b93793e64f_254x191.jpg?w=255
6a034c2437e0c30f44bd1cf0,John Cary,https://pi.tedcdn.com/r/pe.tedcdn.com/images/ted/c303b6bf6ccfca75c77c00efdb0039bf78ef4c77_254x191.jpg?w=255
6a034c2437e0c30f44bd1d28,TED Countdown,https://tedblade-public-assets.s3.us-east-1.amazonaws.com/default-avatar.jpg
6a034c249bbcd05aa3165b18,Crispin Thurlow,https://pi.tedcdn.com/r/ted-conferences-speaker-photos-production.s3.amazonaws.com/1rfzf19vzwbg99kmocv90bqarh6d?w=255
6a034c245e700263ec4ad23e,Massimo Russo,https://pi.tedcdn.com/r/ted-conferences-speaker-photos-production.s3.amazonaws.com/ydVsjhuGdJVH2NnQbA4y1fk6?w=255
6a034c2437e0c30f44bd1d15,Renee Montgomery,https://pi.tedcdn.com/r/pe.tedcdn.com/images/ted/8f41a08fc12d8815e7dc76024af1fcf81b14fef6_254x191.jpg?w=255
6a034c245e700263ec4ad23f,Melissa Marquez,https://tedblade-public-assets.s3.us-east-1.amazonaws.com/default-avatar.jpg
6a034c245e700263ec4ad30b,Knut Haanaes,https://pi.tedcdn.com/r/pe.tedcdn.com/images/ted/373a62914be545770c6591f0f08381eff54a9f5c_254x191.jpg?w=255
6a034c245e700263ec4ad33b,Nathan D. Horowitz,https://tedblade-public-assets.s3.us-east-1.amazonaws.com/default-avatar.jpg
6a034c245e700263ec4ad3b4,Christian Bailey,https://tedblade-public-assets.s3.us-east-1.amazonaws.com/default-avatar.jpg
6a034c245e700263ec4ad3db,Karen Armstrong,https://pi.tedcdn.com/r/pe.tedcdn.com/images/ted/34769_254x191.jpg?w=255
6a034c245e700263ec4ad2c6,Emily Dickinson,https://tedblade-public-assets.s3.us-east-1.amazonaws.com/default-avatar.jpg
6a034c249bbcd05aa3165b1a,DK Osseo-Asare,https://pi.tedcdn.com/r/pe.tedcdn.com/images/ted/e5cff3b0aa9eb01a377e51d2369a011fb6510b0f_254x191.jpg?w=255
6a034c245e700263ec4ad2e3,Howard Rheingold,https://pi.tedcdn.com/r/pe.tedcdn.com/images/ted/29378_254x191.jpg?w=255
6a034c245e700263ec4ad314,Lian Pin Koh,https://pi.tedcdn.com/r/pe.tedcdn.com/images/ted/b560a12029a3adbe32a231a5cbb697a4d96a71ac_254x191.jpg?w=255
6a034c249bbcd05aa3165b6e,Nancy Lublin,https://pi.tedcdn.com/r/pe.tedcdn.com/images/ted/7331a473dafb693417dab62a23f1cd8d95602cc8_254x191.jpg?w=255
6a034c2437e0c30f44bd1d24,Stephen Esposito,https://tedblade-public-assets.s3.us-east-1.amazonaws.com/default-avatar.jpg
6a034c245e700263ec4ad332,Mike Biddle,https://tedblade-public-assets.s3.us-east-1.amazonaws.com/default-avatar.jpg
6a034c2437e0c30f44bd1d5e,Erez Garty,https://tedblade-public-assets.s3.us-east-1.amazonaws.com/default-avatar.jpg
6a034c249bbcd05aa3165b89,Andreas Schleicher,https://tedblade-public-assets.s3.us-east-1.amazonaws.com/default-avatar.jpg
6a034c2437e0c30f44bd1d50,Craig Venter,https://pi.tedcdn.com/r/pe.tedcdn.com/images/ted/1438_253x190.jpg?w=255
6a034c245e700263ec4ad334,Moriba Jah,https://pi.tedcdn.com/r/pe.tedcdn.com/images/ted/2cd7decdc499f0ee93a4eef75fc400aeef0792f2_254x191.jpg?w=255
6a034c2437e0c30f44bd1d63,Gastón Acurio,https://pi.tedcdn.com/r/pe.tedcdn.com/images/ted/12f5c61a189087f0b21b36c3c419449260cd5d31_254x191.jpg?w=255
6a034c249bbcd05aa3165b96,Ashwin Naidu,https://pi.tedcdn.com/r/pe.tedcdn.com/images/ted/04372eaa06a85ca1922d3ca4221bbf31c5ad9db7_254x191.jpg?w=255
6a034c2437e0c30f44bd1d57,David Brooks,https://pi.tedcdn.com/r/pe.tedcdn.com/images/ted/a30f7e5c8ad404a988ed23f627d904576a441b3e_254x191.jpg?w=255
6a034c2437e0c30f44bd1d6b,J.J. Abrams,https://tedblade-public-assets.s3.us-east-1.amazonaws.com/default-avatar.jpg
6a034c2437e0c30f44bd1d67,Harsha Bhogle,https://pi.tedcdn.com/r/pe.tedcdn.com/images/ted/153644_254x191.jpg?w=255
6a034c249bbcd05aa3165b9b,Brittany Young,https://pi.tedcdn.com/r/pe.tedcdn.com/images/ted/b7a2785d5d73b6a91197358be49c131e59a34cc0_254x191.jpg?w=255
6a034c2437e0c30f44bd1d47,Boghuma Kabisen Titanji,https://pi.tedcdn.com/r/pe.tedcdn.com/images/ted/88b034909ffa68c099c295c4dcd6fbd7ca9d4ada_254x191.jpg?w=255
6a034c2437e0c30f44bd1d74,Jennifer Holmgren,https://pi.tedcdn.com/r/ted-conferences-speaker-photos-production.s3.amazonaws.com/1ivsp5p19aq49stan4qjcl04rjss?w=255
6a034c245e700263ec4ad3df,Kevin Stone,https://pi.tedcdn.com/r/ted-conferences-speaker-photos-production.s3.amazonaws.com/vf15sp93tcegdb42iqjbdmkb2i1y?w=255
6a034c2437e0c30f44bd1d69,Hrund Gunnsteinsdóttir,https://pi.tedcdn.com/r/ted-conferences-speaker-photos-production.s3.amazonaws.com/4g2bj66oki8jhnnbjb547px5dmht?w=255
6a034c245e700263ec4ad33d,Nedra Glover Tawwab,https://tedblade-public-assets.s3.us-east-1.amazonaws.com/default-avatar.jpg
6a034c249bbcd05aa3165bb3,Elizabeth Lindsey,https://pi.tedcdn.com/r/pe.tedcdn.com/images/ted/334d8a5354b4d0761ee1ae02b798cf1243ee0c58_254x191.jpg?w=255
6a034c2437e0c30f44bd1d89,Anna Malaika Tubbs,https://pi.tedcdn.com/r/pe.tedcdn.com/images/ted/c92e4f04dadb8367a1a5ab15b8731ea5d95ae749_254x191.jpg?w=255
6a034c2437e0c30f44bd1d68,Heather C. McGhee,https://tedblade-public-assets.s3.us-east-1.amazonaws.com/default-avatar.jpg
6a034c2437e0c30f44bd1d85,Kitra Cahana,https://pi.tedcdn.com/r/pe.tedcdn.com/images/ted/0ccf383eb69a13dbfc609427dca3531e35bcd641_254x191.jpg?w=255
6a034c2437e0c30f44bd1dd4,Quyen Nguyen,https://pi.tedcdn.com/r/pe.tedcdn.com/images/ted/ae2d559cf25730047ce2c61a2e41a8f500c3f39c_254x191.jpg?w=255
6a034c249bbcd05aa3165bd7,James Burchfield,https://pi.tedcdn.com/r/pe.tedcdn.com/images/ted/55800_254x191.jpg?w=255
6a034c2437e0c30f44bd1d8e,Aziz Abu Sarah,https://pi.tedcdn.com/r/ted-conferences-speaker-photos-production.s3.amazonaws.com/ziyo94jabjrq1w4xrk0udtluzcwz?w=255
6a034c24658f0b3b67d4a306,Bob Langert,https://pi.tedcdn.com/r/pe.tedcdn.com/images/ted/74daceb641a6e98f9dc4d6582030b0065d2c6f4a_254x191.jpg?w=255
6a034c245e700263ec4ad377,Shad Begum,https://pi.tedcdn.com/r/pe.tedcdn.com/images/ted/6390bfd8071049eb29a02087533b27f32bb246ec_254x191.jpg?w=255
6a034c2437e0c30f44bd1d77,John Graham-Cumming,https://pi.tedcdn.com/r/pe.tedcdn.com/images/ted/8284d69a07ab1bffbfa4030ad14fc1ec07d00549_254x191.jpg?w=255
6a034c2437e0c30f44bd1d86,Laura Robinson,https://pi.tedcdn.com/r/pe.tedcdn.com/images/ted/07fd8e07247c825c028ee141f6b38824f6578806_254x191.jpg?w=255
6a034c2437e0c30f44bd1de9,Rose M. Mutiso,https://tedblade-public-assets.s3.us-east-1.amazonaws.com/default-avatar.jpg
6a034c249bbcd05aa3165c00,Paul Bennett,https://pi.tedcdn.com/r/pe.tedcdn.com/images/ted/71_254x191.jpg?w=255
6a034c2437e0c30f44bd1d90,BLACK,https://pi.tedcdn.com/r/pe.tedcdn.com/images/ted/002cd40f67a7e59d0d768e004b7e68bec3a73c94_254x191.jpg?w=255
6a034c24658f0b3b67d4a309,Ethan Nadelmann,https://pi.tedcdn.com/r/pe.tedcdn.com/images/ted/e32f95271349d96789edd358c9b151edaaf9ea9e_254x191.jpg?w=255
6a034c2437e0c30f44bd1db1,Naomi Klein,https://pi.tedcdn.com/r/pe.tedcdn.com/images/ted/b1346df797f27ff9b1fb392585f84270b6ac1b07_254x191.jpg?w=255
6a034c245e700263ec4ad37b,Sheena Iyengar,https://pi.tedcdn.com/r/pe.tedcdn.com/images/ted/186796_254x191.jpg?w=255
6a034c2437e0c30f44bd1d93,Majora Carter,https://pi.tedcdn.com/r/ted-conferences-speaker-photos-production.s3.amazonaws.com/11hzk1037eujuigkmrwd9oavuq7x?w=255
6a034c249bbcd05aa3165c15,Sue Desmond-Hellmann,https://tedblade-public-assets.s3.us-east-1.amazonaws.com/default-avatar.jpg
6a034c2437e0c30f44bd1dfb,Dave Raggio,https://pi.tedcdn.com/r/ted-conferences-speaker-photos-production.s3.amazonaws.com/7m70w4rcgjdx50wca5uvotnp7n9d?w=255
6a034c2437e0c30f44bd1e09,Dragana Rogulja,https://tedblade-public-assets.s3.us-east-1.amazonaws.com/default-avatar.jpg
6a034c2437e0c30f44bd1dbe,Orit Tykocinski,https://pi.tedcdn.com/r/pe.tedcdn.com/images/ted/378ec707cbcc6b2b4d676a825ae580a5a61b3887_254x191.jpg?w=255
6a034c24658f0b3b67d4a317,Frank Gehry,https://pi.tedcdn.com/r/pe.tedcdn.com/images/ted/0ad8bed9ba586dac016b8d9c33af0ccba5e2f22d_254x191.jpg?w=255
6a034c245e700263ec4ad395,Tsedal Neeley,https://pi.tedcdn.com/r/ted-conferences-speaker-photos-production.s3.amazonaws.com/ft3nljhrv6cecj2t1grbkqwdllz6?w=255
6a034c249bbcd05aa3165c35,David Cameron,https://pi.tedcdn.com/r/pe.tedcdn.com/images/ted/150045_254x191.jpg?w=255
6a034c2437e0c30f44bd1dae,Alyssa Loorya,https://tedblade-public-assets.s3.us-east-1.amazonaws.com/default-avatar.jpg
6a034c2437e0c30f44bd1e1a,Esther Choo,https://pi.tedcdn.com/r/pe.tedcdn.com/images/ted/65bddee2ebf3a02638927d8175ead24119093e6b_254x191.jpg?w=255
6a034c2437e0c30f44bd1dff,Erik Johansson,https://tedblade-public-assets.s3.us-east-1.amazonaws.com/default-avatar.jpg
6a034c2437e0c30f44bd1e06,Dean Kamen,https://pi.tedcdn.com/r/pe.tedcdn.com/images/ted/1486_254x191.jpg?w=255
6a034c249bbcd05aa3165c4b,Gordon Williamson,https://tedblade-public-assets.s3.us-east-1.amazonaws.com/default-avatar.jpg
6a034c24658f0b3b67d4a321,Herman Narula,https://pi.tedcdn.com/r/pe.tedcdn.com/images/ted/5d7def8a9ee35c0fb28e566f6388c9dcb870338a_254x191.jpg?w=255
6a034c245e700263ec4ad3a2,Alan Jamieson,https://tedblade-public-assets.s3.us-east-1.amazonaws.com/default-avatar.jpg
6a034c2437e0c30f44bd1db4,Naufal Mukumi,https://tedblade-public-assets.s3.us-east-1.amazonaws.com/default-avatar.jpg
6a034c2437e0c30f44bd1e32,Heather Meeker,https://tedblade-public-assets.s3.us-east-1.amazonaws.com/default-avatar.jpg
6a034c2437e0c30f44bd1e1e,Wadah Khanfar,https://pi.tedcdn.com/r/pe.tedcdn.com/images/ted/0bf2f6ab3e25850fcdaf2a19bbbd873d51c19cea_254x191.jpg?w=255
6a034c24658f0b3b67d4a367,Joe Smith,https://pi.tedcdn.com/r/pe.tedcdn.com/images/ted/32fa3baa0fd1ee8de6a4e0818343474bb194d9c5_254x191.jpg?w=255
6a034c2437e0c30f44bd1e10,Thomas Piketty,https://pi.tedcdn.com/r/pe.tedcdn.com/images/ted/e358ccd6d6f1a2e6b6215d7436db64b292ef1e44_254x191.jpg?w=255
6a034c2437e0c30f44bd1e34,Jane Goodall,https://pi.tedcdn.com/r/pe.tedcdn.com/images/ted/1433_253x190.jpg?w=255
6a034c2437e0c30f44bd1e55,Kevin Kelly,https://pi.tedcdn.com/r/pe.tedcdn.com/images/ted/2feb9dfd6f740848d25ae84a8276d956659060e7_254x191.jpg?w=255
6a034c245e700263ec4ad1fb,Curtis Austin,https://tedblade-public-assets.s3.us-east-1.amazonaws.com/default-avatar.jpg
6a034c245e700263ec4ad21a,Jaap de Roode,https://pi.tedcdn.com/r/pe.tedcdn.com/images/ted/2e4aa1703bf616d04b0a21b0775894064bcc3b91_254x191.jpg?w=255
6a034c245e700263ec4ad226,Justin Baldoni,https://pi.tedcdn.com/r/pe.tedcdn.com/images/ted/96528cc3522f0e74a3c32eb1c5ff1bf0b0f24896_254x191.jpg?w=255
6a034c245e700263ec4ad22b,Kate Raworth,https://pi.tedcdn.com/r/pe.tedcdn.com/images/ted/7fa2faf31756d93b84d4f0a3284914efe9615e84_254x191.jpg?w=255
6a034c2437e0c30f44bd1e0f,Golshifteh Farahani,https://pi.tedcdn.com/r/ted-conferences-speaker-photos-production.s3.amazonaws.com/txqbtr9xkmoshzmi5amd2sa68x69?w=255
6a034c245e700263ec4ad234,Lisa Kristine,https://pi.tedcdn.com/r/pe.tedcdn.com/images/ted/a4f0482f2f5da57cdb6a46373129d09179da29bb_254x191.jpg?w=255
6a034c245e700263ec4ad255,Sarah J. Doherty,https://tedblade-public-assets.s3.us-east-1.amazonaws.com/default-avatar.jpg
6a034c2437e0c30f44bd1e20,Fernanda Castillo,https://tedblade-public-assets.s3.us-east-1.amazonaws.com/default-avatar.jpg
6a034c2437e0c30f44bd1e3c,Jenny Hoyos,https://pi.tedcdn.com/r/ted-conferences-speaker-photos-production.s3.amazonaws.com/oj0pmu7aqvcld804dsjjfxu7zqe6?w=255
6a034c245e700263ec4ad25a,Stephen Bax,https://tedblade-public-assets.s3.us-east-1.amazonaws.com/default-avatar.jpg
6a034c2437e0c30f44bd1ec7,Wanjira Mathai,https://pi.tedcdn.com/r/pe.tedcdn.com/images/ted/4be6b5dac33273e9eda284bcf6b16058b083ac60_254x191.jpg?w=255
6a034c245e700263ec4ad26b,Anders Fjellberg,https://pi.tedcdn.com/r/pe.tedcdn.com/images/ted/44c5606fd84cbdc5661c20c4fa7d80bb3fd48b30_254x191.jpg?w=255
6a034c2437e0c30f44bd1ec3,Trevor Aaronson,https://pi.tedcdn.com/r/pe.tedcdn.com/images/ted/be3f21ef302848961fa661676979ef33c57d101e_254x191.jpg?w=255
6a034c245e700263ec4ad1eb,Amber McReynolds,https://pi.tedcdn.com/r/pe.tedcdn.com/images/ted/27e48d02d98378114b1778298c080c98a95bef06_254x191.jpg?w=255
6a034c245e700263ec4ad273, Kimberose,https://tedblade-public-assets.s3.us-east-1.amazonaws.com/default-avatar.jpg
6a034c245e700263ec4ad28a,Andrej Levin,https://pi.tedcdn.com/r/ted-conferences-speaker-photos-production.s3.amazonaws.com/ms0t1oghg6zvasaryd29euw0opsl?w=255
6a034c2437e0c30f44bd1e7f,Martha Redbone,https://tedblade-public-assets.s3.us-east-1.amazonaws.com/default-avatar.jpg
6a034c245e700263ec4ad295,Arunachalam Muruganantham,https://pi.tedcdn.com/r/pe.tedcdn.com/images/ted/607b7198df746341ca3e01f35c7e55de0886c3c7_254x191.jpg?w=255
6a034c2437e0c30f44bd1e99,Morgan Vague,https://pi.tedcdn.com/r/pe.tedcdn.com/images/ted/93ed6ed9630d298cec02dddda2a04c33b60d920b_254x191.jpg?w=255
6a034c245e700263ec4ad2b6,Dena Simmons,https://pi.tedcdn.com/r/pe.tedcdn.com/images/ted/a2859d6a054ac559dcb87c1984f8cb0c4e2d61a7_254x191.jpg?w=255
6a034c245e700263ec4ad407,Russell Foster,https://pi.tedcdn.com/r/pe.tedcdn.com/images/ted/5c79fa81c2e442be97389985794af68f8d25a404_254x191.jpg?w=255
6a034c249bbcd05aa3165c58,Jim Yong Kim,https://pi.tedcdn.com/r/pe.tedcdn.com/images/ted/5e4a13fc641af289bf91c044a51b0394e1b7fa64_254x191.jpg?w=255
6a034c2437e0c30f44bd1eb2,Shonda Rhimes,https://pi.tedcdn.com/r/pe.tedcdn.com/images/ted/d80be53df8b115a4e19b5182ccfd653380dee585_254x191.jpg?w=255
6a034c245e700263ec4ad2d8,Gabriel Marmentini,https://pi.tedcdn.com/r/ted-conferences-speaker-photos-production.s3.amazonaws.com/wxdeocr7buk024p05p2puuajcrvs?w=255
6a034c24658f0b3b67d4a388,Olga Yurkova,https://pi.tedcdn.com/r/pe.tedcdn.com/images/ted/f095acbb721ad8693b70d8b7c0d58db3a9d0b7b2_254x191.jpg?w=255
6a034c245e700263ec4ad1f5,Carolyn Bertozzi,https://pi.tedcdn.com/r/pe.tedcdn.com/images/ted/2285d7b4bf81eb58f5652b465fae82fd18027656_254x191.jpg?w=255
6a034c24658f0b3b67d4a2f8,Elif Shafak,https://pi.tedcdn.com/r/ted-conferences-speaker-photos-production.s3.amazonaws.com/hxnwxqzt195if5k87gd8qkehv4ap?w=255
6a034c2437e0c30f44bd1ec4,Tunde Olaniran,https://tedblade-public-assets.s3.us-east-1.amazonaws.com/default-avatar.jpg
6a034c245e700263ec4ad1e3, Cordae,https://pi.tedcdn.com/r/ted-conferences-speaker-photos-production.s3.amazonaws.com/3nc1s11md57apmwsp93tfc1vc4e0?w=255
6a034c24658f0b3b67d4a393,Louie Schwartzberg,https://pi.tedcdn.com/r/pe.tedcdn.com/images/ted/63ae7a622f2d2f76e16dd5fc5a05c2f8e4ae5936_254x191.jpg?w=255
6a034c245e700263ec4ad21f,Jeremy Brewer,https://pi.tedcdn.com/r/pe.tedcdn.com/images/ted/cef0cca83f3595ae2b8e6577758144262e12edab_254x191.jpg?w=255
6a034c24658f0b3b67d4a301,Douglas Beal,https://tedblade-public-assets.s3.us-east-1.amazonaws.com/default-avatar.jpg
6a034c24658f0b3b67d4a41d,Mitchell Besser,https://pi.tedcdn.com/r/pe.tedcdn.com/images/ted/201131_254x191.jpg?w=255
6a034c245e700263ec4ad262,Virginia Postrel,https://pi.tedcdn.com/r/pe.tedcdn.com/images/ted/56320_254x191.jpg?w=255
6a034c24658f0b3b67d4a31d,Greg Brockman,https://pi.tedcdn.com/r/ted-conferences-speaker-photos-production.s3.amazonaws.com/z52jq64991lruuq5oeng3e588d7r?w=255
6a034c245e700263ec4ad274,Aruna Rangachar Pohl,https://pi.tedcdn.com/r/ted-conferences-speaker-photos-production.s3.amazonaws.com/qacthx47cg0bltoqxwh0wgbnbvu3?w=255
6a034c24658f0b3b67d4a434,Veronica Kalas,https://tedblade-public-assets.s3.us-east-1.amazonaws.com/default-avatar.jpg
6a034c24658f0b3b67d4a322,Darrick Hamilton,https://pi.tedcdn.com/r/pe.tedcdn.com/images/ted/a5d84521f15b0acddc02a9b83310b4963173ccee_254x191.jpg?w=255
6a034c245e700263ec4ad209,Fatima AlZahra'a Alatraktchi,https://tedblade-public-assets.s3.us-east-1.amazonaws.com/default-avatar.jpg
6a034c245e700263ec4ad2ea,Jim Simons,https://pi.tedcdn.com/r/pe.tedcdn.com/images/ted/8b436638d4cac190221727561b0e96867b78ce37_254x191.jpg?w=255
6a034c245e700263ec4ad28b,Bryce Dallas Howard,https://pi.tedcdn.com/r/ted-conferences-speaker-photos-production.s3.amazonaws.com/59sstadnn3b45lz893voacmtlcam?w=255
6a034c24658f0b3b67d4a335,Joe DeRisi,https://pi.tedcdn.com/r/pe.tedcdn.com/images/ted/68104_254x191.jpg?w=255
6a034c245e700263ec4ad23c,Marcus du Sautoy,https://pi.tedcdn.com/r/pe.tedcdn.com/images/ted/126490_254x191.jpg?w=255
6a034c245e700263ec4ad2fd,Karen J. Meech,https://tedblade-public-assets.s3.us-east-1.amazonaws.com/default-avatar.jpg
6a034c245e700263ec4ad308,Kevin P. Boyd,https://tedblade-public-assets.s3.us-east-1.amazonaws.com/default-avatar.jpg
6a034c245e700263ec4ad29f,Carl June,https://pi.tedcdn.com/r/pe.tedcdn.com/images/ted/69767853202d833086949bb8944d5dd5aef59723_254x191.jpg?w=255
6a034c24658f0b3b67d4a46f,Sunil Prashara,https://tedblade-public-assets.s3.us-east-1.amazonaws.com/default-avatar.jpg
6a034c245e700263ec4ad2cb,Frans de Waal,https://pi.tedcdn.com/r/pe.tedcdn.com/images/ted/697f669e5d752bd30be2032f7ea9117fe910ee0d_254x191.jpg?w=255
6a034c2437e0c30f44bd1ec6,Valérie Courtois,https://pi.tedcdn.com/r/ted-conferences-speaker-photos-production.s3.amazonaws.com/ypwtg6mojzkh56tlnul8dq8pagak?w=255
6a034c245e700263ec4ad2cd,Esther Duflo,https://pi.tedcdn.com/r/ted-conferences-speaker-photos-production.s3.amazonaws.com/ckikl8dpderg9ho7zs0sfo4dl0vw?w=255
6a034c2437e0c30f44bd1ef1,Zak Ebrahim,https://pi.tedcdn.com/r/pe.tedcdn.com/images/ted/66cf2d1746034559cd7b207253d0d1ef9639e576_254x191.jpg?w=255
6a034c245e700263ec4ad32a,Meron Gribetz,https://pi.tedcdn.com/r/pe.tedcdn.com/images/ted/94e3c1f70535dc2267030122b87752bb8bdf63c7_254x191.jpg?w=255
6a034c245e700263ec4ad2ec,John Doerr,https://pi.tedcdn.com/r/pe.tedcdn.com/images/ted/c635cc6ec11c72c59e80a46f934d14e9508a25b6_254x191.jpg?w=255
6a034c245e700263ec4ad206,Erica Stone,https://pi.tedcdn.com/r/pe.tedcdn.com/images/ted/c074cee8fb87ebb98706da8ab5a5bab71ab82a27_254x191.jpg?w=255
6a034c24658f0b3b67d4a4bb,Jordyn Wieber,https://tedblade-public-assets.s3.us-east-1.amazonaws.com/default-avatar.jpg
6a034c245e700263ec4ad364,Saki Mafundikwa,https://pi.tedcdn.com/r/pe.tedcdn.com/images/ted/17603df7ddc5c170a3b8c83fbb05b47ba8580144_254x191.jpg?w=255
6a034c245e700263ec4ad215,Ione Wells,https://pi.tedcdn.com/r/pe.tedcdn.com/images/ted/c3fd17f380e0d9555413bd0a0d14135a806cc3a2_254x191.jpg?w=255
6a034c245e700263ec4ad324,Melaku Belay,https://pi.tedcdn.com/r/ted-conferences-speaker-photos-production.s3.amazonaws.com/ycatssd8a5rftvzvqwvzgpl7ritj?w=255
6a034c24658f0b3b67d4a4cc,Lorie Wigle,https://tedblade-public-assets.s3.us-east-1.amazonaws.com/default-avatar.jpg
6a034c245e700263ec4ad21e,Jeff Steers,https://tedblade-public-assets.s3.us-east-1.amazonaws.com/default-avatar.jpg
6a034c245e700263ec4ad36c,Sarah Parcak,https://pi.tedcdn.com/r/pe.tedcdn.com/images/ted/0b7c4b4d43b97a2f7c6984eaeb522a118dc68c88_254x191.jpg?w=255
6a034c245e700263ec4ad341,Nkosilathi Nyathi,https://pi.tedcdn.com/r/pe.tedcdn.com/images/ted/c8362e8b4c7dd037c84944113f3430ec514b1108_254x191.jpg?w=255
6a034c249bbcd05aa3165a9f,Daan Roosegaarde,https://pi.tedcdn.com/r/pe.tedcdn.com/images/ted/50354ef017b665d73e76c41590ece87f5078606b_254x191.jpg?w=255
6a034c245e700263ec4ad26a,Allison Leigh,https://tedblade-public-assets.s3.us-east-1.amazonaws.com/default-avatar.jpg
6a034c249bbcd05aa3165ab8,Hui-wen Sato,https://tedblade-public-assets.s3.us-east-1.amazonaws.com/default-avatar.jpg
6a034c245e700263ec4ad347,Patrick Awuah,https://pi.tedcdn.com/r/pe.tedcdn.com/images/ted/14196_254x191.jpg?w=255
6a034c245e700263ec4ad3d0,Jason Huang,https://pi.tedcdn.com/r/ted-conferences-speaker-photos-production.s3.amazonaws.com/p9nu4imvcb0zk2fu6o10q8bdazop?w=255
6a034c245e700263ec4ad27a,Audra A. Diptée,https://tedblade-public-assets.s3.us-east-1.amazonaws.com/default-avatar.jpg
6a034c249bbcd05aa3165ac1,Jeff Chen,https://pi.tedcdn.com/r/ted-conferences-speaker-photos-production.s3.amazonaws.com/1tly0onzs1afm5ugbgpgk55784ko?w=255
6a034c245e700263ec4ad37e,Swizz Beatz,https://pi.tedcdn.com/r/pe.tedcdn.com/images/ted/f3882d0277f513d55c60a01994aa569b0afde374_254x191.jpg?w=255
6a034c245e700263ec4ad2aa,Daniel L. Schacter,https://tedblade-public-assets.s3.us-east-1.amazonaws.com/default-avatar.jpg
6a034c245e700263ec4ad3d2,Jer Thorp,https://pi.tedcdn.com/r/pe.tedcdn.com/images/ted/3a86568fd52bac232f59bbbbbae9feec67a51039_254x191.jpg?w=255
6a034c245e700263ec4ad384,Tanishia Lavette Williams,https://tedblade-public-assets.s3.us-east-1.amazonaws.com/default-avatar.jpg
6a034c249bbcd05aa3165b13,Charles Moore,https://pi.tedcdn.com/r/pe.tedcdn.com/images/ted/74120_254x191.jpg?w=255
6a034c245e700263ec4ad3d3,Jessica Tomkins,https://tedblade-public-assets.s3.us-east-1.amazonaws.com/default-avatar.jpg
6a034c245e700263ec4ad2ae,Dao Nguyen,https://pi.tedcdn.com/r/pe.tedcdn.com/images/ted/ff55c7e4deed95b6a54d38e719be8c39261ae615_254x191.jpg?w=255
6a034c245e700263ec4ad385,Stacie Bosley,https://tedblade-public-assets.s3.us-east-1.amazonaws.com/default-avatar.jpg
6a034c249bbcd05aa3165b25,Elise Hu,https://pi.tedcdn.com/r/ted-conferences-speaker-photos-production.s3.amazonaws.com/bqibpahtqbhu5k5jcjtfcso6k70x?w=255
6a034c24658f0b3b67d4a2bd,Ali Noorani,https://pi.tedcdn.com/r/ted-conferences-speaker-photos-production.s3.amazonaws.com/w2vi4uxsxkqpsscfxxygzp6t37nq?w=255
6a034c245e700263ec4ad2f4,Julia Shaw,https://pi.tedcdn.com/r/pe.tedcdn.com/images/ted/3a6afea3321aba306c90f0f31321729e787e7819_254x191.jpg?w=255
6a034c245e700263ec4ad393,Tomer Garzberg,https://tedblade-public-assets.s3.us-east-1.amazonaws.com/default-avatar.jpg
6a034c249bbcd05aa3165b50,Kalika Bali,https://pi.tedcdn.com/r/pe.tedcdn.com/images/ted/bed37a9236654d95a89936870920008bc329713c_254x191.jpg?w=255
6a034c24658f0b3b67d4a2c5,Amelia Laytham,https://tedblade-public-assets.s3.us-east-1.amazonaws.com/default-avatar.jpg
6a034c245e700263ec4ad309,Kiah Williams,https://pi.tedcdn.com/r/ted-conferences-speaker-photos-production.s3.amazonaws.com/r6s9ycwv7tnc7uiai9kuh5z2nlyv?w=255
6a034c245e700263ec4ad39f,Adam Garone,https://pi.tedcdn.com/r/pe.tedcdn.com/images/ted/251b8dc84583ccc102d54b3ce0079c3471862dc5_254x191.jpg?w=255
6a034c249bbcd05aa3165b6c,Morgana Bailey,https://pi.tedcdn.com/r/pe.tedcdn.com/images/ted/36c1073f03b4a052373c481d7d257c36220c9153_254x191.jpg?w=255
6a034c24658f0b3b67d4a2ca,Angus Hervey,https://pi.tedcdn.com/r/ted-conferences-speaker-photos-production.s3.amazonaws.com/j613z9qrphytqvns7abnmwbciqjv?w=255
6a034c245e700263ec4ad325,Martin Gutmann,https://pi.tedcdn.com/r/ted-conferences-speaker-photos-production.s3.amazonaws.com/umzti0uk41eesp6xx9f4szep5mnu?w=255
6a034c245e700263ec4ad3af,Benjamin Lewis,https://pi.tedcdn.com/r/ted-conferences-speaker-photos-production.s3.amazonaws.com/glf1rqkn3aduzqykumyq18wlyj2z?w=255
6a034c249bbcd05aa3165b90,Anicka Yi,https://pi.tedcdn.com/r/ted-conferences-speaker-photos-production.s3.amazonaws.com/9lm5iu02oso66w11kp9nd59xfccg?w=255
6a034c24658f0b3b67d4a2d6,Daniel Kahneman,https://pi.tedcdn.com/r/pe.tedcdn.com/images/ted/152922_254x191.jpg?w=255
6a034c245e700263ec4ad35c,Rokia Traore,https://pi.tedcdn.com/r/pe.tedcdn.com/images/ted/e081ec923804ce56f011b0afe28c3f12a1e147db_254x191.jpg?w=255
6a034c245e700263ec4ad3c0,Dr. Phillip Atiba Solomon,https://tedblade-public-assets.s3.us-east-1.amazonaws.com/default-avatar.jpg
6a034c249bbcd05aa3165ba2,Cornelia Geppert,https://pi.tedcdn.com/r/pe.tedcdn.com/images/ted/240d5d68ae26bd24dca4fe72b3bb34079d47149b_254x191.jpg?w=255
6a034c24658f0b3b67d4a2d8,Darria Long,https://pi.tedcdn.com/r/pe.tedcdn.com/images/ted/67b49690a47373771681f4cba07353dd0961e660_254x191.jpg?w=255
6a034c245e700263ec4ad401,Robin Hanson,https://pi.tedcdn.com/r/pe.tedcdn.com/images/ted/743615678d44277d3df4d91b1896959c1c387831_254x191.jpg?w=255
6a034c245e700263ec4ad3ca,Gil Winch,https://pi.tedcdn.com/r/pe.tedcdn.com/images/ted/ad1225d15812c3c179692e2ec315cd044a0cf2e0_254x191.jpg?w=255
6a034c24658f0b3b67d4a2ef,Andrew Peek,https://tedblade-public-assets.s3.us-east-1.amazonaws.com/default-avatar.jpg
6a034c249bbcd05aa3165bc1,Tim Harford,https://pi.tedcdn.com/r/pe.tedcdn.com/images/ted/05df61476973da030b1688b966028d4c25dd2905_254x191.jpg?w=255
6a034c245e700263ec4ad41a,Yossi Vardi,https://pi.tedcdn.com/r/pe.tedcdn.com/images/ted/22657_254x191.jpg?w=255
6a034c245e700263ec4ad3fb,Rebecca Galemba,https://pi.tedcdn.com/r/pe.tedcdn.com/images/ted/8fd345836b30cf6b5e6f33c3839a4d490e365039_254x191.jpg?w=255
6a034c24658f0b3b67d4a338,Emma Nehrenheim,https://pi.tedcdn.com/r/ted-conferences-speaker-photos-production.s3.amazonaws.com/rwt86uyw0m1n6nw9kbtlnl7xemxu?w=255
6a034c24658f0b3b67d4a2b8,Alexander Tuerpitz,https://tedblade-public-assets.s3.us-east-1.amazonaws.com/default-avatar.jpg
6a034c249bbcd05aa3165bf5,Matthew Williams,https://pi.tedcdn.com/r/pe.tedcdn.com/images/ted/da48526a1d126a21163c10c99747243eeb650705_254x191.jpg?w=255
6a034c245e700263ec4ad408,Sajay Samuel,https://pi.tedcdn.com/r/pe.tedcdn.com/images/ted/71eec810648542fc7231ebce985491c6b408dbd5_254x191.jpg?w=255
6a034c24658f0b3b67d4a34c,Katie McGinty,https://pi.tedcdn.com/r/pe.tedcdn.com/images/ted/da773730423cfa10fd1780f251e5c15b6ba4644a_254x191.jpg?w=255
6a034c24658f0b3b67d4a320,Dannagal G. Young,https://tedblade-public-assets.s3.us-east-1.amazonaws.com/default-avatar.jpg
6a034c245e700263ec4ad410,Takaharu Tezuka,https://pi.tedcdn.com/r/pe.tedcdn.com/images/ted/9b50b61df9533bde179ab0a6cbc8897a58390d78_254x191.jpg?w=255
6a034c24658f0b3b67d4a38e,Paul O'Connell,https://tedblade-public-assets.s3.us-east-1.amazonaws.com/default-avatar.jpg
6a034c24658f0b3b67d4a3ae,Rola Hallam,https://pi.tedcdn.com/r/pe.tedcdn.com/images/ted/03a9a68a537c37599f77f496af7c3e53f45fa1b4_254x191.jpg?w=255
6a034c249bbcd05aa3165c25,Antón García-Abril,https://tedblade-public-assets.s3.us-east-1.amazonaws.com/default-avatar.jpg
6a034c24658f0b3b67d4a2af,Adie Delaney,https://pi.tedcdn.com/r/pe.tedcdn.com/images/ted/68ef02e6b8fe680f032a1ce35bf9773e4192e03e_254x191.jpg?w=255
6a034c24658f0b3b67d4a3b5,Naif Al-Mutawa,https://pi.tedcdn.com/r/pe.tedcdn.com/images/ted/185250_254x191.jpg?w=255
6a034c24658f0b3b67d4a3a9,Murat Dalkilinç,https://tedblade-public-assets.s3.us-east-1.amazonaws.com/default-avatar.jpg
6a034c249bbcd05aa3165c5e,Judd A. Schorr,https://tedblade-public-assets.s3.us-east-1.amazonaws.com/default-avatar.jpg
6a034c24658f0b3b67d4a2dd,David Hoffman,https://pi.tedcdn.com/r/pe.tedcdn.com/images/ted/36880_254x191.jpg?w=255
6a034c24658f0b3b67d4a40d,María Neira,https://pi.tedcdn.com/r/pe.tedcdn.com/images/ted/e3742dbd462bfdf931ca8f6d9a3af81c1a7f2fc9_254x191.jpg?w=255
6a034c245e700263ec4ad272,Arthur Benjamin,https://pi.tedcdn.com/r/pe.tedcdn.com/images/ted/ad5b91e6aa89e07e8ce56f4894c47f3cbb3b8e4f_254x191.jpg?w=255
6a034c24658f0b3b67d4a33e,Feras Fayyad,https://pi.tedcdn.com/r/pe.tedcdn.com/images/ted/4592a200b357d643d5dde6dd60e6500ad1461b84_254x191.jpg?w=255
6a034c24658f0b3b67d4a3f4,Rebekah Bergman,https://tedblade-public-assets.s3.us-east-1.amazonaws.com/default-avatar.jpg
6a034c249bbcd05aa3165c66,Kirk Citron,https://pi.tedcdn.com/r/pe.tedcdn.com/images/ted/160430_254x191.jpg?w=255
6a034c24658f0b3b67d4a344,June Jo Lee,https://pi.tedcdn.com/r/ted-conferences-speaker-photos-production.s3.amazonaws.com/f2cu0s9cm6roenar9s6ol67q09ek?w=255
6a034c249bbcd05aa3165c65,Kelsey Johnson,https://pi.tedcdn.com/r/pe.tedcdn.com/images/ted/68a294ecf9e47cf7ed7c3744b131712dad8a4a64_254x191.jpg?w=255
6a034c24658f0b3b67d4a40f,Simone Giertz,https://pi.tedcdn.com/r/pe.tedcdn.com/images/ted/d2428c714db548fe76e4f40a96373b01340a86b9_254x191.jpg?w=255
6a034c249bbcd05aa3165cad,Sophia Kianni,https://pi.tedcdn.com/r/pe.tedcdn.com/images/ted/801e8623f59fb1b83fd28ea847e1d91685a6ae1b_254x191.jpg?w=255
6a034c24658f0b3b67d4a347,Gala Jackson,https://tedblade-public-assets.s3.us-east-1.amazonaws.com/default-avatar.jpg
6a034c249bbcd05aa3165c7c,Nick Sears,https://tedblade-public-assets.s3.us-east-1.amazonaws.com/default-avatar.jpg
6a034c24658f0b3b67d4a410,Matt Anticole,https://tedblade-public-assets.s3.us-east-1.amazonaws.com/default-avatar.jpg
6a034c245e700263ec4ad284,Amanda Burden,https://pi.tedcdn.com/r/pe.tedcdn.com/images/ted/2ab5001cbc41eab3bc135c16a9725b6e9f5fb020_254x191.jpg?w=255
6a034c249bbcd05aa3165cb8,Vishal Sikka,https://tedblade-public-assets.s3.us-east-1.amazonaws.com/default-avatar.jpg
6a034c24658f0b3b67d4a380,Laetitia Ky,https://pi.tedcdn.com/r/ted-conferences-speaker-photos-production.s3.amazonaws.com/a0pays6swm89zxcm39mccgarzngm?w=255
6a034c249bbcd05aa3165c89,Sarah Edmondson,https://pi.tedcdn.com/r/ted-conferences-speaker-photos-production.s3.amazonaws.com/bwoslfx0q8yqw7rawjxn6ttbwqqb?w=255
6a034c24b9e30957c43889a3,Pat Crowley,https://tedblade-public-assets.s3.us-east-1.amazonaws.com/default-avatar.jpg
6a034c24658f0b3b67d4a430,Ueli Gegenschatz,https://pi.tedcdn.com/r/pe.tedcdn.com/images/ted/81447_254x191.jpg?w=255
6a034c245e700263ec4ad287,Bob Mankoff,https://pi.tedcdn.com/r/ted-conferences-speaker-photos-production.s3.amazonaws.com/izr1jqwzdptnclxz7cmckmq52xsn?w=255
6a034c24658f0b3b67d4a357,Jad Abumrad,https://pi.tedcdn.com/r/pe.tedcdn.com/images/ted/276eb875906e71549c509ff65cd99d8d225eb056_254x191.jpg?w=255
6a034c24658f0b3b67d4a458,Seth Shostak,https://pi.tedcdn.com/r/pe.tedcdn.com/images/ted/87b1f22e1a9181895e8dad4ac6d054ddb167c761_254x191.jpg?w=255
6a034c24658f0b3b67d4a440,Ricardo Semler,https://pi.tedcdn.com/r/pe.tedcdn.com/images/ted/f58ce34a948fd3d17cdaa85663b816bf39474a3b_254x191.jpg?w=255
6a034c245e700263ec4ad2ac,Danielle Torley,https://pi.tedcdn.com/r/pe.tedcdn.com/images/ted/a64dcd1453db55a2f8707e76e9d5cb804570a4ed_254x191.jpg?w=255
6a034c24658f0b3b67d4a36b,John Francis,https://pi.tedcdn.com/r/pe.tedcdn.com/images/ted/58073_254x191.jpg?w=255
6a034c24658f0b3b67d4a377,Megan Wilkens,https://tedblade-public-assets.s3.us-east-1.amazonaws.com/default-avatar.jpg
6a034c24658f0b3b67d4a441,Riccardo Sabatini,https://pi.tedcdn.com/r/pe.tedcdn.com/images/ted/7e68e568195124aec0626a6cc5514226b02fc57f_254x191.jpg?w=255
6a034c24658f0b3b67d4a3fb,Vera Songwe,https://pi.tedcdn.com/r/pe.tedcdn.com/images/ted/2c9295575ed0472489ca5978cde4d83f2d85c364_254x191.jpg?w=255
6a034c24658f0b3b67d4a476,Susan Savage-Rumbaugh,https://pi.tedcdn.com/r/pe.tedcdn.com/images/ted/1312_254x191.jpg?w=255
6a034c24658f0b3b67d4a484,Tiffany Yu,https://tedblade-public-assets.s3.us-east-1.amazonaws.com/default-avatar.jpg
6a034c24658f0b3b67d4a493,W. Keith Campbell,https://tedblade-public-assets.s3.us-east-1.amazonaws.com/default-avatar.jpg
6a034c24658f0b3b67d4a4c2,Kimberly Noble,https://pi.tedcdn.com/r/pe.tedcdn.com/images/ted/b0c6aadf9582b22cd7844e9df160eac5431478b8_254x191.jpg?w=255
6a034c24b9e30957c43889b7,Carolyn Steel,https://pi.tedcdn.com/r/pe.tedcdn.com/images/ted/748cf34e1cdabda0960f7159888ba12c91fd16b8_254x191.jpg?w=255
6a034c24658f0b3b67d4a459,Angel Chang,https://tedblade-public-assets.s3.us-east-1.amazonaws.com/default-avatar.jpg
6a034c249bbcd05aa3165cab,Shashi Tharoor,https://pi.tedcdn.com/r/pe.tedcdn.com/images/ted/133195_254x191.jpg?w=255
6a034c24658f0b3b67d4a4a1,Gerry Wright,https://tedblade-public-assets.s3.us-east-1.amazonaws.com/default-avatar.jpg
6a034c24658f0b3b67d4a4d4,Marta Peirano,https://tedblade-public-assets.s3.us-east-1.amazonaws.com/default-avatar.jpg
6a034c24b9e30957c43889c6,Kandice Sumner,https://tedblade-public-assets.s3.us-east-1.amazonaws.com/default-avatar.jpg
6a034c24658f0b3b67d4a466,Bill Shillito,https://tedblade-public-assets.s3.us-east-1.amazonaws.com/default-avatar.jpg
6a034c24658f0b3b67d4a4b5,Jessica Garza,https://pi.tedcdn.com/r/pe.tedcdn.com/images/ted/de5d8eb124d2b5f9f889678fbb769ef9b3b0236e_254x191.jpg?w=255
6a034c24b9e30957c438899a,Amel Karboul,https://tedblade-public-assets.s3.us-east-1.amazonaws.com/default-avatar.jpg
6a034c24658f0b3b67d4a4f1,Sean Follmer,https://pi.tedcdn.com/r/pe.tedcdn.com/images/ted/e965209483c7be0f06fdde0f6d9c4343e4fb5506_254x191.jpg?w=255
6a034c24b9e30957c43889e4,Damian Palin,https://pi.tedcdn.com/r/pe.tedcdn.com/images/ted/2caa969397fe2bbb5dde8c6e36ce26093bdfe1ec_254x191.jpg?w=255
6a034c24658f0b3b67d4a4a7,Huang Yi & KUKA,https://tedblade-public-assets.s3.us-east-1.amazonaws.com/default-avatar.jpg
6a034c24658f0b3b67d4a4cd,Louise Fresco,https://pi.tedcdn.com/r/pe.tedcdn.com/images/ted/b8161752ec3da20dfe23f0fea2cd91ce236630dd_254x191.jpg?w=255
6a034c24b9e30957c4388a41,Kees Moeliker,https://pi.tedcdn.com/r/pe.tedcdn.com/images/ted/9a12c28b593f6689ab8aa1b5d60151641ceb3bbe_254x191.jpg?w=255
6a034c24b9e30957c43889f3,Gilad Bino,https://tedblade-public-assets.s3.us-east-1.amazonaws.com/default-avatar.jpg
6a034c24658f0b3b67d4a4c7,Laura Gassner Otting,https://tedblade-public-assets.s3.us-east-1.amazonaws.com/default-avatar.jpg
6a034c249bbcd05aa3165a8f,Anna Heringer,https://pi.tedcdn.com/r/pe.tedcdn.com/images/ted/0505a7b638da16c3f90369137b59680d016c3e66_254x191.jpg?w=255
6a034c24658f0b3b67d4a502,Vidhya Ramalingam,https://pi.tedcdn.com/r/ted-conferences-speaker-photos-production.s3.amazonaws.com/fd0l5bmmxpbs3nhs65ori23uddy2?w=255
6a034c24b9e30957c4388aaa,Chand John,https://tedblade-public-assets.s3.us-east-1.amazonaws.com/default-avatar.jpg
6a034c24b9e30957c4388a01,Joel Jackson,https://pi.tedcdn.com/r/pe.tedcdn.com/images/ted/a5139e703e411ff1940f303e3c68003bf68369d2_254x191.jpg?w=255
6a034c249bbcd05aa3165a83, Yelle,https://pi.tedcdn.com/r/pe.tedcdn.com/images/ted/def970d0b8dc920c1963ef76ec913086ab76e38b_254x191.jpg?w=255
6a034c249bbcd05aa3165a93,Barbara Block,https://pi.tedcdn.com/r/pe.tedcdn.com/images/ted/204750_254x191.jpg?w=255
6a034c249bbcd05aa3165b0a,Armando Azua-Bustos,https://pi.tedcdn.com/r/pe.tedcdn.com/images/ted/b092cf4c89ba52c7a1ec3d4b8e61a0245a6e962f_254x191.jpg?w=255
6a034c24b9e30957c4388ab4,Daniel Wolpert,https://pi.tedcdn.com/r/pe.tedcdn.com/images/ted/72864c7e09c0866e7e3e3a3049daef7c890cc38e_254x191.jpg?w=255
6a034c249bbcd05aa3165acd,Keenan Scott II,https://pi.tedcdn.com/r/ted-conferences-speaker-photos-production.s3.amazonaws.com/u8qa6zbgzzzbwuihw5qodql0blw4?w=255
6a034c24b9e30957c4388a24,Noel Bairey Merz,https://tedblade-public-assets.s3.us-east-1.amazonaws.com/default-avatar.jpg
6a034c24658f0b3b67d4a382,Larry Irvin,https://pi.tedcdn.com/r/pe.tedcdn.com/images/ted/3ae53e45863d0ca5dcac7d5c71361c2210295996_254x191.jpg?w=255
6a034c245e700263ec4ad2b5,Devita Davison,https://pi.tedcdn.com/r/pe.tedcdn.com/images/ted/e0c600d766b81ecc1a4447433007dd69c61506ed_254x191.jpg?w=255
6a034c249bbcd05aa3165b42,Jenna C. Lester,https://tedblade-public-assets.s3.us-east-1.amazonaws.com/default-avatar.jpg
6a034c249bbcd05aa3165a9c,Christopher Warner,https://tedblade-public-assets.s3.us-east-1.amazonaws.com/default-avatar.jpg
6a034c24b9e30957c4388abb,Einav Zamir Dembin,https://tedblade-public-assets.s3.us-east-1.amazonaws.com/default-avatar.jpg
6a034c24b9e30957c4388a2f,Matthew Ebert,https://tedblade-public-assets.s3.us-east-1.amazonaws.com/default-avatar.jpg
6a034c249bbcd05aa3165ade,Mark Pagel,https://pi.tedcdn.com/r/pe.tedcdn.com/images/ted/fad2b242f46da8f2a9430497a50a80afde8445cc_254x191.jpg?w=255
6a034c245e700263ec4ad2c7,Felix Dennis,https://pi.tedcdn.com/r/pe.tedcdn.com/images/ted/94080_254x191.jpg?w=255
6a034c24658f0b3b67d4a395,Florian Pinel,https://tedblade-public-assets.s3.us-east-1.amazonaws.com/default-avatar.jpg
6a034c249bbcd05aa3165b56,Lana Yarosh,https://tedblade-public-assets.s3.us-east-1.amazonaws.com/default-avatar.jpg
6a034c24b9e30957c4388afa,Nathaniel Kahn,https://pi.tedcdn.com/r/pe.tedcdn.com/images/ted/81978_254x191.jpg?w=255
6a034c24b9e30957c4388a35,Frank Warren,https://pi.tedcdn.com/r/pe.tedcdn.com/images/ted/560ae9aaa77d05da7b547dda0d36bb19016eee4c_254x191.jpg?w=255
6a034c249bbcd05aa3165adf,Mark T. Rivera,https://tedblade-public-assets.s3.us-east-1.amazonaws.com/default-avatar.jpg
6a034c249bbcd05aa3165b28,Eric Dishman,https://pi.tedcdn.com/r/pe.tedcdn.com/images/ted/156796_254x191.jpg?w=255
6a034c245e700263ec4ad2f1,José Antonio Abreu,https://pi.tedcdn.com/r/pe.tedcdn.com/images/ted/bb46e98625bdf5e678db00ef9de07accfb16f7e1_254x191.jpg?w=255
6a034c249bbcd05aa3165b86,Amina J. Mohammed,https://tedblade-public-assets.s3.us-east-1.amazonaws.com/default-avatar.jpg
6a034c24658f0b3b67d4a3ad,Robin Buckley,https://pi.tedcdn.com/r/ted-conferences-speaker-photos-production.s3.amazonaws.com/riwoctmblaeu8gqpzdja2u26lcpa?w=255
6a034c249bbcd05aa3165afa,Saul Griffith,https://pi.tedcdn.com/r/pe.tedcdn.com/images/ted/1325_254x191.jpg?w=255
6a034c24b9e30957c4388a3f,Leslie Kenna,https://tedblade-public-assets.s3.us-east-1.amazonaws.com/default-avatar.jpg
6a034c24b9e30957c4388b20,Valerie June,https://tedblade-public-assets.s3.us-east-1.amazonaws.com/default-avatar.jpg
6a034c249bbcd05aa3165b4a,John Maeda,https://pi.tedcdn.com/r/ted-conferences-speaker-photos-production.s3.amazonaws.com/y83p9wsxa4dvrjyvdllc9aur354v?w=255
6a034c245e700263ec4ad316,Luc de Brabandere,https://tedblade-public-assets.s3.us-east-1.amazonaws.com/default-avatar.jpg
6a034c24658f0b3b67d4a3e7,Taylor Mali,https://pi.tedcdn.com/r/pe.tedcdn.com/images/ted/143682_254x191.jpg?w=255
6a034c249bbcd05aa3165afb,Scott Nguyen,https://tedblade-public-assets.s3.us-east-1.amazonaws.com/default-avatar.jpg
6a034c24b9e30957c4388a60,Deborah Lipstadt,https://pi.tedcdn.com/r/pe.tedcdn.com/images/ted/6ba3addfdc232b9490f5341f52d382fffa9a72e6_254x191.jpg?w=255
6a034c249bbcd05aa3165bb8,Suzanne Simard,https://pi.tedcdn.com/r/pe.tedcdn.com/images/ted/b68b19716d2ac3f55333c4eb3c42d9c798acf148_254x191.jpg?w=255
6a034c24b9e30957c4388b31,Bruce Bueno de Mesquita,https://pi.tedcdn.com/r/pe.tedcdn.com/images/ted/82473_254x191.jpg?w=255
6a034c245e700263ec4ad318,Mahir Can Işik,https://tedblade-public-assets.s3.us-east-1.amazonaws.com/default-avatar.jpg
6a034c249bbcd05aa3165b0b,Arunabha Ghosh,https://pi.tedcdn.com/r/pe.tedcdn.com/images/ted/6aaec9dc6432c8acb5ae50730271d2cdf5189a03_254x191.jpg?w=255
6a034c249bbcd05aa3165b67,Marko Russiver,https://pi.tedcdn.com/r/pe.tedcdn.com/images/ted/02d8016cf4449f89a000ff231e5251ebb71b531a_254x191.jpg?w=255
6a034c24b9e30957c4388a63,Qiuqing Tai,https://pi.tedcdn.com/r/pe.tedcdn.com/images/ted/9889945c20684a489f6c7912d933c545bd4d4046_254x191.jpg?w=255
6a034c24b9e30957c4388b3d,Daniel Sherling,https://tedblade-public-assets.s3.us-east-1.amazonaws.com/default-avatar.jpg
6a034c24658f0b3b67d4a412,Soraya Field Fiorio,https://tedblade-public-assets.s3.us-east-1.amazonaws.com/default-avatar.jpg
6a034c249bbcd05aa3165bcb,Xavier De Kestelier,https://pi.tedcdn.com/r/pe.tedcdn.com/images/ted/67aa4746906029d05769a3ba464358c67dfed1f5_254x191.jpg?w=255
6a034c245e700263ec4ad327,Matt Langione,https://pi.tedcdn.com/r/pe.tedcdn.com/images/ted/a1553e496c4625b1b92bbbe23b82a8a1eec98b75_254x191.jpg?w=255
6a034c249bbcd05aa3165b8e,Angelica Dass,https://pi.tedcdn.com/r/pe.tedcdn.com/images/ted/bf604ffff4f4c13062ba6b6f0fc4f03d0bc151af_254x191.jpg?w=255
6a034c249bbcd05aa3165b29,Eric Liu,https://pi.tedcdn.com/r/ted-conferences-speaker-photos-production.s3.amazonaws.com/n4pncg5fsmosysev6g0xnj8w5dd0?w=255
6a034c24b9e30957c4388b3e,Daniel Suarez,https://pi.tedcdn.com/r/pe.tedcdn.com/images/ted/c98cabcd7e8a48854617ea560f7490b792fffcc9_254x191.jpg?w=255
6a034c249bbcd05aa3165bd8,James Cameron,https://pi.tedcdn.com/r/pe.tedcdn.com/images/ted/154201_254x191.jpg?w=255
6a034c24658f0b3b67d4a43c,Yami Joshi,https://tedblade-public-assets.s3.us-east-1.amazonaws.com/default-avatar.jpg
6a034c245e700263ec4ad34c,Peter Attia,https://pi.tedcdn.com/r/pe.tedcdn.com/images/ted/d2b872a652c4cf8b2ae2c6361d8e6ad541c34dfa_254x191.jpg?w=255
6a034c249bbcd05aa3165b92,Anupam Mishra,https://pi.tedcdn.com/r/pe.tedcdn.com/images/ted/f67a48118bc03518d2af4ea8ff9e45bd0063246b_254x191.jpg?w=255
6a034c24b9e30957c4388ba3,Shannon N. Tessier,https://tedblade-public-assets.s3.us-east-1.amazonaws.com/default-avatar.jpg
6a034c249bbcd05aa3165be6,Kirby Ferguson,https://pi.tedcdn.com/r/pe.tedcdn.com/images/ted/a1d073fb494edb20d30cc43f38fd1245fc815d7f_254x191.jpg?w=255
6a034c249bbcd05aa3165b3e,Isaac Lidsky,https://pi.tedcdn.com/r/pe.tedcdn.com/images/ted/1d3fdc3f76d757295e268a62684c7d248e9fa817_254x191.jpg?w=255
6a034c245e700263ec4ad357,Ramsey Musallam,https://pi.tedcdn.com/r/pe.tedcdn.com/images/ted/703c1495e0fff9563890668afbeb1bcfe9968046_254x191.jpg?w=255
6a034c24658f0b3b67d4a43e,Zeresenay Alemseged,https://pi.tedcdn.com/r/pe.tedcdn.com/images/ted/15050_254x191.jpg?w=255
6a034c24b9e30957c4388a68,Adam Zeman,https://tedblade-public-assets.s3.us-east-1.amazonaws.com/default-avatar.jpg
6a034c249bbcd05aa3165b94,Ariel Anbar,https://tedblade-public-assets.s3.us-east-1.amazonaws.com/default-avatar.jpg
6a034c249bbcd05aa3165b64,Margaux Miller,https://pi.tedcdn.com/r/ted-conferences-speaker-photos-production.s3.amazonaws.com/lchte0wxh0i8s7b1fl3qw80o44l8?w=255
6a034c245e700263ec4ad3a4,Alicia Chong Rodriguez,https://tedblade-public-assets.s3.us-east-1.amazonaws.com/default-avatar.jpg
6a034c249bbcd05aa3165bf8,Nandan Nilekani,https://pi.tedcdn.com/r/pe.tedcdn.com/images/ted/86383_254x191.jpg?w=255
6a034c24b9e30957c4388aa1,Ben Cameron,https://pi.tedcdn.com/r/pe.tedcdn.com/images/ted/197745_254x191.jpg?w=255
6a034c24658f0b3b67d4a471,Sunni Brown,https://pi.tedcdn.com/r/pe.tedcdn.com/images/ted/58664668b6e549826f1e51d421a820dd7136ad45_254x191.jpg?w=255
6a034c24d4881847be4b507a,Anne-Marie Slaughter,https://pi.tedcdn.com/r/pe.tedcdn.com/images/ted/e490d8c8b2fad4d1d294439e7dc40f9a50513687_254x191.jpg?w=255
6a034c249bbcd05aa3165bd6,Jakob Trollback,https://pi.tedcdn.com/r/pe.tedcdn.com/images/ted/36915_254x191.jpg?w=255
6a034c249bbcd05aa3165b7f,Adam Alter,https://pi.tedcdn.com/r/pe.tedcdn.com/images/ted/785fcf5ea5b575d729cfa602b9997891404453b4_254x191.jpg?w=255
6a034c245e700263ec4ad3bb,Daniel Tammet,https://pi.tedcdn.com/r/pe.tedcdn.com/images/ted/e0af48e9281aa4eaa778265b0d085da643cd493d_254x191.jpg?w=255
6a034c249bbcd05aa3165c0a,Robert Gupta + Joshua Roman,https://tedblade-public-assets.s3.us-east-1.amazonaws.com/default-avatar.jpg
6a034c24658f0b3b67d4a48f,David Rockwell,https://pi.tedcdn.com/r/pe.tedcdn.com/images/ted/581324210212221474b1646bed6dda79a3086fde_254x191.jpg?w=255
6a034c24b9e30957c4388aa9,Chade-Meng Tan,https://pi.tedcdn.com/r/pe.tedcdn.com/images/ted/e05e7fd850d71fb609b01c2070c7279a97093194_254x191.jpg?w=255
6a034c245e700263ec4ad3d5,John Brenkus,https://tedblade-public-assets.s3.us-east-1.amazonaws.com/default-avatar.jpg
6a034c24d4881847be4b50ac,Cheyenne Cochrane,https://pi.tedcdn.com/r/pe.tedcdn.com/images/ted/43270ccf15b804d0c4c677ade4f23b9303a11792_254x191.jpg?w=255
6a034c249bbcd05aa3165c13,Stephanie Busari,https://pi.tedcdn.com/r/pe.tedcdn.com/images/ted/102ab2f139717fca107d22627d3cc81b80569623_254x191.jpg?w=255
6a034c249bbcd05aa3165c26,Artūrs Miksons,https://tedblade-public-assets.s3.us-east-1.amazonaws.com/default-avatar.jpg
6a034c249bbcd05aa3165bdd,Jimmy Lin,https://pi.tedcdn.com/r/pe.tedcdn.com/images/ted/108a2f98593c8730e6ed8364808c67cf6e856de0_254x191.jpg?w=255
6a034c24b9e30957c4388ab0,Cindy Gallop,https://pi.tedcdn.com/r/pe.tedcdn.com/images/ted/133362_254x191.jpg?w=255
6a034c24658f0b3b67d4a4c1,Kid Cudi,https://tedblade-public-assets.s3.us-east-1.amazonaws.com/default-avatar.jpg
6a034c245e700263ec4ad3e4,Leila Takayama,https://pi.tedcdn.com/r/pe.tedcdn.com/images/ted/1c96524e7231dfc798a0f82962d88b0e3224d25d_254x191.jpg?w=255
6a034c249bbcd05aa3165c31,Daniel Goleman,https://pi.tedcdn.com/r/pe.tedcdn.com/images/ted/22173_254x191.jpg?w=255
6a034c249bbcd05aa3165c45,Emily Quinn,https://pi.tedcdn.com/r/pe.tedcdn.com/images/ted/e76488ace85182c6ba7b2923e29c2e9253a6004a_254x191.jpg?w=255
6a034c24d4881847be4b50fc,Leili Anvar,https://pi.tedcdn.com/r/ted-conferences-speaker-photos-production.s3.amazonaws.com/gatqpu0mhs57jo60sm5yvs08uz1b?w=255
6a034c249bbcd05aa3165bfa,Netta Schramm,https://tedblade-public-assets.s3.us-east-1.amazonaws.com/default-avatar.jpg
6a034c245e700263ec4ad3e5,Lena Dumont,https://tedblade-public-assets.s3.us-east-1.amazonaws.com/default-avatar.jpg
6a034c24658f0b3b67d4a4e0,Neri Oxman,https://pi.tedcdn.com/r/pe.tedcdn.com/images/ted/f36c71054a8439b881cc451dfa7b915e40162001_254x191.jpg?w=255
6a034c249bbcd05aa3165c34,David Andrew Quist,https://tedblade-public-assets.s3.us-east-1.amazonaws.com/default-avatar.jpg
6a034c24b9e30957c4388abf,Emily Nagoski,https://pi.tedcdn.com/r/pe.tedcdn.com/images/ted/c77f16bd47818469733efe69346991b56deaa84d_254x191.jpg?w=255
6a034c24d4881847be4b510f,Jennifer Granholm,https://pi.tedcdn.com/r/pe.tedcdn.com/images/ted/db8b431d4e94d077f45f3699245e93b2a7e767a1_254x191.jpg?w=255
6a034c249bbcd05aa3165c76,Mohammad Modarres,https://pi.tedcdn.com/r/pe.tedcdn.com/images/ted/3034a02c404ab8042d54bda2b7283c341f974133_254x191.jpg?w=255
6a034c249bbcd05aa3165c2f,Congrui Jin,https://tedblade-public-assets.s3.us-east-1.amazonaws.com/default-avatar.jpg
6a034c245e700263ec4ad3fa,Ramez Naam,https://pi.tedcdn.com/r/ted-conferences-speaker-photos-production.s3.amazonaws.com/81pe3atib19jtspr1s344srjh1rf?w=255
6a034c249bbcd05aa3165c3b,Dayo Ogunyemi,https://pi.tedcdn.com/r/pe.tedcdn.com/images/ted/9aed3c9d12026edafd1d0c257fec6cea2310bdd9_254x191.jpg?w=255
6a034c249bbcd05aa3165aab,Ernesto Sirolli,https://pi.tedcdn.com/r/pe.tedcdn.com/images/ted/57e24dc28f1d49f4d54de33c7c7920bdccf1aa1a_254x191.jpg?w=255
6a034c24d4881847be4b5158,Michelle Borkin,https://pi.tedcdn.com/r/pe.tedcdn.com/images/ted/49966aa593d99508421f29c3faec43ac249c658a_254x191.jpg?w=255
6a034c24b9e30957c4388b25,Annie Murphy Paul,https://pi.tedcdn.com/r/pe.tedcdn.com/images/ted/a920d37708caef1d07de53421bb4b73c3973c505_254x191.jpg?w=255
6a034c249bbcd05aa3165c9e,Your Undivided Attention ,https://tedblade-public-assets.s3.us-east-1.amazonaws.com/default-avatar.jpg
6a034c249bbcd05aa3165c3e,Dyhia Belhabib,https://pi.tedcdn.com/r/ted-conferences-speaker-photos-production.s3.amazonaws.com/micqri7istp1ye84kf9zkvvnzwif?w=255
6a034c249bbcd05aa3165c88,Sadasivan Shankar,https://tedblade-public-assets.s3.us-east-1.amazonaws.com/default-avatar.jpg
6a034c245e700263ec4ad406,Russ Altman,https://pi.tedcdn.com/r/pe.tedcdn.com/images/ted/a693d3d3f1aeecb6bca25d16e34c7ce4042b1a92_254x191.jpg?w=255
6a034c249bbcd05aa3165abc,Jaime Rojo,https://pi.tedcdn.com/r/ted-conferences-speaker-photos-production.s3.amazonaws.com/dyxm0hexe9azn8xdjy0ueotxm7q9?w=255
6a034c24d4881847be4b5172,Rebecca Firth,https://pi.tedcdn.com/r/pe.tedcdn.com/images/ted/a79fa8dc765ddea3bb19f73c1f7ff26ea5d826a4_254x191.jpg?w=255
6a034c24b9e30957c4388b35,Caroline Weaver,https://pi.tedcdn.com/r/pe.tedcdn.com/images/ted/17b283e622716e18769cfe0960c8f6de73f96fdc_254x191.jpg?w=255
6a034c24b9e30957c4388991,Alex Edmans,https://pi.tedcdn.com/r/pe.tedcdn.com/images/ted/187a66eb30e979ca39d4a092b6dccecf87df2b1e_254x191.jpg?w=255
6a034c249bbcd05aa3165c54,Jac de Haan,https://tedblade-public-assets.s3.us-east-1.amazonaws.com/default-avatar.jpg
6a034c249bbcd05aa3165c93,Suzanne Barakat,https://pi.tedcdn.com/r/pe.tedcdn.com/images/ted/fa810bce40522aabc9aa1abe97106c5367ed6a7b_254x191.jpg?w=255
6a034c24658f0b3b67d4a2a4, KERA,https://tedblade-public-assets.s3.us-east-1.amazonaws.com/default-avatar.jpg
6a034c249bbcd05aa3165aec,Pattie Maes + Pranav Mistry,https://tedblade-public-assets.s3.us-east-1.amazonaws.com/default-avatar.jpg
6a034c24d4881847be4b5173,Rebecca Henderson,https://pi.tedcdn.com/r/pe.tedcdn.com/images/ted/ef96c1c4d62570d11c4009a540d539886b76c224_254x191.jpg?w=255
6a034c24b9e30957c4388b5e,Hyeonseo Lee,https://pi.tedcdn.com/r/pe.tedcdn.com/images/ted/ad18a8bf6421542e4a8d9b78eb976facecb7c539_254x191.jpg?w=255
6a034c24b9e30957c4388996,Alexandra Sacks,https://pi.tedcdn.com/r/pe.tedcdn.com/images/ted/f3e563fa9faac109f562f340c40b36b0b702e1b1_254x191.jpg?w=255
6a034c249bbcd05aa3165c56,Jeffrey A. Lockwood,https://tedblade-public-assets.s3.us-east-1.amazonaws.com/default-avatar.jpg
6a034c24b9e30957c438897e, Lizzo,https://pi.tedcdn.com/r/pe.tedcdn.com/images/ted/5049cf28b44f4ed9894f2def5bc19f70b3c55dd3_254x191.jpg?w=255
6a034c249bbcd05aa3165b2b,Eythor Bender,https://pi.tedcdn.com/r/pe.tedcdn.com/images/ted/5c40d351f261b229d982561f30b7c99479da40af_254x191.jpg?w=255
6a034c24658f0b3b67d4a2d0,Damon Horowitz,https://pi.tedcdn.com/r/pe.tedcdn.com/images/ted/266bebcd762dca63b6bc5cb255647c96fc475bf4_254x191.jpg?w=255
6a034c24b9e30957c4388b64,Jenny Chase,https://pi.tedcdn.com/r/ted-conferences-speaker-photos-production.s3.amazonaws.com/9r1fobl0o611itz0r6qpbiml4d3w?w=255
6a034c24d4881847be4b5182,Selina Neirok Leem,https://pi.tedcdn.com/r/pe.tedcdn.com/images/ted/4db980473493f9726bc31220c16ec439b62d1906_254x191.jpg?w=255
6a034c24b9e30957c43889a0,Andrew Forrest,https://pi.tedcdn.com/r/pe.tedcdn.com/images/ted/65a19af632c695343ca0615e7b0a07fe59bd9e90_254x191.jpg?w=255
6a034c249bbcd05aa3165c73,Michael Nielsen,https://pi.tedcdn.com/r/pe.tedcdn.com/images/ted/153e75889b19952780b6e577284b3edb591cd779_254x191.jpg?w=255
6a034c24b9e30957c4388994,Anil Gupta,https://pi.tedcdn.com/r/pe.tedcdn.com/images/ted/168763_254x191.jpg?w=255
6a034c24658f0b3b67d4a2d5,After Hours,https://tedblade-public-assets.s3.us-east-1.amazonaws.com/default-avatar.jpg
6a034c249bbcd05aa3165b73,Paul A. Kramer,https://tedblade-public-assets.s3.us-east-1.amazonaws.com/default-avatar.jpg
6a034c24b9e30957c4388b67,Jochen Wegner,https://pi.tedcdn.com/r/pe.tedcdn.com/images/ted/1ecfc9e22e6a0a980cc94ad6a5ab05d20b55f564_254x191.jpg?w=255
6a034c24d4881847be4b51a0,Becky Kennedy,https://pi.tedcdn.com/r/ted-conferences-speaker-photos-production.s3.amazonaws.com/wv8oztbtbfjogonbowup7sl3v9ft?w=255
6a034c249bbcd05aa3165ca6,Sasha Winkler,https://tedblade-public-assets.s3.us-east-1.amazonaws.com/default-avatar.jpg
6a034c24b9e30957c43889b1,Carina Morillo,https://pi.tedcdn.com/r/pe.tedcdn.com/images/ted/a8aa3133c9e61b0638e71f486967a315bf9cd7c8_254x191.jpg?w=255
6a034c24b9e30957c43889d0,Daniel J. Watts,https://tedblade-public-assets.s3.us-east-1.amazonaws.com/default-avatar.jpg
6a034c24658f0b3b67d4a2e4,Albert Zink,https://tedblade-public-assets.s3.us-east-1.amazonaws.com/default-avatar.jpg
6a034c249bbcd05aa3165b9f,Charles Duhigg,https://pi.tedcdn.com/r/ted-conferences-speaker-photos-production.s3.amazonaws.com/2de0a6u6fyuo0b348c5o4v8i8pyr?w=255
6a034c24b9e30957c4388b8b,Mindy Fullilove,https://tedblade-public-assets.s3.us-east-1.amazonaws.com/default-avatar.jpg
6a034c24d4881847be4b51d2,Karen Bass,https://pi.tedcdn.com/r/pe.tedcdn.com/images/ted/09be27b3b73d939f5024e31f273d9da919ffe324_254x191.jpg?w=255
6a034c24b9e30957c43889d7,Daniel Schnitzer,https://pi.tedcdn.com/r/pe.tedcdn.com/images/ted/1bf9a95cbdb148e572b359be5f6482f477f947cc_254x191.jpg?w=255
6a034c24b9e30957c43889f1,Francesca Simon-Carboni,https://tedblade-public-assets.s3.us-east-1.amazonaws.com/default-avatar.jpg
6a034c24b9e30957c43889cf,Damion Searls,https://tedblade-public-assets.s3.us-east-1.amazonaws.com/default-avatar.jpg
6a034c24658f0b3b67d4a303,Bhakti Sharma,https://pi.tedcdn.com/r/pe.tedcdn.com/images/ted/0ce009328e87bce9f837c1ff71b834b27c47cb66_254x191.jpg?w=255
6a034c249bbcd05aa3165ba6,Sharmi Surianarain,https://pi.tedcdn.com/r/ted-conferences-speaker-photos-production.s3.amazonaws.com/y5t9xcqdtah154hwjszptlq8avg6?w=255
6a034c24d4881847be4b51df,Marco Alverà,https://pi.tedcdn.com/r/pe.tedcdn.com/images/ted/67f9713f585a7700f53407907b4b9eaf02101ae5_254x191.jpg?w=255
6a034c24b9e30957c4388b96,Rajiv Maheswaran,https://pi.tedcdn.com/r/pe.tedcdn.com/images/ted/1beb67431f8969ef4bbde820d528f6f2b9dbe4e5_254x191.jpg?w=255
6a034c24b9e30957c4388a61,Priscilla Chomba-Kinywa,https://pi.tedcdn.com/r/pe.tedcdn.com/images/ted/64b8cfa789fd4be9562ee697e8eca87d1cfce6ed_254x191.jpg?w=255
6a034c24b9e30957c43889da,Jeremy Kasdin,https://pi.tedcdn.com/r/pe.tedcdn.com/images/ted/7755b978c402bf775b2e250b442343eac682bbac_254x191.jpg?w=255
6a034c24658f0b3b67d4a360,Laprisha Berry Daniels,https://pi.tedcdn.com/r/ted-conferences-speaker-photos-production.s3.amazonaws.com/d7k9j5s11p6jvizxqzd2j36f8sl9?w=255
6a034c24b9e30957c43889fb,Jennifer Allison,https://tedblade-public-assets.s3.us-east-1.amazonaws.com/default-avatar.jpg
6a034c249bbcd05aa3165bf2,Manal al-Sharif,https://pi.tedcdn.com/r/pe.tedcdn.com/images/ted/46e4f3ab1e4404db53e1c120768ba2cba1fe9179_254x191.jpg?w=255
6a034c24d4881847be4b520d,Susanne Buckley-Zistel,https://tedblade-public-assets.s3.us-east-1.amazonaws.com/default-avatar.jpg
6a034c24b9e30957c43889f8,Ron Shaneyfelt,https://tedblade-public-assets.s3.us-east-1.amazonaws.com/default-avatar.jpg
6a034c24d4881847be4b507e,Andrew Solomon,https://pi.tedcdn.com/r/pe.tedcdn.com/images/ted/8b3dd97828f66c501120b718317afbb547e9fd23_254x191.jpg?w=255
6a034c24b9e30957c4388a4a,Wendell Oshiro,https://tedblade-public-assets.s3.us-east-1.amazonaws.com/default-avatar.jpg
6a034c24b9e30957c4388a7f,Steven Addis,https://pi.tedcdn.com/r/pe.tedcdn.com/images/ted/2afa153c53ea476aa640a577fdd5e031389b65b7_254x191.jpg?w=255
6a034c24658f0b3b67d4a362,Larry Brilliant,https://pi.tedcdn.com/r/pe.tedcdn.com/images/ted/3ac94c553a666884a672132af6eda1aa184b514b_254x191.jpg?w=255
6a034c24b9e30957c4388a00,Bill Bernat,https://pi.tedcdn.com/r/pe.tedcdn.com/images/ted/8bf159164b6df541cd887c3c4e0cb3552e4623bc_254x191.jpg?w=255
6a034c249bbcd05aa3165c02,Paul Rucker,https://pi.tedcdn.com/r/ted-conferences-speaker-photos-production.s3.amazonaws.com/zyeouxdekvrj1c5ay21ejt63intp?w=255
6a034c24b9e30957c4388a52,Arleen Sugano,https://tedblade-public-assets.s3.us-east-1.amazonaws.com/default-avatar.jpg
6a034c24d4881847be4b524d,James Nachtwey,https://pi.tedcdn.com/r/pe.tedcdn.com/images/ted/1468_254x191.jpg?w=255
6a034c24658f0b3b67d4a3b9,Inge Missmahl,https://pi.tedcdn.com/r/pe.tedcdn.com/images/ted/202851_254x191.jpg?w=255
6a034c24b9e30957c4388a94,Alex Koster,https://pi.tedcdn.com/r/ted-conferences-speaker-photos-production.s3.amazonaws.com/9jdaokexu3lti95duvyc85a7vwjd?w=255
6a034c24d4881847be4b5082,Angelo Vermeulen,https://pi.tedcdn.com/r/pe.tedcdn.com/images/ted/9018b81df86c60fa684c3488f22161311b96b69c_254x191.jpg?w=255
6a034c24b9e30957c4388a03,Jon Lowenstein,https://pi.tedcdn.com/r/pe.tedcdn.com/images/ted/58c669e7f59b11f0e2f69e4d048aa9e062d8cf06_254x191.jpg?w=255
6a034c24658f0b3b67d4a3c9,Oren Yakobovich,https://pi.tedcdn.com/r/pe.tedcdn.com/images/ted/b4b0fd0f851a3dc142f921ca4f52270961c953e9_254x191.jpg?w=255
6a034c24b9e30957c4388a93,Alejandro Sánchez Alvarado,https://pi.tedcdn.com/r/pe.tedcdn.com/images/ted/62999f0dfb3a4accdd793213860d0396cc2b11c0_254x191.jpg?w=255
6a034c249bbcd05aa3165c11,Shruthi Baskaran-Makanju,https://tedblade-public-assets.s3.us-east-1.amazonaws.com/default-avatar.jpg
6a034c24d4881847be4b50b7,Dan Schulman,https://pi.tedcdn.com/r/pe.tedcdn.com/images/ted/408d8d2bf9b0736061744799a0ae7e7b7418656f_254x191.jpg?w=255
6a034c24d4881847be4b5260,Lisa Damour,https://pi.tedcdn.com/r/ted-conferences-speaker-photos-production.s3.amazonaws.com/z2lifmtppc3w6fb3vaq3djwbisfy?w=255
6a034c24b9e30957c4388a9a,Anthony Hazard,https://tedblade-public-assets.s3.us-east-1.amazonaws.com/default-avatar.jpg
6a034c24b9e30957c4388a7e,Stephen Gianotti,https://tedblade-public-assets.s3.us-east-1.amazonaws.com/default-avatar.jpg
6a034c24658f0b3b67d4a3df,Philippe Petit,https://pi.tedcdn.com/r/pe.tedcdn.com/images/ted/5e4414040a255d04efcf82c1d528a3547cbb13eb_254x191.jpg?w=255
6a034c249bbcd05aa3165c1c,Vandana Singh,https://pi.tedcdn.com/r/pe.tedcdn.com/images/ted/efc304d55ada00c753fe95ad55b31fd7e18475e5_254x191.jpg?w=255
6a034c24b9e30957c4388a98,Andrew Vanden Heuvel,https://tedblade-public-assets.s3.us-east-1.amazonaws.com/default-avatar.jpg
6a034c24d4881847be4b5108,James Ludwig,https://tedblade-public-assets.s3.us-east-1.amazonaws.com/default-avatar.jpg
6a034c24d4881847be4b5272,Michele L. Sullivan,https://tedblade-public-assets.s3.us-east-1.amazonaws.com/default-avatar.jpg
6a034c24b9e30957c4388aac,Chris Fisher,https://pi.tedcdn.com/r/pe.tedcdn.com/images/ted/e852f382b5e1d4f56fba0aac4be3e1410d3ae2f4_254x191.jpg?w=255
6a034c24658f0b3b67d4a3e6,Kashfia Rahman,https://pi.tedcdn.com/r/pe.tedcdn.com/images/ted/bc598d04eac79a9c18889ec6979394a4b606c271_254x191.jpg?w=255
6a034c24b9e30957c4388ab2,Dale Dougherty,https://pi.tedcdn.com/r/pe.tedcdn.com/images/ted/1bb55fd79f675efd9940cf77dcd3a06015666f39_254x191.jpg?w=255
6a034c249bbcd05aa3165c21,Alex Apella,https://tedblade-public-assets.s3.us-east-1.amazonaws.com/default-avatar.jpg
6a034c24d4881847be4b5119,Jim Fan,https://tedblade-public-assets.s3.us-east-1.amazonaws.com/default-avatar.jpg
6a034c24da446a102707f3a1,Aparna Hegde,https://pi.tedcdn.com/r/pe.tedcdn.com/images/ted/3ab65b132272ae5069c45c015252b23fcaca35df_254x191.jpg?w=255
6a034c24b9e30957c4388abd,Elizabeth Leane,https://tedblade-public-assets.s3.us-east-1.amazonaws.com/default-avatar.jpg
6a034c24b9e30957c4388ab6,David Biello,https://pi.tedcdn.com/r/pe.tedcdn.com/images/ted/f21ea7affaf3f7673238700ac625cf8d9e8c6d37_254x191.jpg?w=255
6a034c24658f0b3b67d4a411,Xavier Cortada,https://pi.tedcdn.com/r/ted-conferences-speaker-photos-production.s3.amazonaws.com/hqflw3w3ahji0xnv1kh4lsxafsoc?w=255
6a034c24da446a102707f3c4,Elise Payzan-LeNestour,https://tedblade-public-assets.s3.us-east-1.amazonaws.com/default-avatar.jpg
6a034c24b9e30957c4388aed,Marie Howe,https://tedblade-public-assets.s3.us-east-1.amazonaws.com/default-avatar.jpg
6a034c24b9e30957c4388b19,Tiffani Ashley Bell,https://pi.tedcdn.com/r/ted-conferences-speaker-photos-production.s3.amazonaws.com/yhkpvmbxfcwse2fkje1140sep0d1?w=255
6a034c24b9e30957c4388ac8,Hanan Qasim,https://tedblade-public-assets.s3.us-east-1.amazonaws.com/default-avatar.jpg
6a034c24d4881847be4b511d,John Kluge Jr.,https://tedblade-public-assets.s3.us-east-1.amazonaws.com/default-avatar.jpg
6a034c249bbcd05aa3165c44,Emily Oster,https://pi.tedcdn.com/r/pe.tedcdn.com/images/ted/1d32583f3ba5e1417cbbc73238dc4b88024e154c_254x191.jpg?w=255
6a034c24658f0b3b67d4a431,PatrickJMT,https://tedblade-public-assets.s3.us-east-1.amazonaws.com/default-avatar.jpg
6a034c24b9e30957c4388afd,Noah Zandan,https://tedblade-public-assets.s3.us-east-1.amazonaws.com/default-avatar.jpg
6a034c24b9e30957c4388ae3,Laurence Hurst,https://tedblade-public-assets.s3.us-east-1.amazonaws.com/default-avatar.jpg
6a034c24da446a102707f3d7,Isabel Allende,https://pi.tedcdn.com/r/pe.tedcdn.com/images/ted/f7e6cc931c7afea306a5d0d10ece4fb4142f056e_254x191.jpg?w=255
6a034c24d4881847be4b512d,Kathryn Schulz,https://pi.tedcdn.com/r/pe.tedcdn.com/images/ted/6b56e78a944a65e66c68811dbdfd5d7d0abfa928_254x191.jpg?w=255
6a034c24658f0b3b67d4a45d,Anne Scherer,https://pi.tedcdn.com/r/pe.tedcdn.com/images/ted/0a24465b2b206e05d0b94e9dfadca70703cfae49_254x191.jpg?w=255
6a034c249bbcd05aa3165c5f,Kamal Meattle,https://pi.tedcdn.com/r/pe.tedcdn.com/images/ted/af1676126cb747885d1ad7d27640f7def6a95bb6_254x191.jpg?w=255
6a034c24b9e30957c4388b36,Celeste Headlee,https://pi.tedcdn.com/r/pe.tedcdn.com/images/ted/c78b1840b9bf01aa60801afd02f5bb90228f1b84_254x191.jpg?w=255
6a034c24b9e30957c4388aff,Paschal Kyiiripuo Kyoore,https://tedblade-public-assets.s3.us-east-1.amazonaws.com/default-avatar.jpg
6a034c24d4881847be4b514c,Sophie Howe,https://pi.tedcdn.com/r/pe.tedcdn.com/images/ted/0fc99fc8715f2c389db031a1f008b4b86e446f45_254x191.jpg?w=255
6a034c24b9e30957c4388b09,Rodney Brooks,https://pi.tedcdn.com/r/pe.tedcdn.com/images/ted/fd62c98eaae27d3d77ca415923ee01f6a4a5bd1f_254x191.jpg?w=255
6a034c24658f0b3b67d4a489,Dana R. Fisher,https://tedblade-public-assets.s3.us-east-1.amazonaws.com/default-avatar.jpg
6a034c24da446a102707f3e3,John Hodgman,https://pi.tedcdn.com/r/pe.tedcdn.com/images/ted/56811_254x191.jpg?w=255
6a034c24b9e30957c4388b3c,Daniel H. Pink,https://tedblade-public-assets.s3.us-east-1.amazonaws.com/default-avatar.jpg
6a034c249bbcd05aa3165c98,Thema Bryant,https://tedblade-public-assets.s3.us-east-1.amazonaws.com/default-avatar.jpg
6a034c24b9e30957c4388b04,Pratik Aghor,https://tedblade-public-assets.s3.us-east-1.amazonaws.com/default-avatar.jpg
6a034c24d4881847be4b514d,Sophie Scott,https://pi.tedcdn.com/r/pe.tedcdn.com/images/ted/d72fefbac0d8afb6e35d793f98da348c313b5f66_254x191.jpg?w=255
6a034c24658f0b3b67d4a4c0,Ken Kamler,https://pi.tedcdn.com/r/pe.tedcdn.com/images/ted/155784_254x191.jpg?w=255
6a034c24b9e30957c4388b2d,Bob Inglis,https://pi.tedcdn.com/r/pe.tedcdn.com/images/ted/296f6e01d84c7d19a169939117e18e7dccdb6894_254x191.jpg?w=255
6a034c24b9e30957c4388b49,Erica Joy Baker,https://tedblade-public-assets.s3.us-east-1.amazonaws.com/default-avatar.jpg
6a034c249bbcd05aa3165c9b,Winnie Harlow,https://tedblade-public-assets.s3.us-east-1.amazonaws.com/default-avatar.jpg
6a034c24658f0b3b67d4a4ce,Ludmila Rattis,https://pi.tedcdn.com/r/ted-conferences-speaker-photos-production.s3.amazonaws.com/3yjhvnfd8fr3f8366fc72kb4z97f?w=255
6a034c24b9e30957c4388b27,Ariana Curtis,https://pi.tedcdn.com/r/pe.tedcdn.com/images/ted/c46b14d2177bb1e583ee0d15495920e9114a4391_254x191.jpg?w=255
6a034c24da446a102707f3f1,Karissa Sanbonmatsu,https://pi.tedcdn.com/r/pe.tedcdn.com/images/ted/ca546f73c99cc006492ac6a29d871bef99be0f91_254x191.jpg?w=255
6a034c24d4881847be4b516a,Norman Lear,https://pi.tedcdn.com/r/pe.tedcdn.com/images/ted/22fddc5653713f45dae6297f7e2e24f650dae079_254x191.jpg?w=255
6a034c24b9e30957c4388b57,Graham Worthy,https://tedblade-public-assets.s3.us-east-1.amazonaws.com/default-avatar.jpg
6a034c24b9e30957c4388b52,George Monbiot,https://pi.tedcdn.com/r/ted-conferences-speaker-photos-production.s3.amazonaws.com/8c5rmifhblxenv39ytqb3ewr2gpn?w=255
6a034c249bbcd05aa3165cb9,Vivian Jiang,https://tedblade-public-assets.s3.us-east-1.amazonaws.com/default-avatar.jpg
6a034c24b9e30957c4388b95,Rabiaa El Garani,https://pi.tedcdn.com/r/pe.tedcdn.com/images/ted/885fa03ea0f16c6da6ab0f209a7b753b349b1581_254x191.jpg?w=255
6a034c24b9e30957c4388b69,Jon Gosier,https://pi.tedcdn.com/r/pe.tedcdn.com/images/ted/a02f95172ee9798e90a51074810cc900cc6f6863_254x191.jpg?w=255
6a034c24d4881847be4b51ab,"Curtis ""Wall Street"" Carroll",https://tedblade-public-assets.s3.us-east-1.amazonaws.com/default-avatar.jpg
6a034c24da446a102707f41b,Colin Powell,https://pi.tedcdn.com/r/pe.tedcdn.com/images/ted/bc9aec4af940a3c14f2cbc4caeb58b61b4709251_254x191.jpg?w=255
6a034c24b9e30957c4388b77,Kristen Nguyen,https://pi.tedcdn.com/r/ted-conferences-speaker-photos-production.s3.amazonaws.com/1otz98js2qmhkjc38yj6jrbmcsuo?w=255
6a034c24b9e30957c4388982, Rodrigo y Gabriela,https://pi.tedcdn.com/r/pe.tedcdn.com/images/ted/28884c3bb4be54b31eab7f26700bf95e89cdd789_254x191.jpg?w=255
6a034c24b9e30957c4388ba8,Sue Natali,https://pi.tedcdn.com/r/ted-conferences-speaker-photos-production.s3.amazonaws.com/ybjb7hc8waiwh2rydtdolirnj0f2?w=255
6a034c24b9e30957c4388b6c,Joseph Gordon-Levitt,https://pi.tedcdn.com/r/pe.tedcdn.com/images/ted/0c2e8ce1c5f04432af89657afb82ab28b941b18e_254x191.jpg?w=255
6a034c24d4881847be4b51b8,Erin Marie Saltman,https://pi.tedcdn.com/r/pe.tedcdn.com/images/ted/834af5290700556fc5827daab9ab884344cef76e_254x191.jpg?w=255
6a034c24b9e30957c4388b7e,Lucas C. Majure,https://tedblade-public-assets.s3.us-east-1.amazonaws.com/default-avatar.jpg
6a034c24da446a102707f45a,Samantha Power,https://pi.tedcdn.com/r/pe.tedcdn.com/images/ted/82820_254x191.jpg?w=255
6a034c24b9e30957c43889db,David Eagleman,https://pi.tedcdn.com/r/pe.tedcdn.com/images/ted/1e24c1781ac63ff574982647f0b063188a397e77_254x191.jpg?w=255
6a034c24b9e30957c4388bb0,Warren Valdmanis,https://pi.tedcdn.com/r/pe.tedcdn.com/images/ted/f29749c450b20da30581883a320de47d6096f1ae_254x191.jpg?w=255
6a034c24d4881847be4b51ba,Gautam Bhan,https://pi.tedcdn.com/r/pe.tedcdn.com/images/ted/c0d14f047f10fcfc1effbf866f985e1f9a88d530_254x191.jpg?w=255
6a034c24b9e30957c4388b73,Kay M. Tye,https://tedblade-public-assets.s3.us-east-1.amazonaws.com/default-avatar.jpg
6a034c24b9e30957c4388b85,Meghana Ranganathan,https://tedblade-public-assets.s3.us-east-1.amazonaws.com/default-avatar.jpg
6a034c24da446a102707f491,Andrey Vyshedskiy,https://tedblade-public-assets.s3.us-east-1.amazonaws.com/default-avatar.jpg
6a034c24b9e30957c4388a0c,Antionette Carroll,https://tedblade-public-assets.s3.us-east-1.amazonaws.com/default-avatar.jpg
6a034c24d4881847be4b5070,Alexandra Horowitz,https://pi.tedcdn.com/r/ted-conferences-speaker-photos-production.s3.amazonaws.com/2pp54fjjcr1yewsfjxdjfxvotfj6?w=255
6a034c24b9e30957c4388b9d,Rory  Bremner,https://tedblade-public-assets.s3.us-east-1.amazonaws.com/default-avatar.jpg
6a034c24d4881847be4b51c2,James Green,https://pi.tedcdn.com/r/pe.tedcdn.com/images/ted/e90f362251d9e40a638b6e2e682b9f7f71886499_254x191.jpg?w=255
6a034c24658f0b3b67d4a503,WorkLife with Adam Grant,https://tedblade-public-assets.s3.us-east-1.amazonaws.com/default-avatar.jpg
6a034c24da446a102707f516,Lilly Singh,https://pi.tedcdn.com/r/pe.tedcdn.com/images/ted/0d8033707f34956aa56aff72ff8ee1c50129bc87_254x191.jpg?w=255
6a034c24b9e30957c4388a1a,Leonard Susskind,https://pi.tedcdn.com/r/pe.tedcdn.com/images/ted/64607747ac02dd90ab8b5ffe805731f79e19395c_254x191.jpg?w=255
6a034c24d4881847be4b5069,Aimee Mullins,https://pi.tedcdn.com/r/pe.tedcdn.com/images/ted/9690b35f201fce308b5d36d143dd7069853e8b8e_254x191.jpg?w=255
6a034c24d4881847be4b50c4,David Pizarro,https://pi.tedcdn.com/r/pe.tedcdn.com/images/ted/d76cf96cf58fd37524361ffca46ae8bc3c6ce1c1_254x191.jpg?w=255
6a034c24d4881847be4b5076,Amy Powney,https://pi.tedcdn.com/r/ted-conferences-speaker-photos-production.s3.amazonaws.com/2az67en6odmn3vtnjtsmwhym52fw?w=255
6a034c24da446a102707f53f,Siddhartha Roy,https://pi.tedcdn.com/r/pe.tedcdn.com/images/ted/b5abeaaced0578cf4861678a7b9dcfc7d510df05_254x191.jpg?w=255
6a034c24b9e30957c4388a1c,Gordon Hamilton,https://tedblade-public-assets.s3.us-east-1.amazonaws.com/default-avatar.jpg
6a034c24d4881847be4b506e,Alexa Meade,https://pi.tedcdn.com/r/pe.tedcdn.com/images/ted/57704c47976245a607078e1eb8c745cca95ad8bb_254x191.jpg?w=255
6a034c24d4881847be4b50e5,Esther Ndichu,https://tedblade-public-assets.s3.us-east-1.amazonaws.com/default-avatar.jpg
6a034c24d4881847be4b50a9,Daniel Nickrent,https://tedblade-public-assets.s3.us-east-1.amazonaws.com/default-avatar.jpg
6a034c24b9e30957c4388a3a,Michael Arntfield,https://tedblade-public-assets.s3.us-east-1.amazonaws.com/default-avatar.jpg
6a034c24d4881847be4b50c5,Floyd E. Romesberg,https://tedblade-public-assets.s3.us-east-1.amazonaws.com/default-avatar.jpg
6a034c24da446a102707f55a,Tod Machover + Dan Ellsey,https://tedblade-public-assets.s3.us-east-1.amazonaws.com/default-avatar.jpg
6a034c24d4881847be4b514f,Steven Schwaitzberg,https://pi.tedcdn.com/r/pe.tedcdn.com/images/ted/be4acdcbb9a4647b4cf8f7b2f744c49313b585ab_254x191.jpg?w=255
6a034c24d4881847be4b50be,Danit Peleg,https://pi.tedcdn.com/r/pe.tedcdn.com/images/ted/0a3b438e7d9e46f3602213d364ada6648d0e7221_254x191.jpg?w=255
6a034c24b9e30957c4388a5a,Luis Zambrano,https://tedblade-public-assets.s3.us-east-1.amazonaws.com/default-avatar.jpg
6a034c24d4881847be4b520f,TED-Ed,https://tedblade-public-assets.s3.us-east-1.amazonaws.com/default-avatar.jpg
6a034c24d4881847be4b511f,John Underkoffler,https://pi.tedcdn.com/r/pe.tedcdn.com/images/ted/174125_254x191.jpg?w=255
6a034c24da446a102707f578,Aspen Baker,https://pi.tedcdn.com/r/pe.tedcdn.com/images/ted/d21c3097096973b5b3c9cccb68b5c71fb52673f3_254x191.jpg?w=255
6a034c24d4881847be4b519d,Anjan Sundaram,https://pi.tedcdn.com/r/ted-conferences-speaker-photos-production.s3.amazonaws.com/8u96jsn8ulr0bc3o4192zd7bf942?w=255
6a034c24d4881847be4b50ce,Hamish Jolly,https://pi.tedcdn.com/r/pe.tedcdn.com/images/ted/52380b050c8ae9698dfc8b78a6be8dbe1acb601d_254x191.jpg?w=255
6a034c249bbcd05aa3165a8a,Alison Ledgerwood,https://tedblade-public-assets.s3.us-east-1.amazonaws.com/default-avatar.jpg
6a034c24b9e30957c4388a6a,Sara C. Mednick,https://tedblade-public-assets.s3.us-east-1.amazonaws.com/default-avatar.jpg
6a034c24d4881847be4b515b,Naomi Shimada,https://pi.tedcdn.com/r/pe.tedcdn.com/images/ted/cfbae11801f0caeb8ce8da66d4a874c6992accc4_254x191.jpg?w=255
6a034c24da446a102707f585,Christopher Robichaud,https://tedblade-public-assets.s3.us-east-1.amazonaws.com/default-avatar.jpg
6a034c24d4881847be4b519f,Arindam Bhattacharya,https://tedblade-public-assets.s3.us-east-1.amazonaws.com/default-avatar.jpg
6a034c24d4881847be4b50d9,Emilie Wapnick,https://pi.tedcdn.com/r/pe.tedcdn.com/images/ted/77a68eaeb0819d5f36dca1f24ab0d3e05cd9f292_254x191.jpg?w=255
6a034c249bbcd05aa3165af1,Reed Hastings,https://pi.tedcdn.com/r/ted-conferences-speaker-photos-production.s3.amazonaws.com/kst3zspxzdr0ncx8ttmak7pubu3r?w=255
6a034c24b9e30957c4388a6f,Jessica Donohue,https://tedblade-public-assets.s3.us-east-1.amazonaws.com/default-avatar.jpg
6a034c24da446a102707f5a1,Harish Manwani,https://pi.tedcdn.com/r/pe.tedcdn.com/images/ted/42eb5af3dfcff1477c600ba0561c8ae420f2c75a_254x191.jpg?w=255
6a034c24d4881847be4b517b,Rébecca Kleinberger,https://pi.tedcdn.com/r/pe.tedcdn.com/images/ted/306b730159a90647159aef55f5db0aaffe447259_254x191.jpg?w=255
6a034c24d4881847be4b5227,Augusto Carballido,https://tedblade-public-assets.s3.us-east-1.amazonaws.com/default-avatar.jpg
6a034c24d4881847be4b510e,Max Rashbrooke,https://pi.tedcdn.com/r/pe.tedcdn.com/images/ted/4d1d037a2e8298efe44cd7d0c7b43160e321bd06_254x191.jpg?w=255
6a034c24b9e30957c4388ad7,Julian Assange,https://pi.tedcdn.com/r/pe.tedcdn.com/images/ted/184223_254x191.jpg?w=255
6a034c249bbcd05aa3165af7,Saamra Mekuria-Grillo,https://tedblade-public-assets.s3.us-east-1.amazonaws.com/default-avatar.jpg
6a034c24da446a102707f5a6,James Patten,https://pi.tedcdn.com/r/pe.tedcdn.com/images/ted/d46e8b47c3a5a8fb6e14040f6c8568b610f8c027_254x191.jpg?w=255
6a034c24d4881847be4b523a,Dexter Dias,https://pi.tedcdn.com/r/pe.tedcdn.com/images/ted/465fb5dba8720af92d2d7de80afc5124622e2486_254x191.jpg?w=255
6a034c24d4881847be4b5188,Thomas Peschak,https://pi.tedcdn.com/r/pe.tedcdn.com/images/ted/6fa9aeec315a9ca3483060e344294c963921ca4b_254x191.jpg?w=255
6a034c24d4881847be4b5112,Michelle Mehrtens,https://tedblade-public-assets.s3.us-east-1.amazonaws.com/default-avatar.jpg
6a034c24d4881847be4b5224,Alysa McCall,https://pi.tedcdn.com/r/ted-conferences-speaker-photos-production.s3.amazonaws.com/fo1i0bx85aqw2m3m3uqm1yp66ahp?w=255
6a034c24b9e30957c4388ade,Kevin Bethune,https://tedblade-public-assets.s3.us-east-1.amazonaws.com/default-avatar.jpg
6a034c249bbcd05aa3165b07,Angela Wang,https://pi.tedcdn.com/r/pe.tedcdn.com/images/ted/fd1b29498c89ae404cc0ab34029bebacd4ffb4d0_254x191.jpg?w=255
6a034c24d4881847be4b526c,Maya Shankar,https://pi.tedcdn.com/r/ted-conferences-speaker-photos-production.s3.amazonaws.com/c0mg1il0tdphvtac0htmrv2nri22?w=255
6a034c24d4881847be4b51e9,Micah Eames,https://pi.tedcdn.com/r/pe.tedcdn.com/images/ted/abacdb888e0555ef36954a4aa5e4fe391cad1590_254x191.jpg?w=255
6a034c24da446a102707f5be,Lakshmi Pratury,https://pi.tedcdn.com/r/pe.tedcdn.com/images/ted/22828_254x191.jpg?w=255
6a034c24d4881847be4b512a,Philipp Gerbert,https://tedblade-public-assets.s3.us-east-1.amazonaws.com/default-avatar.jpg
6a034c24b9e30957c4388ae9,Machine Dazzle,https://pi.tedcdn.com/r/ted-conferences-speaker-photos-production.s3.amazonaws.com/mchc6hs3stw8pphh4p5pbn6fvq74?w=255
6a034c24d4881847be4b5234,Courtney Stephens,https://tedblade-public-assets.s3.us-east-1.amazonaws.com/default-avatar.jpg
6a034c249bbcd05aa3165b27,Ellen 't Hoen,https://tedblade-public-assets.s3.us-east-1.amazonaws.com/default-avatar.jpg
6a034c24d4881847be4b527a,Natalie Fee,https://tedblade-public-assets.s3.us-east-1.amazonaws.com/default-avatar.jpg
6a034c24d4881847be4b5226,Andy Hobsbawm,https://pi.tedcdn.com/r/pe.tedcdn.com/images/ted/60033_254x191.jpg?w=255
6a034c24d4881847be4b523d,Emma Hart,https://pi.tedcdn.com/r/pe.tedcdn.com/images/ted/5a2da6a4b64a41ccbbc336a3cf265920f754c6de_254x191.jpg?w=255
6a034c24da446a102707f5d8,Natalya St. Clair,https://tedblade-public-assets.s3.us-east-1.amazonaws.com/default-avatar.jpg
6a034c24d4881847be4b5145,Manu Peni,https://pi.tedcdn.com/r/ted-conferences-speaker-photos-production.s3.amazonaws.com/an3grmrg8o9ix9ccnl4zzf1mwjr9?w=255
6a034c24b9e30957c4388b08,Robert Chang,https://tedblade-public-assets.s3.us-east-1.amazonaws.com/default-avatar.jpg
6a034c249bbcd05aa3165b38,Hector Garcia,https://pi.tedcdn.com/r/pe.tedcdn.com/images/ted/71275edcc116018377283a37c405c173e21b443e_254x191.jpg?w=255
6a034c24d4881847be4b5298,Steve Keil,https://pi.tedcdn.com/r/pe.tedcdn.com/images/ted/da9b325cee1299e6d11c6bb72d8df9bb366d8220_254x191.jpg?w=255
6a034c24d4881847be4b522e,Carly Anne York,https://tedblade-public-assets.s3.us-east-1.amazonaws.com/default-avatar.jpg
6a034c24d4881847be4b5251,Jay Van Bavel,https://tedblade-public-assets.s3.us-east-1.amazonaws.com/default-avatar.jpg
6a034c24da446a102707f5dd,Oded Shoseyov,https://pi.tedcdn.com/r/pe.tedcdn.com/images/ted/ab46754e3c82ac8a76eb41af112dd8982df1e456_254x191.jpg?w=255
6a034c24b9e30957c4388b0b,Roy Wood Jr.,https://pi.tedcdn.com/r/ted-conferences-speaker-photos-production.s3.amazonaws.com/7mle8kq3fltn5kj2s2u4gayyd2pj?w=255
6a034c249bbcd05aa3165b4c,Jorge Ramos,https://pi.tedcdn.com/r/pe.tedcdn.com/images/ted/7309e17fdbda658a6762af7074b9fbcb45ab5ad2_254x191.jpg?w=255
6a034c24d4881847be4b5197,Alex Tabarrok,https://pi.tedcdn.com/r/pe.tedcdn.com/images/ted/7bba1930c49431356dceddcb010a8f4592afb972_254x191.jpg?w=255
6a034c24d4881847be4b5256,John C. Trimble,https://tedblade-public-assets.s3.us-east-1.amazonaws.com/default-avatar.jpg
6a034c24d4881847be4b527d,Nina Medvinskaya,https://tedblade-public-assets.s3.us-east-1.amazonaws.com/default-avatar.jpg
6a034c25b4b11d1a485861a8,Diana Laufenberg,https://pi.tedcdn.com/r/pe.tedcdn.com/images/ted/254dfaa1b21414a389cec1dcd77360bb1b3c5bf9_254x191.jpg?w=255
6a034c249bbcd05aa3165bc3,Travis Kalanick,https://pi.tedcdn.com/r/pe.tedcdn.com/images/ted/d0773178b1916115424a2fe6bf8a2c91beb3bdae_254x191.jpg?w=255
6a034c24da446a102707f39c,Amar Inamdar,https://pi.tedcdn.com/r/pe.tedcdn.com/images/ted/b226ef9cb6e468c8c2fbaa20971d0b7d3166ff5e_254x191.jpg?w=255
6a034c24d4881847be4b51e5,Meera Vijayann,https://pi.tedcdn.com/r/pe.tedcdn.com/images/ted/29e4371a6832a43145ec3d091e42a1e55d5b6524_254x191.jpg?w=255
6a034c24d4881847be4b526f,Michael Corballis,https://tedblade-public-assets.s3.us-east-1.amazonaws.com/default-avatar.jpg
6a034c24b9e30957c4388b50,Geoff Mulgan,https://pi.tedcdn.com/r/pe.tedcdn.com/images/ted/112756_254x191.jpg?w=255
6a034c24d4881847be4b5295,Skylar Tibbits,https://pi.tedcdn.com/r/pe.tedcdn.com/images/ted/24cfee8b45048294d6dd8d630d965ee08f8b5d30_254x191.jpg?w=255
6a034c249bbcd05aa3165be4,Ken Goldberg,https://pi.tedcdn.com/r/ted-conferences-speaker-photos-production.s3.amazonaws.com/vss0ha6342u0vils3e773610xti2?w=255
6a034c24d4881847be4b5207,Sheryl Lee Ralph,https://pi.tedcdn.com/r/ted-conferences-speaker-photos-production.s3.amazonaws.com/mv3wwmcds3nabc3bk3m8dfrrpaba?w=255
6a034c24da446a102707f3a0,Antony Gormley,https://pi.tedcdn.com/r/pe.tedcdn.com/images/ted/2e0508a226ba7fef9721928ea3e517e17f4accf4_254x191.jpg?w=255
6a034c24d4881847be4b527b,Ndidi Okonkwo Nwuneli,https://tedblade-public-assets.s3.us-east-1.amazonaws.com/default-avatar.jpg
6a034c25b4b11d1a485861ca,Franklin Leonard,https://pi.tedcdn.com/r/pe.tedcdn.com/images/ted/2cd1cd0a0127951bb25ec6dbee7092b1c0770ef9_254x191.jpg?w=255
6a034c24d4881847be4b52a3,Willard Wigan,https://pi.tedcdn.com/r/pe.tedcdn.com/images/ted/106877_254x191.jpg?w=255
6a034c24b9e30957c4388bb2,Yang Lan,https://pi.tedcdn.com/r/pe.tedcdn.com/images/ted/cdea376942b6a1314d89495e8ce8730e1c4a1fbe_254x191.jpg?w=255
6a034c249bbcd05aa3165beb,Linda Hill,https://pi.tedcdn.com/r/pe.tedcdn.com/images/ted/32b855c8e2de5da11bcd39e9dd13cd796e81f66b_254x191.jpg?w=255
6a034c24d4881847be4b521e,Alex Hofeldt,https://tedblade-public-assets.s3.us-east-1.amazonaws.com/default-avatar.jpg
6a034c24d4881847be4b5291,Shannon Zhao,https://tedblade-public-assets.s3.us-east-1.amazonaws.com/default-avatar.jpg
6a034c24d4881847be4b5064, Sauti Sol,https://pi.tedcdn.com/r/pe.tedcdn.com/images/ted/b59938f3c58e5cbc98660df6528d94be0c8bc343_254x191.jpg?w=255
6a034c25b4b11d1a485861e8,Janine di Giovanni,https://pi.tedcdn.com/r/pe.tedcdn.com/images/ted/82ae75d5ff3028911c9c85015fe0e3dae21c61ec_254x191.jpg?w=255
6a034c25b4b11d1a485862b4,Andrew Mwenda,https://pi.tedcdn.com/r/pe.tedcdn.com/images/ted/13934_254x191.jpg?w=255
6a034c25b4b11d1a485862da,Frans von der Dunk,https://tedblade-public-assets.s3.us-east-1.amazonaws.com/default-avatar.jpg
6a034c25b4b11d1a485862e7,Jason Robert Jaffe,https://tedblade-public-assets.s3.us-east-1.amazonaws.com/default-avatar.jpg
6a034c25b4b11d1a48586308,Andrew Fitzgerald,https://pi.tedcdn.com/r/pe.tedcdn.com/images/ted/7231f8c5f57c1168fae13b941a989eb203088340_254x191.jpg?w=255
6a034c24d4881847be4b5088,Ben Pring,https://tedblade-public-assets.s3.us-east-1.amazonaws.com/default-avatar.jpg
6a034c24d4881847be4b50aa,Chantale Zuzi Leader,https://pi.tedcdn.com/r/ted-conferences-speaker-photos-production.s3.amazonaws.com/6udgap78rxt6hobzqfgaj5tlyrlj?w=255
6a034c24d4881847be4b50e4,Jody Williams,https://pi.tedcdn.com/r/pe.tedcdn.com/images/ted/5d09aa1d2e1543cd4c98e5ba50097d4d1f6de497_254x191.jpg?w=255
6a034c24d4881847be4b5102,Mario Paluzzi,https://tedblade-public-assets.s3.us-east-1.amazonaws.com/default-avatar.jpg
6a034c24d4881847be4b5120,Nina Jablonski,https://pi.tedcdn.com/r/pe.tedcdn.com/images/ted/102956_254x191.jpg?w=255
6a034c24d4881847be4b5136,Kristi Rogers,https://tedblade-public-assets.s3.us-east-1.amazonaws.com/default-avatar.jpg
6a034c24d4881847be4b5163,Todd Coleman,https://pi.tedcdn.com/r/pe.tedcdn.com/images/ted/7fca7b2dca50e58a52f08e39c7f5096eb1c08b38_254x191.jpg?w=255
6a034c24d4881847be4b5192,Yara Shahidi,https://pi.tedcdn.com/r/ted-conferences-speaker-photos-production.s3.amazonaws.com/ew13n2n8mri7bmcjm4o45pr2gvuy?w=255
6a034c24d4881847be4b51ae,David Holt,https://pi.tedcdn.com/r/pe.tedcdn.com/images/ted/61167_254x191.jpg?w=255
6a034c24d4881847be4b51e2,Marisa G. Franco,https://tedblade-public-assets.s3.us-east-1.amazonaws.com/default-avatar.jpg
6a034c24d4881847be4b5206,Shawn Achor,https://pi.tedcdn.com/r/pe.tedcdn.com/images/ted/5e1981945f0ab69a7ab7d4054dbba05332576f71_254x191.jpg?w=255
6a034c24d4881847be4b5209,Sophie Williams,https://pi.tedcdn.com/r/pe.tedcdn.com/images/ted/88d0521e70ae1be9cc6c2514443c3316382c4e78_254x191.jpg?w=255
6a034c24d4881847be4b5233,Clive Loseby,https://tedblade-public-assets.s3.us-east-1.amazonaws.com/default-avatar.jpg
6a034c24d4881847be4b5259,Julia Faure,https://tedblade-public-assets.s3.us-east-1.amazonaws.com/default-avatar.jpg
6a034c24d4881847be4b525e,Latif Nasser,https://tedblade-public-assets.s3.us-east-1.amazonaws.com/default-avatar.jpg
6a034c24d4881847be4b526d,Megan Ming Francis,https://tedblade-public-assets.s3.us-east-1.amazonaws.com/default-avatar.jpg
6a034c24d4881847be4b5275,Mikko Hypponen,https://pi.tedcdn.com/r/pe.tedcdn.com/images/ted/d9f160dbbe95b56b610123ebea4b67ac34848e50_254x191.jpg?w=255
6a034c24d4881847be4b5283,Peter Hirshberg,https://pi.tedcdn.com/r/pe.tedcdn.com/images/ted/52657_254x191.jpg?w=255
6a034c24d4881847be4b5294,Sierra Hull,https://tedblade-public-assets.s3.us-east-1.amazonaws.com/default-avatar.jpg
6a034c25b4b11d1a48586311,Keith Kirkland,https://pi.tedcdn.com/r/pe.tedcdn.com/images/ted/0e932fee131bab68b538b6b998a523fab2f5bb34_254x191.jpg?w=255
6a034c24da446a102707f415,Charly Haversat,https://tedblade-public-assets.s3.us-east-1.amazonaws.com/default-avatar.jpg
6a034c24da446a102707f417,Christina Tosi,https://pi.tedcdn.com/r/pe.tedcdn.com/images/ted/97a3523d492850a0d283e72a7298dba93a695199_254x191.jpg?w=255
6a034c25b4b11d1a48586316,Richard Browning,https://pi.tedcdn.com/r/pe.tedcdn.com/images/ted/339d6ec04d28827172275a83ea549af7f5ff37ca_254x191.jpg?w=255
6a034c24da446a102707f462,Jennifer Lu,https://tedblade-public-assets.s3.us-east-1.amazonaws.com/default-avatar.jpg
6a034c25b4b11d1a4858631b,Madame Gandhi,https://pi.tedcdn.com/r/pe.tedcdn.com/images/ted/e24b0081ab7bbef30fd287a4a4dbf1cfcea5db3d_254x191.jpg?w=255
6a034c24da446a102707f494,Maysoon Zayid,https://pi.tedcdn.com/r/pe.tedcdn.com/images/ted/3e49a1d75ff9140b41f31edc91a402954e85a905_254x191.jpg?w=255
6a034c25b4b11d1a4858639a,Panti Bliss,https://tedblade-public-assets.s3.us-east-1.amazonaws.com/default-avatar.jpg
6a034c24da446a102707f4f2,Thomas Insel,https://pi.tedcdn.com/r/pe.tedcdn.com/images/ted/9431573ddc8ecf70e2e529ca46e97c5a507e330b_254x191.jpg?w=255
6a034c25b4b11d1a4858639d,Jason deCaires Taylor,https://pi.tedcdn.com/r/pe.tedcdn.com/images/ted/7e02393de53dfd77403e733fa738ab1556c7a9ef_254x191.jpg?w=255
6a034c25b4b11d1a485863a2,Charlene Li,https://tedblade-public-assets.s3.us-east-1.amazonaws.com/default-avatar.jpg
6a034c24da446a102707f4f6,Tim Berners-Lee,https://pi.tedcdn.com/r/pe.tedcdn.com/images/ted/77261_254x191.jpg?w=255
6a034c24da446a102707f572,Angélique Parisot-Potter,https://pi.tedcdn.com/r/pe.tedcdn.com/images/ted/7162a9978929921713af9c16fa2f0ca34339ac4a_254x191.jpg?w=255
6a034c24da446a102707f58e,Doris Kearns Goodwin,https://pi.tedcdn.com/r/pe.tedcdn.com/images/ted/55507_254x191.jpg?w=255
6a034c24da446a102707f5d6,Nancy Rabalais,https://tedblade-public-assets.s3.us-east-1.amazonaws.com/default-avatar.jpg
6a034c24da446a102707f5e4,Qi Wu 吴琪,https://tedblade-public-assets.s3.us-east-1.amazonaws.com/default-avatar.jpg
6a034c24da446a102707f5e5,Quixotic Fusion,https://tedblade-public-assets.s3.us-east-1.amazonaws.com/default-avatar.jpg
6a034c24da446a102707f604,Tierney Thys,https://pi.tedcdn.com/r/pe.tedcdn.com/images/ted/9020_254x191.jpg?w=255
6a034c25b4b11d1a485861b3,Alona Fyshe,https://pi.tedcdn.com/r/ted-conferences-speaker-photos-production.s3.amazonaws.com/76odcd3xbff069xdf1hbuhr8lwky?w=255
6a034c25b4b11d1a48586208,Lucy Farey-Jones,https://pi.tedcdn.com/r/pe.tedcdn.com/images/ted/c782cfc02979901b55fb5b26e8fab10c25799359_254x191.jpg?w=255
6a034c25b4b11d1a48586238,Joia Mukherjee,https://pi.tedcdn.com/r/pe.tedcdn.com/images/ted/da4149c355817e33a6baadce18f5d54907bcc6fa_254x191.jpg?w=255
6a034c25b4b11d1a48586242,Karoliina Korppoo,https://pi.tedcdn.com/r/pe.tedcdn.com/images/ted/bd8907bfdf6d7bf62231326c027ad188c9786676_254x191.jpg?w=255
6a034c25b4b11d1a48586246,Katherine Mangu-Ward,https://pi.tedcdn.com/r/ted-conferences-speaker-photos-production.s3.amazonaws.com/fhuhtw4svb2qn0n1uhcjazc2yfeq?w=255
6a034c25b4b11d1a48586280,Peter Weinstock,https://pi.tedcdn.com/r/pe.tedcdn.com/images/ted/83961cd45797df62b61c4af7fdc12b383651d020_254x191.jpg?w=255
6a034c25b4b11d1a48586288,Roger Stein,https://pi.tedcdn.com/r/pe.tedcdn.com/images/ted/cb197a554749057d697f0a68aa723ccec538fe8d_254x191.jpg?w=255
6a034c25b4b11d1a4858629c,Thomas Crowther,https://pi.tedcdn.com/r/pe.tedcdn.com/images/ted/e61c8c414009518dbed93af48abb2455ce737317_254x191.jpg?w=255
6a034c25b4b11d1a485862d8,Faith Jegede Cole,https://tedblade-public-assets.s3.us-east-1.amazonaws.com/default-avatar.jpg
6a034c25b4b11d1a4858630b,Katlego Kolanyane-Kesupile,https://pi.tedcdn.com/r/pe.tedcdn.com/images/ted/2e4b224e98512436c1f7c6f433d53810719afa81_254x191.jpg?w=255
6a034c25b4b11d1a48586348,Isaac Saul,https://pi.tedcdn.com/r/ted-conferences-speaker-photos-production.s3.amazonaws.com/k55mlvoz2xn64pn5pahirdgyg33s?w=255
6a034c25b4b11d1a48586359,Joanne Chory,https://pi.tedcdn.com/r/pe.tedcdn.com/images/ted/8443abcf45ebc813b49a6c1d2e274f52c4f961bb_254x191.jpg?w=255
6a034c25b4b11d1a4858636a,Melati Wijsen,https://pi.tedcdn.com/r/pe.tedcdn.com/images/ted/713a7d9cdf481719492fa92f6acec3993bb69f3e_254x191.jpg?w=255
6a034c25b4b11d1a48586390,Sonaar Luthra,https://pi.tedcdn.com/r/pe.tedcdn.com/images/ted/a3db33f4657a4b3680edde1f3fb8adeafd07aaf5_254x191.jpg?w=255
6a034c25b4b11d1a4858639f,Dorcas Naishorua,https://pi.tedcdn.com/r/ted-conferences-speaker-photos-production.s3.amazonaws.com/0objed0gq3ojsl5w8fvqb19kt9bz?w=255
6a034c249bbcd05aa3165bfd,Nisha Anand,https://pi.tedcdn.com/r/pe.tedcdn.com/images/ted/a22fe423ad2ed0beb3634f96a385a067511e3770_254x191.jpg?w=255
6a034c249bbcd05aa3165c0e,Sandi Toksvig,https://pi.tedcdn.com/r/pe.tedcdn.com/images/ted/25e0d606b6d5ff733567824773539fbee846dcad_254x191.jpg?w=255
6a034c249bbcd05aa3165c1d,Vikram Patel,https://pi.tedcdn.com/r/pe.tedcdn.com/images/ted/70095c75dc020cc2b165e4aa9041d10db19019e0_254x191.jpg?w=255
6a034c249bbcd05aa3165c22,Amma Y. Ghartey-Tagoe Kootin,https://tedblade-public-assets.s3.us-east-1.amazonaws.com/default-avatar.jpg
6a034c249bbcd05aa3165c42,Elsbeth Magilton,https://tedblade-public-assets.s3.us-east-1.amazonaws.com/default-avatar.jpg
6a034c249bbcd05aa3165c47,Erik Schlangen,https://pi.tedcdn.com/r/pe.tedcdn.com/images/ted/d1f14d910087e5847ccc6ab36007751855c9aee2_254x191.jpg?w=255
6a034c249bbcd05aa3165c5c,Joseph Isaac,https://tedblade-public-assets.s3.us-east-1.amazonaws.com/default-avatar.jpg
6a034c249bbcd05aa3165c63,Kate Gardoqui,https://tedblade-public-assets.s3.us-east-1.amazonaws.com/default-avatar.jpg
6a034c24b9e30957c43889ca,Isabel Wilkerson,https://pi.tedcdn.com/r/pe.tedcdn.com/images/ted/8a86ba4fd5f5eccf39d2b4f83382fffdf0e76532_254x191.jpg?w=255
6a034c24b9e30957c4388a5b,Peta Greenfield,https://tedblade-public-assets.s3.us-east-1.amazonaws.com/default-avatar.jpg
6a034c24b9e30957c4388a78,Scott Gass,https://tedblade-public-assets.s3.us-east-1.amazonaws.com/default-avatar.jpg
6a034c24d4881847be4b5223,Almudena Toral,https://pi.tedcdn.com/r/pe.tedcdn.com/images/ted/f9b5a98edac4e0b6423d75a0820a55bbf31c0081_254x191.jpg?w=255
6a034c24b9e30957c4388a90,Abigail Washburn,https://pi.tedcdn.com/r/pe.tedcdn.com/images/ted/3e08aa22ddc341e215e106eda88e109a4abc071e_254x191.jpg?w=255
6a034c24d4881847be4b525c,Ksenia Petrichenko,https://pi.tedcdn.com/r/ted-conferences-speaker-photos-production.s3.amazonaws.com/tam6zdudddvffunx8xg2gihvs0vr?w=255
6a034c24b9e30957c4388ace,Jeff Han,https://pi.tedcdn.com/r/pe.tedcdn.com/images/ted/1613_254x191.jpg?w=255
6a034c24b9e30957c4388ae0,Lars Jönsson,https://tedblade-public-assets.s3.us-east-1.amazonaws.com/default-avatar.jpg
6a034c24d4881847be4b5285,Phil Hansen,https://pi.tedcdn.com/r/pe.tedcdn.com/images/ted/ff595b5f821e209821d616f6cd66e3854e9b302a_254x191.jpg?w=255
6a034c24b9e30957c4388b2a,Beau Lotto,https://pi.tedcdn.com/r/pe.tedcdn.com/images/ted/09e97469c6f60491ee8071bc2aff46e94461f340_254x191.jpg?w=255
6a034c24d4881847be4b528e,Sarah Guo,https://tedblade-public-assets.s3.us-east-1.amazonaws.com/default-avatar.jpg
6a034c24d4881847be4b5067,Abdallah Ewis,https://tedblade-public-assets.s3.us-east-1.amazonaws.com/default-avatar.jpg
6a034c24da446a102707f3b0,Colin Grant,https://pi.tedcdn.com/r/pe.tedcdn.com/images/ted/11271e9615fbf83c004b86c670c6185d634f8000_254x191.jpg?w=255
6a034c24d4881847be4b506a,Alex Carter,https://pi.tedcdn.com/r/ted-conferences-speaker-photos-production.s3.amazonaws.com/6gqj48wt4ci6l2gs8egk3umo1096?w=255
6a034c24da446a102707f3b4,Dana Kanze,https://pi.tedcdn.com/r/pe.tedcdn.com/images/ted/1b8b7d78897c6ede8e07ae3bc3d20bfed33e1489_254x191.jpg?w=255
6a034c24da446a102707f3cf,Frederick Balagadde,https://pi.tedcdn.com/r/pe.tedcdn.com/images/ted/102821_254x191.jpg?w=255
6a034c24d4881847be4b50f8,George Zaidan,https://tedblade-public-assets.s3.us-east-1.amazonaws.com/default-avatar.jpg
6a034c24da446a102707f3e5,Joseph Redmon,https://pi.tedcdn.com/r/pe.tedcdn.com/images/ted/90590e549b02c6c9d9492f21b549d8edff3cd374_254x191.jpg?w=255
6a034c24d4881847be4b5101,Hari Nef,https://tedblade-public-assets.s3.us-east-1.amazonaws.com/default-avatar.jpg
6a034c24da446a102707f3eb,Juna Kollmeier,https://pi.tedcdn.com/r/pe.tedcdn.com/images/ted/309b6f805a041bc9a6a25757d7901625450ff56a_254x191.jpg?w=255
6a034c24d4881847be4b5143,Malika Whitley,https://pi.tedcdn.com/r/pe.tedcdn.com/images/ted/1c917711618dadb48f63f18d8f576233fd74eba2_254x191.jpg?w=255
6a034c24da446a102707f41e,Min Kym,https://pi.tedcdn.com/r/pe.tedcdn.com/images/ted/ef43377ab394048e97bf21b25ac17c4d3ab22258_254x191.jpg?w=255
6a034c24d4881847be4b517c,Sana Amanat,https://tedblade-public-assets.s3.us-east-1.amazonaws.com/default-avatar.jpg
6a034c24da446a102707f42d,Nicholas Leeper,https://pi.tedcdn.com/r/ted-conferences-speaker-photos-production.s3.amazonaws.com/8clyr7m8pa8dydtnwikpqhqee67b?w=255
6a034c24d4881847be4b5185,Sims Witherspoon,https://pi.tedcdn.com/r/ted-conferences-speaker-photos-production.s3.amazonaws.com/1vj7xgdt1240jl4bddcni7tim7d0?w=255
6a034c24da446a102707f445,Greg De Temmerman,https://pi.tedcdn.com/r/ted-conferences-speaker-photos-production.s3.amazonaws.com/tn1xne2j2s0zi8uinnju6dg46sre?w=255
6a034c24d4881847be4b5196,Akash Manoj,https://pi.tedcdn.com/r/pe.tedcdn.com/images/ted/2114a9dda5cd93f3463e5ca1b1ca486daf4404e5_254x191.jpg?w=255
6a034c24da446a102707f452,Henna-Maria Uusitupa,https://pi.tedcdn.com/r/pe.tedcdn.com/images/ted/250992ffb30af8857efbf099a4843e361916abff_254x191.jpg?w=255
6a034c24d4881847be4b51a3,Brandon Rodriguez,https://tedblade-public-assets.s3.us-east-1.amazonaws.com/default-avatar.jpg
6a034c24da446a102707f458,Jack Dorsey,https://pi.tedcdn.com/r/pe.tedcdn.com/images/ted/85507162c1d6806512d5961700f8e16914d4ccf0_254x191.jpg?w=255
6a034c24d4881847be4b51de,Mac Barnett,https://pi.tedcdn.com/r/pe.tedcdn.com/images/ted/5aa7b620fda341a37dcec1a8ce29f25a4bbb83ea_254x191.jpg?w=255
6a034c24da446a102707f475,Lars Brownworth,https://tedblade-public-assets.s3.us-east-1.amazonaws.com/default-avatar.jpg
6a034c24d4881847be4b5214,Toby Shapshak,https://pi.tedcdn.com/r/pe.tedcdn.com/images/ted/f8cbae0e5d57344c31063f74dca74d90a0141d67_254x191.jpg?w=255
6a034c24da446a102707f4a6,Olivia Breese,https://pi.tedcdn.com/r/ted-conferences-speaker-photos-production.s3.amazonaws.com/81pfo9ht3prlep576x1rrjtanbhn?w=255
6a034c24da446a102707f4c4,Robert Frost,https://tedblade-public-assets.s3.us-east-1.amazonaws.com/default-avatar.jpg
6a034c24d4881847be4b523b,Edward Snowden,https://pi.tedcdn.com/r/pe.tedcdn.com/images/ted/d72ae00bfd32abe196ace15251829585ab5c005b_254x191.jpg?w=255
6a034c24da446a102707f4e3,Stephanie Pacheco,https://tedblade-public-assets.s3.us-east-1.amazonaws.com/default-avatar.jpg
6a034c24d4881847be4b5267,Mary L. Gray,https://tedblade-public-assets.s3.us-east-1.amazonaws.com/default-avatar.jpg
6a034c24da446a102707f542,Sofia Crespo,https://pi.tedcdn.com/r/ted-conferences-speaker-photos-production.s3.amazonaws.com/yjbm6a3ran5dmxdt2bjis3oahpqu?w=255
6a034c24d4881847be4b526a,Max Jaderberg,https://pi.tedcdn.com/r/ted-conferences-speaker-photos-production.s3.amazonaws.com/72a39xd1qjej9pwyt6v6pihqrmvm?w=255
6a034c24da446a102707f54e,Xiaowei R. Wang,https://tedblade-public-assets.s3.us-east-1.amazonaws.com/default-avatar.jpg
6a034c24d4881847be4b5289,Reniqua Allen,https://pi.tedcdn.com/r/pe.tedcdn.com/images/ted/f53a1104663f87029cdce62e4fb829b47f7c0d02_254x191.jpg?w=255
6a034c24da446a102707f55f,Virginia Smith,https://pi.tedcdn.com/r/pe.tedcdn.com/images/ted/99bd1ce124f04c9f768a8c783d5df1ff33f8a87c_254x191.jpg?w=255
6a034c24d4881847be4b528f,Sebastian Junger,https://pi.tedcdn.com/r/pe.tedcdn.com/images/ted/754f2a41f233633d247b8d21612d9fca225e0e85_254x191.jpg?w=255
6a034c24da446a102707f565,Yannay Khaikin,https://tedblade-public-assets.s3.us-east-1.amazonaws.com/default-avatar.jpg
6a034c24da446a102707f589,David Kwong,https://pi.tedcdn.com/r/ted-conferences-speaker-photos-production.s3.amazonaws.com/b350k7crt7x24sf8lsymmvrlqolf?w=255
6a034c24da446a102707f3c3,Elijah Cummings,https://tedblade-public-assets.s3.us-east-1.amazonaws.com/default-avatar.jpg
6a034c24da446a102707f5ae,Jessi Arrington,https://pi.tedcdn.com/r/pe.tedcdn.com/images/ted/cead5103246629691e77dc33cf305619ceacf3b8_254x191.jpg?w=255
6a034c24da446a102707f3cb,Fallon Goodman,https://tedblade-public-assets.s3.us-east-1.amazonaws.com/default-avatar.jpg
6a034c24da446a102707f3d3,Gunjan Bhardwaj,https://tedblade-public-assets.s3.us-east-1.amazonaws.com/default-avatar.jpg
6a034c24da446a102707f5b2,Jonathan Drori,https://pi.tedcdn.com/r/pe.tedcdn.com/images/ted/52734_254x191.jpg?w=255
6a034c24da446a102707f426,Nate Silver,https://pi.tedcdn.com/r/pe.tedcdn.com/images/ted/85137_254x191.jpg?w=255
6a034c24da446a102707f5b8,Kayvon Tehranian,https://pi.tedcdn.com/r/pe.tedcdn.com/images/ted/9113657a7c7f3e7ffba43cbad1980f708fb9ba0e_254x191.jpg?w=255
6a034c24da446a102707f5da,Nina Fedoroff,https://pi.tedcdn.com/r/pe.tedcdn.com/images/ted/3d925ac77df4ad4d15582b29496c44a6324960ab_254x191.jpg?w=255
6a034c24da446a102707f449,Rachel Wurzman,https://pi.tedcdn.com/r/pe.tedcdn.com/images/ted/b767e772434e34f9ec722c7d97919c0938f2d52e_254x191.jpg?w=255
6a034c24da446a102707f45f,Scott Shigeoka,https://pi.tedcdn.com/r/ted-conferences-speaker-photos-production.s3.amazonaws.com/9rjn9mwimj8v9wumxjx4imgjgcad?w=255
6a034c24da446a102707f5e6,Ralph Langner,https://pi.tedcdn.com/r/pe.tedcdn.com/images/ted/168c2505a3d76faeccdf7d419cc61092b8b25046_254x191.jpg?w=255
6a034c24da446a102707f5fc,Shekhar Kapur,https://pi.tedcdn.com/r/pe.tedcdn.com/images/ted/157603_254x191.jpg?w=255
6a034c24da446a102707f4a8,Olúfẹ́mi Táíwò,https://tedblade-public-assets.s3.us-east-1.amazonaws.com/default-avatar.jpg
6a034c24da446a102707f5fe,Supasorn Suwajanakorn,https://pi.tedcdn.com/r/pe.tedcdn.com/images/ted/a096624956414ff6b1b7f6ee6a20fec4eff250c4_254x191.jpg?w=255
6a034c24da446a102707f4da,Shrabani Basu,https://tedblade-public-assets.s3.us-east-1.amazonaws.com/default-avatar.jpg
6a034c24da446a102707f4e0,Sonia Vallabh,https://pi.tedcdn.com/r/ted-conferences-speaker-photos-production.s3.amazonaws.com/l78ku85qmzbv20rvbigpk4j3th6m?w=255
6a034c25b4b11d1a485861aa,Alex Steffen,https://pi.tedcdn.com/r/pe.tedcdn.com/images/ted/91a065acf69dfcac32a31f237b43ad1ce74da11b_254x191.jpg?w=255
6a034c24da446a102707f4ef,Tasha Eurich,https://tedblade-public-assets.s3.us-east-1.amazonaws.com/default-avatar.jpg
6a034c25b4b11d1a48586217,Michael Molina,https://tedblade-public-assets.s3.us-east-1.amazonaws.com/default-avatar.jpg
6a034c24d4881847be4b52a1,Torsten Reil,https://pi.tedcdn.com/r/pe.tedcdn.com/images/ted/47839_254x191.jpg?w=255
6a034c24da446a102707f54d,Vilayanur Ramachandran,https://pi.tedcdn.com/r/pe.tedcdn.com/images/ted/18548_254x191.jpg?w=255
6a034c24da446a102707f56a,Adam Kucharski,https://pi.tedcdn.com/r/pe.tedcdn.com/images/ted/e887075d2d9ca37035415e16e8172e056eec4dff_254x191.jpg?w=255
6a034c25b4b11d1a4858623e,Julie Taymor,https://pi.tedcdn.com/r/pe.tedcdn.com/images/ted/89630481b38f707f70b979ecf51fdc3f4f2f0653_254x191.jpg?w=255
6a034c25b4b11d1a4858628f,Sebastian Guo,https://tedblade-public-assets.s3.us-east-1.amazonaws.com/default-avatar.jpg
6a034c24da446a102707f58a,David Lang,https://pi.tedcdn.com/r/pe.tedcdn.com/images/ted/bd1018855f404b078975a56effd24b8eb546fd69_254x191.jpg?w=255
6a034c25b4b11d1a485862a3,Tshering Tobgay,https://pi.tedcdn.com/r/pe.tedcdn.com/images/ted/4f91b9db441932e368f28f956ad27db4aa72f0fe_254x191.jpg?w=255
6a034c24da446a102707f5b0,Joachim Horn,https://tedblade-public-assets.s3.us-east-1.amazonaws.com/default-avatar.jpg
6a034c25b4b11d1a485862aa,Alan Crickmore,https://pi.tedcdn.com/r/pe.tedcdn.com/images/ted/2b42bda9787f515bca91ddf4e2592602d031be24_254x191.jpg?w=255
6a034c24da446a102707f5ee,Rogier van der Heide,https://pi.tedcdn.com/r/pe.tedcdn.com/images/ted/1c691faba20bd08e712210b3cf7c12c0d91490d1_254x191.jpg?w=255
6a034c25b4b11d1a485862b6,Aravind Srinivas,https://tedblade-public-assets.s3.us-east-1.amazonaws.com/default-avatar.jpg
6a034c24da446a102707f3a4,Billy Graham,https://pi.tedcdn.com/r/pe.tedcdn.com/images/ted/48742_254x191.jpg?w=255
6a034c24da446a102707f5fd,Sherry Turkle,https://pi.tedcdn.com/r/pe.tedcdn.com/images/ted/ed69fc5b161006210707ea33d74289aedba510be_254x191.jpg?w=255
6a034c24d4881847be4b52a7,Zarlasht Halaimzai,https://pi.tedcdn.com/r/ted-conferences-speaker-photos-production.s3.amazonaws.com/bojwa45qs9uqisqrkzbc8mt80pfi?w=255
6a034c24da446a102707f3c8,Enda Butler,https://tedblade-public-assets.s3.us-east-1.amazonaws.com/default-avatar.jpg
6a034c25b4b11d1a48586192,Anthony Goldbloom,https://pi.tedcdn.com/r/pe.tedcdn.com/images/ted/162a592f63dd7df3074d2fa6c8af028234115544_254x191.jpg?w=255
6a034c24da446a102707f3a7,Caitlin Holman,https://tedblade-public-assets.s3.us-east-1.amazonaws.com/default-avatar.jpg
6a034c24da446a102707f3f8,Amy Tan,https://pi.tedcdn.com/r/pe.tedcdn.com/images/ted/38851_254x191.jpg?w=255
6a034c24da446a102707f3b2,Damon Gameau,https://tedblade-public-assets.s3.us-east-1.amazonaws.com/default-avatar.jpg
6a034c24da446a102707f3c0,Edwin Meyer,https://tedblade-public-assets.s3.us-east-1.amazonaws.com/default-avatar.jpg
6a034c25b4b11d1a485861a1,Chris Urmson,https://pi.tedcdn.com/r/pe.tedcdn.com/images/ted/612685c723bb4d0004be392741ad2a0c93e8e803_254x191.jpg?w=255
6a034c24da446a102707f413,Matteo Salvadore,https://tedblade-public-assets.s3.us-east-1.amazonaws.com/default-avatar.jpg
6a034c25b4b11d1a4858634b,Rufus Wainwright,https://pi.tedcdn.com/r/ted-conferences-speaker-photos-production.s3.amazonaws.com/tv7en9dqsizydpuyr4i7pym987et?w=255
6a034c24da446a102707f45c,Sandra Fisher-Martins,https://pi.tedcdn.com/r/pe.tedcdn.com/images/ted/8d827c75b2060d230ec20c536d6c06bab93d5dc7_254x191.jpg?w=255
6a034c24da446a102707f3b3,Dan Bell,https://pi.tedcdn.com/r/pe.tedcdn.com/images/ted/6a8387162a82b1a6f539e8bc33aa5be5947a82d7_254x191.jpg?w=255
6a034c25b4b11d1a485861cb,Brett Hennig,https://pi.tedcdn.com/r/pe.tedcdn.com/images/ted/8d0b2b811b8255be64e8557691d020283e61a06c_254x191.jpg?w=255
6a034c24da446a102707f432,Elora Hardy,https://pi.tedcdn.com/r/pe.tedcdn.com/images/ted/4901374142392b8ab49303fc08b871173f2f1aaa_254x191.jpg?w=255
6a034c24da446a102707f4d4,Seema Bansal,https://pi.tedcdn.com/r/pe.tedcdn.com/images/ted/4ed8bf11c26a97c5bbde56fd040a9a6dddfd5c45_254x191.jpg?w=255
6a034c25b4b11d1a4858636e,Aaron O'Connell,https://tedblade-public-assets.s3.us-east-1.amazonaws.com/default-avatar.jpg
6a034c24da446a102707f3f7,Kris De Meyer,https://pi.tedcdn.com/r/ted-conferences-speaker-photos-production.s3.amazonaws.com/wlt2xmqtih6ocn77k9e1qi76bq2y?w=255
6a034c25b4b11d1a485861e5,David Camarillo,https://pi.tedcdn.com/r/pe.tedcdn.com/images/ted/b012243a90b9ebbbd4919932bb1047690688ec54_254x191.jpg?w=255
6a034c24da446a102707f44e,Heather Knight,https://pi.tedcdn.com/r/pe.tedcdn.com/images/ted/a8bda3c51373e9657dc788529d6aa95a3d626547_254x191.jpg?w=255
6a034c24da446a102707f533,Resson Kantai Duff,https://pi.tedcdn.com/r/pe.tedcdn.com/images/ted/8864ef4a08acbc5201c90893589166cf7492eea4_254x191.jpg?w=255
6a034c25b4b11d1a4858636f,The Redemption of Jar Jar Binks,https://tedblade-public-assets.s3.us-east-1.amazonaws.com/default-avatar.jpg
6a034c24da446a102707f3f9,Angela Belcher,https://pi.tedcdn.com/r/pe.tedcdn.com/images/ted/224e216c704e45ba430fde5d0b9ae393b0103654_254x191.jpg?w=255
6a034c25b4b11d1a485861f5,Eric Lewis,https://tedblade-public-assets.s3.us-east-1.amazonaws.com/default-avatar.jpg
6a034c24da446a102707f485,Alexandria Holder,https://tedblade-public-assets.s3.us-east-1.amazonaws.com/default-avatar.jpg
6a034c24da446a102707f56f,Alejandro Nespral,https://tedblade-public-assets.s3.us-east-1.amazonaws.com/default-avatar.jpg
6a034c24da446a102707f3fe,Lara Durgavich,https://pi.tedcdn.com/r/pe.tedcdn.com/images/ted/785a09476f1dd2ae9b352271a4dbeddcba980666_254x191.jpg?w=255
6a034c25b4b11d1a48586203,Geena Rocero,https://pi.tedcdn.com/r/pe.tedcdn.com/images/ted/d7d401a74f284fd562e012a22206ba4eca594690_254x191.jpg?w=255
6a034c24da446a102707f49b,Nadine Hachach-Haram,https://pi.tedcdn.com/r/pe.tedcdn.com/images/ted/9ffdc93e4334f32717358f0ca6e305a69a523073_254x191.jpg?w=255
6a034c24da446a102707f3ff,Antonio Cataldo,https://tedblade-public-assets.s3.us-east-1.amazonaws.com/default-avatar.jpg
6a034c24da446a102707f57f,Carlo Ratti,https://pi.tedcdn.com/r/pe.tedcdn.com/images/ted/1775f725c345b1a55ae8e66700b7ce8eb24cd210_254x191.jpg?w=255
6a034c25b4b11d1a48586223,Jeannette Garcia,https://tedblade-public-assets.s3.us-east-1.amazonaws.com/default-avatar.jpg
6a034c24da446a102707f4a0,Bel Pesce,https://pi.tedcdn.com/r/pe.tedcdn.com/images/ted/bb0c58ca26e71fa65931069899a131e391b0af71_254x191.jpg?w=255
6a034c24da446a102707f405,Bianca Tylek,https://pi.tedcdn.com/r/pe.tedcdn.com/images/ted/f79043d92f598caf996d299883559d17529d482d_254x191.jpg?w=255
6a034c24da446a102707f587,Daniel Libeskind,https://pi.tedcdn.com/r/pe.tedcdn.com/images/ted/99794_254x191.jpg?w=255
6a034c25b4b11d1a4858628e,Scott Laderman,https://tedblade-public-assets.s3.us-east-1.amazonaws.com/default-avatar.jpg
6a034c24da446a102707f4b3,Craig Costello,https://pi.tedcdn.com/r/pe.tedcdn.com/images/ted/02b365152071a35a9a22206f79bea30d46443fe6_254x191.jpg?w=255
6a034c24da446a102707f41f,Min Zhu,https://tedblade-public-assets.s3.us-east-1.amazonaws.com/default-avatar.jpg
6a034c24da446a102707f5aa,Jawad Sharif,https://pi.tedcdn.com/r/ted-conferences-speaker-photos-production.s3.amazonaws.com/65j8u1k2cczoierqdo53pdy74fj5?w=255
6a034c25b4b11d1a48586294,Steve Truglia,https://pi.tedcdn.com/r/pe.tedcdn.com/images/ted/111234_254x191.jpg?w=255
6a034c24da446a102707f428,Neil MacGregor,https://pi.tedcdn.com/r/pe.tedcdn.com/images/ted/bb4355b942735313f4f81a8abd7a70e35f49d67b_254x191.jpg?w=255
6a034c24da446a102707f4fc,Vijay Kumar,https://pi.tedcdn.com/r/pe.tedcdn.com/images/ted/1c6de67b5b0f5e92f3a5c8d03d48705eee13a6a1_254x191.jpg?w=255
6a034c24da446a102707f5eb,Richard Coffin,https://tedblade-public-assets.s3.us-east-1.amazonaws.com/default-avatar.jpg
6a034c25b4b11d1a485862bd,Ben Ambridge,https://pi.tedcdn.com/r/pe.tedcdn.com/images/ted/506ba9be6addd3c4fc960d96e943221b8c37f080_254x191.jpg?w=255
6a034c25b4b11d1a485861b6,Enzo Romero,https://pi.tedcdn.com/r/ted-conferences-speaker-photos-production.s3.amazonaws.com/rwxqku78rr9c7jq1qib0qwg77gxk?w=255
6a034c24da446a102707f42b,Dennis Shasha,https://tedblade-public-assets.s3.us-east-1.amazonaws.com/default-avatar.jpg
6a034c24da446a102707f526,Mihaly Csikszentmihalyi,https://pi.tedcdn.com/r/pe.tedcdn.com/images/ted/57026_254x191.jpg?w=255
6a034c25b4b11d1a485862dc,Jane Velkovski,https://pi.tedcdn.com/r/pe.tedcdn.com/images/ted/760d1c0a2dd7516ddeb4d588de760b540031ba35_254x191.jpg?w=255
6a034c25b4b11d1a485861f3,Elliot Krane,https://pi.tedcdn.com/r/pe.tedcdn.com/images/ted/9b0b13b408880e8d540bfe2288bdc81d9656d603_254x191.jpg?w=255
6a034c25b4b11d1a48586306,Jamie Bernthal,https://tedblade-public-assets.s3.us-east-1.amazonaws.com/default-avatar.jpg
6a034c24da446a102707f535,Ron Finley,https://pi.tedcdn.com/r/pe.tedcdn.com/images/ted/955aee72bfbf0b579d3415f4f41733bdcc64dbc2_254x191.jpg?w=255
6a034c24da446a102707f465,Shannon Odell,https://tedblade-public-assets.s3.us-east-1.amazonaws.com/default-avatar.jpg
6a034c25b4b11d1a48586236,John Hunter,https://pi.tedcdn.com/r/pe.tedcdn.com/images/ted/3ae665f977066ea2af65b32bad17e81148ddbce8_254x191.jpg?w=255
6a034c24da446a102707f55c,Trevor Timm,https://pi.tedcdn.com/r/pe.tedcdn.com/images/ted/4b2b01d9e979c6d05abaa412573e7da5cd12ee17_254x191.jpg?w=255
6a034c25b4b11d1a4858635b,Steven Petrow,https://pi.tedcdn.com/r/pe.tedcdn.com/images/ted/ec5ce3e2fde14c4b30fda7f9369df7dcfaae0dcd_254x191.jpg?w=255
6a034c25b4b11d1a4858624c,Kishore Mahbubani,https://pi.tedcdn.com/r/pe.tedcdn.com/images/ted/63472a5e9c6aaceb53bbefdb33c5a2e41f7bd91a_254x191.jpg?w=255
6a034c24da446a102707f4e5,Stephen Friend,https://pi.tedcdn.com/r/pe.tedcdn.com/images/ted/4a6674f47d1fd9df2752177c140799745d3607d5_254x191.jpg?w=255
6a034c24da446a102707f562,Walé Oyéjidé,https://pi.tedcdn.com/r/pe.tedcdn.com/images/ted/d09b46e90ec8c6ae4cbdc077fedcc57294d8784e_254x191.jpg?w=255
6a034c25b4b11d1a48586398,Sayu Bhojwani,https://pi.tedcdn.com/r/pe.tedcdn.com/images/ted/35f5642f558b146456fe1cf157899654cc47a3d1_254x191.jpg?w=255
6a034c25b4b11d1a48586250,Leslie Dodson,https://pi.tedcdn.com/r/pe.tedcdn.com/images/ted/2c06fa0194dbd4e23801370be20500fe897cf38c_254x191.jpg?w=255
6a034c24da446a102707f4e7,Steven Wise,https://pi.tedcdn.com/r/pe.tedcdn.com/images/ted/78f8f2cc05efb21db28c827a6f8035ff94260aa3_254x191.jpg?w=255
6a034c25b4b11d1a4858639b,Roselinde Kaiser,https://tedblade-public-assets.s3.us-east-1.amazonaws.com/default-avatar.jpg
6a034c25b4b11d1a48586264,Wolfgang Kessling,https://pi.tedcdn.com/r/pe.tedcdn.com/images/ted/c6ad863032ce5d4d47cc196c09881b2eba074332_254x191.jpg?w=255
6a034c24da446a102707f51d,Maria Dubovitskaya,https://tedblade-public-assets.s3.us-east-1.amazonaws.com/default-avatar.jpg
6a034c25b4b11d1a485862b5,Aracelis Girmay,https://tedblade-public-assets.s3.us-east-1.amazonaws.com/default-avatar.jpg
6a034c24da446a102707f541,Sisonke Msimang,https://pi.tedcdn.com/r/pe.tedcdn.com/images/ted/bcf905925881f763dd998756c23b2c2bc5586aef_254x191.jpg?w=255
6a034c24da446a102707f56e,Al Gore,https://pi.tedcdn.com/r/ted-conferences-speaker-photos-production.s3.amazonaws.com/6skn3rn4m7pk5xy4a31c6g4m75pw?w=255
6a034c25b4b11d1a485862dd,Ganesh Pai,https://tedblade-public-assets.s3.us-east-1.amazonaws.com/default-avatar.jpg
6a034c24da446a102707f574,António Guterres,https://pi.tedcdn.com/r/pe.tedcdn.com/images/ted/bea16d11ed8804eeab5ed314f4af742ee8fecc17_254x191.jpg?w=255
6a034c25b4b11d1a4858632d,Seth Priebatsch,https://pi.tedcdn.com/r/pe.tedcdn.com/images/ted/192383_254x191.jpg?w=255
6a034c24da446a102707f580,Cesar Kuriyama,https://pi.tedcdn.com/r/pe.tedcdn.com/images/ted/53a32309dcc7d54aeb880bd67e5d479a8413a87c_254x191.jpg?w=255
6a034c24da446a102707f581,Charita Gainey,https://tedblade-public-assets.s3.us-east-1.amazonaws.com/default-avatar.jpg
6a034c24da446a102707f588,David Chalmers,https://pi.tedcdn.com/r/pe.tedcdn.com/images/ted/fdb78c60dfa7d88ebab44c5bc169ca34fae90b0b_254x191.jpg?w=255
6a034c24da446a102707f5b1,Johanna Blakley,https://pi.tedcdn.com/r/pe.tedcdn.com/images/ted/172158_254x191.jpg?w=255
6a034c24da446a102707f5a0,Glen J. Golden,https://tedblade-public-assets.s3.us-east-1.amazonaws.com/default-avatar.jpg
6a034c24da446a102707f5b6,Karin Nilsdotter,https://tedblade-public-assets.s3.us-east-1.amazonaws.com/default-avatar.jpg
6a034c24da446a102707f5cb,Mary Norris,https://pi.tedcdn.com/r/pe.tedcdn.com/images/ted/1142295692a6d29f92e08e4ff98d30915c49e3ad_254x191.jpg?w=255
6a034c24da446a102707f609,Victor Rios,https://pi.tedcdn.com/r/pe.tedcdn.com/images/ted/ae65401423b365d40f8c6b090aca6e154f1ec45a_254x191.jpg?w=255
6a034c25b4b11d1a485861bf,Anne Gaskett,https://tedblade-public-assets.s3.us-east-1.amazonaws.com/default-avatar.jpg
6a034c25b4b11d1a48586196,Bevy Smith,https://pi.tedcdn.com/r/ted-conferences-speaker-photos-production.s3.amazonaws.com/jupn1mtqgnwzwzqp3vhslaa947iy?w=255
6a034c25b4b11d1a485861cc,Franziska Naether,https://tedblade-public-assets.s3.us-east-1.amazonaws.com/default-avatar.jpg
6a034c25b4b11d1a485861e0,Dan Gartenberg,https://pi.tedcdn.com/r/pe.tedcdn.com/images/ted/2d735174a84774facca54f5671d70e8bf41ec50d_254x191.jpg?w=255
6a034c25b4b11d1a485861f0,Jerome Hunter,https://pi.tedcdn.com/r/ted-conferences-speaker-photos-production.s3.amazonaws.com/sfcctb17kronttz8gmt2f400j28v?w=255
6a034c25b4b11d1a485861e4,James Balog,https://pi.tedcdn.com/r/pe.tedcdn.com/images/ted/113030_254x191.jpg?w=255
6a034c25b4b11d1a48586255,Ma Yansong,https://pi.tedcdn.com/r/pe.tedcdn.com/images/ted/35af654f36e82b5776a38fe24f58292206c8344c_254x191.jpg?w=255
6a034c25b4b11d1a4858621d,James Stavridis,https://pi.tedcdn.com/r/pe.tedcdn.com/images/ted/ce9e48076e1635da4a5832a5b7634885d59d4c8b_254x191.jpg?w=255
6a034c25b4b11d1a4858625b,Marc Bamuthi Joseph,https://pi.tedcdn.com/r/ted-conferences-speaker-photos-production.s3.amazonaws.com/mce0bptvfl780a2o87j154snaz3u?w=255
6a034c25b4b11d1a48586260,Victor Riparbelli,https://tedblade-public-assets.s3.us-east-1.amazonaws.com/default-avatar.jpg
6a034c25b4b11d1a4858627f,Pete Alcorn,https://pi.tedcdn.com/r/pe.tedcdn.com/images/ted/94813_254x191.jpg?w=255
6a034c25b4b11d1a485862e6,Indre Viskontas,https://tedblade-public-assets.s3.us-east-1.amazonaws.com/default-avatar.jpg
6a034c25b4b11d1a48586283,Ralph Chami,https://pi.tedcdn.com/r/ted-conferences-speaker-photos-production.s3.amazonaws.com/s60jx55sfzr9hg76yh9ua7wqn9d1?w=255
6a034c25b4b11d1a485862ec,Jeanette Winterson,https://pi.tedcdn.com/r/ted-conferences-speaker-photos-production.s3.amazonaws.com/lywbhpzn2x47rc5ya5hwvm0a0khe?w=255
6a034c25b4b11d1a48586290,Sharmeen Obaid-Chinoy,https://pi.tedcdn.com/r/pe.tedcdn.com/images/ted/b30050852c6220af8bd8ffbcce3b5f1b5170bf18_254x191.jpg?w=255
6a034c25b4b11d1a4858630e,Sam Harris,https://pi.tedcdn.com/r/pe.tedcdn.com/images/ted/b7e830c05dabebe754b320f1de0e25678f991e7a_254x191.jpg?w=255
6a034c25b4b11d1a485862eb,JD Schramm,https://pi.tedcdn.com/r/pe.tedcdn.com/images/ted/bcf07a86b16061550f827b69e45c7791c8275736_254x191.jpg?w=255
6a034c25b4b11d1a4858634d,Douglas Rushkoff,https://pi.tedcdn.com/r/pe.tedcdn.com/images/ted/f14bd7b099cea9697df23b76ba554f094b1cb783_254x191.jpg?w=255
6a034c25b4b11d1a485862fc,Juliet Brophy,https://pi.tedcdn.com/r/pe.tedcdn.com/images/ted/9ce546e4797d766d945dd38360514e86a13203a3_254x191.jpg?w=255
6a034c25b4b11d1a4858637d,Jioji Ravulo,https://pi.tedcdn.com/r/ted-conferences-speaker-photos-production.s3.amazonaws.com/23lwbh5fzmk6ny1xjmsuuds8hlh9?w=255
6a034c25b4b11d1a48586304,Karen Tse,https://pi.tedcdn.com/r/pe.tedcdn.com/images/ted/f7d35a66190e903c0b63de7c6c350c3e63f65107_254x191.jpg?w=255
6a034c25b4b11d1a48586383,Yvonne Aki-Sawyerr,https://pi.tedcdn.com/r/pe.tedcdn.com/images/ted/a3fb64fa916d228e4963e13b78b94c4c96045089_254x191.jpg?w=255
6a034c25b4b11d1a48586321,Marc Koska,https://pi.tedcdn.com/r/pe.tedcdn.com/images/ted/124721_254x191.jpg?w=255
6a034c25b4b11d1a48586392,Béatrice Coron,https://pi.tedcdn.com/r/pe.tedcdn.com/images/ted/35a50301e4486b6cf598b4a48b19d427d7bef9ec_254x191.jpg?w=255
6a034c25b4b11d1a48586324,César Hidalgo,https://pi.tedcdn.com/r/pe.tedcdn.com/images/ted/b868a38dd7edcaf45026d82907089f271ba5389a_254x191.jpg?w=255
6a034c25b4b11d1a485863a1,Susan Lozier,https://pi.tedcdn.com/r/ted-conferences-speaker-photos-production.s3.amazonaws.com/ux4etrtj71n5hpdkkr0qky54ii5b?w=255
6a034c25b4b11d1a48586334,Nadya Bartol,https://pi.tedcdn.com/r/pe.tedcdn.com/images/ted/6fa9b6e22f2a49c121c4e51afd2f7c6015aa8f4b_254x191.jpg?w=255
6a034c25b4b11d1a485863a3,Benjamin Wallace,https://pi.tedcdn.com/r/pe.tedcdn.com/images/ted/62834_254x191.jpg?w=255
6a034c25b4b11d1a48586354,Sonia Livingstone,https://tedblade-public-assets.s3.us-east-1.amazonaws.com/default-avatar.jpg
6a034c25b4b11d1a485863ab,Christopher C. Deam,https://tedblade-public-assets.s3.us-east-1.amazonaws.com/default-avatar.jpg
6a034c25b4b11d1a48586373,Richard Thompson Ford,https://pi.tedcdn.com/r/pe.tedcdn.com/images/ted/db8f5bd3c8866d253c67628eca945905a217eed0_254x191.jpg?w=255
6a034c25b4b11d1a48586380,Xavier Vilalta,https://pi.tedcdn.com/r/pe.tedcdn.com/images/ted/9ee1707e7a5316ba18f5b57437cafb78283e631b_254x191.jpg?w=255
6a034c25b4b11d1a485863aa,Itamar Mann,https://pi.tedcdn.com/r/pe.tedcdn.com/images/ted/ff872615ff6435e1a2da8448e3f8c2640f6e8857_254x191.jpg?w=255
6a034c2435bf06475c27ae5a,Anirudh Sharma,https://pi.tedcdn.com/r/pe.tedcdn.com/images/ted/5201873d71772e3c4acfcf3d95eef1d163b5527c_254x191.jpg?w=255
6a034c2435bf06475c27ae5b,Anne Lamott,https://pi.tedcdn.com/r/pe.tedcdn.com/images/ted/12edd0c16dd77734c8eb5d56c88bb79e3852b497_254x191.jpg?w=255
6a034c2435bf06475c27ae6b,Charles P. Smith,https://tedblade-public-assets.s3.us-east-1.amazonaws.com/default-avatar.jpg
6a034c2435bf06475c27ae97,Johan Rockström,https://pi.tedcdn.com/r/ted-conferences-speaker-photos-production.s3.amazonaws.com/kiw30ijzb2zjqs08oyfsjjz7mbx4?w=255
6a034c2435bf06475c27ae98,Jon Ronson,https://pi.tedcdn.com/r/pe.tedcdn.com/images/ted/1a9145251fdbbeeaef17871bae36fc14733f2b06_254x191.jpg?w=255
6a034c2435bf06475c27ae99,Jonathan Reimer,https://tedblade-public-assets.s3.us-east-1.amazonaws.com/default-avatar.jpg
6a034c2435bf06475c27aec9,Rolf Landua,https://tedblade-public-assets.s3.us-east-1.amazonaws.com/default-avatar.jpg
6a034c2435bf06475c27aee2, TED-Ed,https://tedblade-public-assets.s3.us-east-1.amazonaws.com/default-avatar.jpg
6a034c2435bf06475c27aef9,Anna Stöckl,https://tedblade-public-assets.s3.us-east-1.amazonaws.com/default-avatar.jpg
6a034c2435bf06475c27af00,Arianna Huffington,https://pi.tedcdn.com/r/pe.tedcdn.com/images/ted/601b448944645e8afd645bce6d278b5deb4e2794_254x191.jpg?w=255
6a034c2435bf06475c27af16,Casey Gerald,https://pi.tedcdn.com/r/pe.tedcdn.com/images/ted/de1be9adf2baaa5ed82ba9fe27a0c53001b18629_254x191.jpg?w=255
6a034c2435bf06475c27af21,David Whyte,https://pi.tedcdn.com/r/pe.tedcdn.com/images/ted/6ee45ac65b38b8fa6182b198cb42767f84388749_254x191.jpg?w=255
6a034c2435bf06475c27af3a,Divya Siddarth,https://pi.tedcdn.com/r/ted-conferences-speaker-photos-production.s3.amazonaws.com/vvtftgout8j23atcq50lklz40431?w=255
6a034c2435bf06475c27af76,Joseph Shin,https://pi.tedcdn.com/r/pe.tedcdn.com/images/ted/e242cdeb12dcf0ef1f450cb92657bd8d9d12a5bc_254x191.jpg?w=255
6a034c2435bf06475c27afaa,Meghan Hussey,https://pi.tedcdn.com/r/ted-conferences-speaker-photos-production.s3.amazonaws.com/l7b76yg05gd3pja621q6ia864d55?w=255
6a034c2435bf06475c27afef,Sophie Andrews,https://pi.tedcdn.com/r/pe.tedcdn.com/images/ted/9dab3c545b2aca4996ebf26a2e2d1beaf387f3c0_254x191.jpg?w=255
6a034c2435bf06475c27affc,Tombo Banda,https://pi.tedcdn.com/r/ted-conferences-speaker-photos-production.s3.amazonaws.com/5y9wmxb5jsjukzo468ofb3sy39sh?w=255
6a034c2435bf06475c27b027,David Burkus,https://pi.tedcdn.com/r/ted-conferences-speaker-photos-production.s3.amazonaws.com/sx5lsr3m88u15vj8ddrtpoq5h5ff?w=255
6a034c2435bf06475c27b030,Deval Patrick,https://pi.tedcdn.com/r/pe.tedcdn.com/images/ted/07aa62b986e2cecab021b77573953eafd2cee136_254x191.jpg?w=255
6a034c2435bf06475c27b03c,Emily Zobel Marshall,https://tedblade-public-assets.s3.us-east-1.amazonaws.com/default-avatar.jpg
6a034c2435bf06475c27b03f,Essam Daod,https://pi.tedcdn.com/r/pe.tedcdn.com/images/ted/bfe53a7b0569badf18cabd9e508935f9aa476370_254x191.jpg?w=255
6a034c2435bf06475c27b049,Jake Barton,https://pi.tedcdn.com/r/pe.tedcdn.com/images/ted/a0df3f6e047bf6fd530c6f288cb117af821f5d79_254x191.jpg?w=255
6a034c2435bf06475c27b04b,James Howard Kunstler,https://pi.tedcdn.com/r/pe.tedcdn.com/images/ted/8260_254x191.jpg?w=255
6a034c2435bf06475c27b062,Laura L. Dunn,https://tedblade-public-assets.s3.us-east-1.amazonaws.com/default-avatar.jpg
6a034c2435bf06475c27b07c,Nitish Padmanaban,https://pi.tedcdn.com/r/pe.tedcdn.com/images/ted/930f9fa0840016aa20eea80c2e2139e4f451a6dc_254x191.jpg?w=255
6a034c2435bf06475c27b081,Peter Bohacek,https://tedblade-public-assets.s3.us-east-1.amazonaws.com/default-avatar.jpg
6a034c2435bf06475c27b082,Peter Singer,https://pi.tedcdn.com/r/ted-conferences-speaker-photos-production.s3.amazonaws.com/q802wct77xrusxom0dizn6jj8p7z?w=255
6a034c2437e0c30f44bd1d04,Mike Posner,https://pi.tedcdn.com/r/ted-conferences-speaker-photos-production.s3.amazonaws.com/8280a4jxivnse6ocbwcluxlinnkr?w=255
6a034c2437e0c30f44bd1d09,Neil Gershenfeld,https://pi.tedcdn.com/r/pe.tedcdn.com/images/ted/05383a3cc6e156a8572785a7aa21468bc8023efc_254x191.jpg?w=255
6a034c2437e0c30f44bd1d87,Anirudh Krishna,https://pi.tedcdn.com/r/ted-conferences-speaker-photos-production.s3.amazonaws.com/9me7x2frkdupc849ic1ou6edx29n?w=255
6a034c2437e0c30f44bd1dc0,Pamelia Kurstin,https://pi.tedcdn.com/r/pe.tedcdn.com/images/ted/29954_254x191.jpg?w=255
6a034c2437e0c30f44bd1dfa,Shervin Khodabandeh,https://pi.tedcdn.com/r/ted-conferences-speaker-photos-production.s3.amazonaws.com/LnGs8MbedmqCdoeBK4PGAzPv?w=255
6a034c2437e0c30f44bd1e05,Esther Perel,https://pi.tedcdn.com/r/pe.tedcdn.com/images/ted/6fea08485cf7454398eeeb0fa9d8b596411cfcb3_254x191.jpg?w=255
6a034c2437e0c30f44bd1e08,Franziska Trautmann,https://pi.tedcdn.com/r/ted-conferences-speaker-photos-production.s3.amazonaws.com/rys13kin9qkycdjtvy0hz2dr8aew?w=255
6a034c2437e0c30f44bd1e3e,Jia Jiang,https://pi.tedcdn.com/r/pe.tedcdn.com/images/ted/2e15ee561aed9b4483306c01737614cd92b3b693_254x191.jpg?w=255
6a034c2437e0c30f44bd1e77,Liesbeth Demuyser,https://tedblade-public-assets.s3.us-east-1.amazonaws.com/default-avatar.jpg
6a034c2437e0c30f44bd1eb4,Simon Lewis,https://tedblade-public-assets.s3.us-east-1.amazonaws.com/default-avatar.jpg
6a034c245e700263ec4ad20a,Freada Kapor Klein,https://pi.tedcdn.com/r/ted-conferences-speaker-photos-production.s3.amazonaws.com/j5tzpmcs8k3d34iqm31szgydv669?w=255
6a034c245e700263ec4ad228,Karim Abouelnaga,https://pi.tedcdn.com/r/pe.tedcdn.com/images/ted/e91dbd1d89bc1bdefe6cbec6ebbff9c913f6e064_254x191.jpg?w=255
6a034c245e700263ec4ad229,Karl Skjonnemand,https://pi.tedcdn.com/r/pe.tedcdn.com/images/ted/982b638750078d6123d626dc13c1f53e4140c245_254x191.jpg?w=255
6a034c245e700263ec4ad24a,Parul Sehgal,https://tedblade-public-assets.s3.us-east-1.amazonaws.com/default-avatar.jpg
6a034c245e700263ec4ad281,Ben Saunders,https://pi.tedcdn.com/r/pe.tedcdn.com/images/ted/ccee2996dc81f05916a7e18207c8321d1d5a479d_254x191.jpg?w=255
6a034c245e700263ec4ad29b,Barry Schwartz,https://pi.tedcdn.com/r/pe.tedcdn.com/images/ted/ac3627e883faae0e4781eef6c0ead1fac1a9cb03_254x191.jpg?w=255
6a034c245e700263ec4ad29e,Charlotte Degot,https://pi.tedcdn.com/r/pe.tedcdn.com/images/ted/8f94802aa9fd748344e61fc8c72ea6092f860c64_254x191.jpg?w=255
6a034c245e700263ec4ad2d1,Fixable,https://tedblade-public-assets.s3.us-east-1.amazonaws.com/default-avatar.jpg
6a034c245e700263ec4ad2d5,Ise Lyfe,https://tedblade-public-assets.s3.us-east-1.amazonaws.com/default-avatar.jpg
6a034c245e700263ec4ad2f0,Joseph McGill,https://tedblade-public-assets.s3.us-east-1.amazonaws.com/default-avatar.jpg
6a034c245e700263ec4ad2fa,Karla Souza,https://tedblade-public-assets.s3.us-east-1.amazonaws.com/default-avatar.jpg
6a034c245e700263ec4ad3b9,Dan Gilbert,https://pi.tedcdn.com/r/pe.tedcdn.com/images/ted/1990_254x191.jpg?w=255
6a034c24658f0b3b67d4a2a9,Adrián Paenza,https://tedblade-public-assets.s3.us-east-1.amazonaws.com/default-avatar.jpg
6a034c24658f0b3b67d4a315,Francis Collins,https://pi.tedcdn.com/r/pe.tedcdn.com/images/ted/728348d91cc845ddd9bb0800f370776e972775a6_254x191.jpg?w=255
6a034c24658f0b3b67d4a32a,Dianna Cohen,https://pi.tedcdn.com/r/pe.tedcdn.com/images/ted/208461_254x191.jpg?w=255
6a034c24658f0b3b67d4a35d,Janine Shepherd,https://pi.tedcdn.com/r/pe.tedcdn.com/images/ted/3fd1e740bc3fb08721ee4c3ca0c6fda146eeb344_254x191.jpg?w=255
6a034c24658f0b3b67d4a3ed,Ramanan Laxminarayan,https://pi.tedcdn.com/r/pe.tedcdn.com/images/ted/ec04f77cf236ccd239b473afcdca67d25aedaaee_254x191.jpg?w=255
6a034c24658f0b3b67d4a422,Tasos Frantzolas,https://pi.tedcdn.com/r/pe.tedcdn.com/images/ted/396febb87d9d4a27dd5155fa4937917229e86312_254x191.jpg?w=255
6a034c24658f0b3b67d4a44d,Amaryllis Liampoti,https://pi.tedcdn.com/r/ted-conferences-speaker-photos-production.s3.amazonaws.com/sah6al0dhsx6l0chiyfu6juu4bq2?w=255
6a034c24658f0b3b67d4a469,Bogolo Joy Kenewendo,https://tedblade-public-assets.s3.us-east-1.amazonaws.com/default-avatar.jpg
6a034c24658f0b3b67d4a4d1,Makiko Eda,https://tedblade-public-assets.s3.us-east-1.amazonaws.com/default-avatar.jpg
6a034c24658f0b3b67d4a4e7,Paul Root Wolpe,https://pi.tedcdn.com/r/pe.tedcdn.com/images/ted/744691d5c1863b782db3c33dfab76c0c9e8b9722_254x191.jpg?w=255
6a034c249bbcd05aa3165a9a,Carvens Lissaint,https://pi.tedcdn.com/r/pe.tedcdn.com/images/ted/c9d4e6a391ca526b5d55eab555c2745333ea12f1_254x191.jpg?w=255
6a034c249bbcd05aa3165aeb,Patricia Ryan,https://pi.tedcdn.com/r/pe.tedcdn.com/images/ted/9003fd052726ad0537284a9ed9dc02a2d223b466_254x191.jpg?w=255
6a034c249bbcd05aa3165b15,Chloé Valdary,https://pi.tedcdn.com/r/pe.tedcdn.com/images/ted/75cf7574942fc4d617c80ec6967693d969cd0468_254x191.jpg?w=255
6a034c249bbcd05aa3165b2e,Gina Marie Elia,https://tedblade-public-assets.s3.us-east-1.amazonaws.com/default-avatar.jpg
6a034c249bbcd05aa3165b4f,Kala Fleming,https://tedblade-public-assets.s3.us-east-1.amazonaws.com/default-avatar.jpg
6a034c249bbcd05aa3165b6d,Morley,https://tedblade-public-assets.s3.us-east-1.amazonaws.com/default-avatar.jpg
6a034c249bbcd05aa3165b71,Olga Kitaina,https://pi.tedcdn.com/r/ted-conferences-speaker-photos-production.s3.amazonaws.com/vi9wy7a99gjaqaz5b753cyeajthj?w=255
6a034c249bbcd05aa3165bee,Luke Sital-Singh,https://pi.tedcdn.com/r/pe.tedcdn.com/images/ted/ae4ff49913a1de47fa5711f21792e8a54daa317f_254x191.jpg?w=255
6a034c249bbcd05aa3165c2a,Cara Hunter,https://tedblade-public-assets.s3.us-east-1.amazonaws.com/default-avatar.jpg
6a034c249bbcd05aa3165caa,Shai Weiss,https://pi.tedcdn.com/r/ted-conferences-speaker-photos-production.s3.amazonaws.com/ufcn7kcn95butar93kss5at0uibe?w=255
6a034c249bbcd05aa3165cbc,Will Jenkins,https://tedblade-public-assets.s3.us-east-1.amazonaws.com/default-avatar.jpg
6a034c24b9e30957c438898c,Aleph Molinari,https://pi.tedcdn.com/r/pe.tedcdn.com/images/ted/1cc8ae510166ba4acf40cc3f08c4e84a939d0981_254x191.jpg?w=255
6a034c24b9e30957c43889b2,Adam Davidson,https://pi.tedcdn.com/r/pe.tedcdn.com/images/ted/c01b712cc896ec4a09a3ea8c8eaf3b0417085d2b_254x191.jpg?w=255
6a034c24b9e30957c43889d6,Sarthak Sinha,https://tedblade-public-assets.s3.us-east-1.amazonaws.com/default-avatar.jpg
6a034c24b9e30957c43889e9,Evan Grant,https://pi.tedcdn.com/r/pe.tedcdn.com/images/ted/115556_254x191.jpg?w=255
6a034c24b9e30957c4388a29,Madhumita Murgia,https://tedblade-public-assets.s3.us-east-1.amazonaws.com/default-avatar.jpg
6a034c24b9e30957c4388a2c,Checking in with Susan David,https://tedblade-public-assets.s3.us-east-1.amazonaws.com/default-avatar.jpg
6a034c24b9e30957c4388a40,Michelle Greene,https://pi.tedcdn.com/r/pe.tedcdn.com/images/ted/53f1236b068c411fdb9dc416586ba693cd564613_254x191.jpg?w=255
6a034c24b9e30957c4388a43,Charity Wayua,https://pi.tedcdn.com/r/pe.tedcdn.com/images/ted/9e8549eef0da74943018b9e0f3d4d5f03a0d5fae_254x191.jpg?w=255
6a034c24b9e30957c4388a83,Tamas Kocsis,https://pi.tedcdn.com/r/pe.tedcdn.com/images/ted/cfdf65bd0026a5aee724ad280a6f0bba099c45f8_254x191.jpg?w=255
6a034c24b9e30957c4388a84,Tara Winkler,https://pi.tedcdn.com/r/pe.tedcdn.com/images/ted/0602b3e06430ba61998d244fab3110a3a3709eb8_254x191.jpg?w=255
6a034c24b9e30957c4388a8d,Yejin Choi,https://pi.tedcdn.com/r/ted-conferences-speaker-photos-production.s3.amazonaws.com/ks02jhmj42al7s50vl7s1ps5rhc4?w=255
6a034c24b9e30957c4388a8e,Aaron Sams,https://tedblade-public-assets.s3.us-east-1.amazonaws.com/default-avatar.jpg
6a034c24b9e30957c4388ac4,Gina Cooke,https://tedblade-public-assets.s3.us-east-1.amazonaws.com/default-avatar.jpg
6a034c24b9e30957c4388ad1,Jim Al-Khalili,https://pi.tedcdn.com/r/pe.tedcdn.com/images/ted/9692b4689262221675dcb1bcb8b8484258847912_254x191.jpg?w=255
6a034c24b9e30957c4388ad4,John Marshall,https://pi.tedcdn.com/r/pe.tedcdn.com/images/ted/84412ccf5e353aea2d199508947d79902697926c_254x191.jpg?w=255
6a034c24b9e30957c4388ae5,Lisa Krause,https://tedblade-public-assets.s3.us-east-1.amazonaws.com/default-avatar.jpg
6a034c24b9e30957c4388b1c,Tom Thum,https://pi.tedcdn.com/r/pe.tedcdn.com/images/ted/360387173f108ce66d8ecb5de63e1cd928c59342_254x191.jpg?w=255
6a034c24b9e30957c4388b2f,Bozoma Saint John,https://pi.tedcdn.com/r/pe.tedcdn.com/images/ted/942c6ddda482ee057c75e7864d752bd509030471_254x191.jpg?w=255
6a034c24b9e30957c4388b51,Geoffrey E. Braswell,https://tedblade-public-assets.s3.us-east-1.amazonaws.com/default-avatar.jpg
6a034c24b9e30957c4388b80,Magda Sayeg,https://pi.tedcdn.com/r/pe.tedcdn.com/images/ted/e19689e454099e71df171251ca38581faaa437f3_254x191.jpg?w=255
6a034c24b9e30957c4388b89,Mike Davis,https://tedblade-public-assets.s3.us-east-1.amazonaws.com/default-avatar.jpg
6a034c24d4881847be4b5090,Bill Gross,https://pi.tedcdn.com/r/pe.tedcdn.com/images/ted/fbecde9d89d09b554f1a3c1784740fcca3c426a6_254x191.jpg?w=255
6a034c24d4881847be4b50a2,Camille Seaman,https://pi.tedcdn.com/r/pe.tedcdn.com/images/ted/5ef91b02f9b49593f129c0cc9d4194a11c1f5d32_254x191.jpg?w=255
6a034c24d4881847be4b50bc,Elaine Morgan,https://pi.tedcdn.com/r/pe.tedcdn.com/images/ted/106283_254x191.jpg?w=255
6a034c24d4881847be4b50c0,David Fleischer,https://tedblade-public-assets.s3.us-east-1.amazonaws.com/default-avatar.jpg
6a034c24d4881847be4b50e2,Erin Baumgartner,https://pi.tedcdn.com/r/pe.tedcdn.com/images/ted/3113a01c69d2c59780b2262be4739527dadcc7c6_254x191.jpg?w=255
6a034c24d4881847be4b50fd,Guillaume Néry,https://pi.tedcdn.com/r/pe.tedcdn.com/images/ted/837382747b24a8e6fa8117395c35e5b71589328b_254x191.jpg?w=255
6a034c24d4881847be4b513f,Lindsey Schneider,https://tedblade-public-assets.s3.us-east-1.amazonaws.com/default-avatar.jpg
6a034c24d4881847be4b5155,Tavares Strachan,https://pi.tedcdn.com/r/ted-conferences-speaker-photos-production.s3.amazonaws.com/zh8ek6zdbr0039u4up6aluq4ngyx?w=255
6a034c24d4881847be4b515e,Natalie MacMaster,https://pi.tedcdn.com/r/pe.tedcdn.com/images/ted/7085_254x191.jpg?w=255
6a034c24d4881847be4b5174,Renzo Vitale,https://pi.tedcdn.com/r/pe.tedcdn.com/images/ted/92af2c6ed990a5c18daa8746401595f979a852ac_254x191.jpg?w=255
6a034c24d4881847be4b5186,Steve Howard,https://pi.tedcdn.com/r/ted-conferences-speaker-photos-production.s3.amazonaws.com/j1xg5oaat4uk0hkziifkh6y5zb6o?w=255
6a034c24d4881847be4b51ca,Jessica Apotheker,https://pi.tedcdn.com/r/ted-conferences-speaker-photos-production.s3.amazonaws.com/wlht86ik8wwfvnxeezfvkkupbitf?w=255
6a034c24d4881847be4b51d3,Kate Darling,https://pi.tedcdn.com/r/pe.tedcdn.com/images/ted/52836160781f84ab2ef658b83f9009d35a475ef8_254x191.jpg?w=255
6a034c24d4881847be4b51e6,Melody Smith,https://tedblade-public-assets.s3.us-east-1.amazonaws.com/default-avatar.jpg
6a034c24d4881847be4b51ef,Ocean Ramsey,https://tedblade-public-assets.s3.us-east-1.amazonaws.com/default-avatar.jpg
6a034c24d4881847be4b51f0,Olivia Vinckier,https://tedblade-public-assets.s3.us-east-1.amazonaws.com/default-avatar.jpg
6a034c24d4881847be4b51f2,Paul Cater Deaton,https://tedblade-public-assets.s3.us-east-1.amazonaws.com/default-avatar.jpg
6a034c24d4881847be4b5203,Shalinee Sharma,https://pi.tedcdn.com/r/ted-conferences-speaker-photos-production.s3.amazonaws.com/twdzrv1yvldwsh1wt2772ri5pz16?w=255
6a034c24d4881847be4b5232,Clarice Phelps,https://tedblade-public-assets.s3.us-east-1.amazonaws.com/default-avatar.jpg
6a034c24d4881847be4b5250,Jay Silver,https://pi.tedcdn.com/r/pe.tedcdn.com/images/ted/664f1def76cb03f83f27168d093b90348b3d0bf0_254x191.jpg?w=255
6a034c24d4881847be4b5257,John La Grou,https://pi.tedcdn.com/r/pe.tedcdn.com/images/ted/95295_254x191.jpg?w=255
6a034c24d4881847be4b5271,Michael S.A. Graziano,https://tedblade-public-assets.s3.us-east-1.amazonaws.com/default-avatar.jpg
6a034c24d4881847be4b5273,Michelle Obama,https://pi.tedcdn.com/r/pe.tedcdn.com/images/ted/87c9c5ebab6593bc5713de7c0e808a5c1fccf810_254x191.jpg?w=255
6a034c24d4881847be4b529a,Sunitha Krishnan,https://pi.tedcdn.com/r/pe.tedcdn.com/images/ted/134147_254x191.jpg?w=255
6a034c24d4881847be4b529f,Tomás Saraceno,https://tedblade-public-assets.s3.us-east-1.amazonaws.com/default-avatar.jpg
6a034c24da446a102707f3d0,Garry Kasparov,https://pi.tedcdn.com/r/ted-conferences-speaker-photos-production.s3.amazonaws.com/xpunf5mdcg545hmqkgivh6turm3j?w=255
6a034c24da446a102707f3d8,Ivan Seah Yu Jun,https://tedblade-public-assets.s3.us-east-1.amazonaws.com/default-avatar.jpg
6a034c24da446a102707f3e2,Joel Leon,https://pi.tedcdn.com/r/pe.tedcdn.com/images/ted/ec820cdd951011a3a3817044c5a9cc314375dafd_254x191.jpg?w=255
6a034c24da446a102707f3e9,Jun Wang,https://pi.tedcdn.com/r/pe.tedcdn.com/images/ted/897975149cbf8a530b4135c57f8ff930f700ec5d_254x191.jpg?w=255
6a034c24da446a102707f3ea,Adam Garske,https://pi.tedcdn.com/r/pe.tedcdn.com/images/ted/d2f431e564422dd610ca0f35f10073252632bc66_254x191.jpg?w=255
6a034c24da446a102707f3ec,Adam Ostrow,https://pi.tedcdn.com/r/pe.tedcdn.com/images/ted/c0f46667c1a469374077773d1257e58d7177ce8c_254x191.jpg?w=255
6a034c24da446a102707f406,Luka Seamus Wright,https://tedblade-public-assets.s3.us-east-1.amazonaws.com/default-avatar.jpg
6a034c24da446a102707f480,Lukas Rieppel,https://tedblade-public-assets.s3.us-east-1.amazonaws.com/default-avatar.jpg
6a034c24da446a102707f49d,Nathan Ide,https://tedblade-public-assets.s3.us-east-1.amazonaws.com/default-avatar.jpg
6a034c24da446a102707f4f1,The LXD,https://tedblade-public-assets.s3.us-east-1.amazonaws.com/default-avatar.jpg
6a034c24da446a102707f4f7,Jen Gunter,https://pi.tedcdn.com/r/pe.tedcdn.com/images/ted/f725b20f0ae16bd06cc35a621fff98dfbdfe0647_254x191.jpg?w=255
6a034c24da446a102707f507,Yusuf Nurbhai,https://tedblade-public-assets.s3.us-east-1.amazonaws.com/default-avatar.jpg
6a034c24da446a102707f515,Lillian Faderman,https://tedblade-public-assets.s3.us-east-1.amazonaws.com/default-avatar.jpg
6a034c24da446a102707f523,Mel Rosenberg,https://tedblade-public-assets.s3.us-east-1.amazonaws.com/default-avatar.jpg
6a034c24da446a102707f525,Michelle R. Weise,https://tedblade-public-assets.s3.us-east-1.amazonaws.com/default-avatar.jpg
6a034c24da446a102707f531,Poet Ali,https://pi.tedcdn.com/r/pe.tedcdn.com/images/ted/568f8683596db6218e05593d90213f07b6538abe_254x191.jpg?w=255
6a034c24da446a102707f534,Robert Lustig,https://tedblade-public-assets.s3.us-east-1.amazonaws.com/default-avatar.jpg
6a034c24da446a102707f566, Crush Club,https://pi.tedcdn.com/r/pe.tedcdn.com/images/ted/19076101a216f9172c0f9d74559aa8e9e148250a_254x191.jpg?w=255
6a034c24da446a102707f5ca,Mary Bassett,https://pi.tedcdn.com/r/pe.tedcdn.com/images/ted/8af7f2f476acb33118d38aea207d8b3792ad6e98_254x191.jpg?w=255
6a034c24da446a102707f5e1,Philip Johns,https://pi.tedcdn.com/r/ted-conferences-speaker-photos-production.s3.amazonaws.com/dndx393rct6vxfby95efhrepjscs?w=255
6a034c24da446a102707f5ef,Romaine Seguin,https://tedblade-public-assets.s3.us-east-1.amazonaws.com/default-avatar.jpg
6a034c25b4b11d1a48586183, First Aid Kit,https://pi.tedcdn.com/r/pe.tedcdn.com/images/ted/b65f1a2dfe99e14e40cc9f9454feabb396571cf5_254x191.jpg?w=255
6a034c25b4b11d1a4858619e,Cecilia M. Orphan,https://tedblade-public-assets.s3.us-east-1.amazonaws.com/default-avatar.jpg
6a034c25b4b11d1a485861a3,David Epstein,https://pi.tedcdn.com/r/pe.tedcdn.com/images/ted/48a79840217f203c520ac7dcd4b042bdf87c5533_254x191.jpg?w=255
6a034c25b4b11d1a485861fb,Kathy Mendias,https://pi.tedcdn.com/r/pe.tedcdn.com/images/ted/d8be9e86b90d07b1ed5e8128850cbe930067ee86_254x191.jpg?w=255
6a034c25b4b11d1a485861fd,Kelli Anderson,https://pi.tedcdn.com/r/pe.tedcdn.com/images/ted/17c3758960bbc85a46ed13c5be54d458e09b456f_254x191.jpg?w=255
6a034c25b4b11d1a48586213,Marie Brodsky,https://tedblade-public-assets.s3.us-east-1.amazonaws.com/default-avatar.jpg
6a034c25b4b11d1a48586229,Jennifer Vail,https://pi.tedcdn.com/r/pe.tedcdn.com/images/ted/9cac2c6944d4a14eee73045be377f19f91915718_254x191.jpg?w=255
6a034c25b4b11d1a48586248,Keith Lowe,https://tedblade-public-assets.s3.us-east-1.amazonaws.com/default-avatar.jpg
6a034c25b4b11d1a48586252,Lucien Engelen,https://pi.tedcdn.com/r/pe.tedcdn.com/images/ted/a18f2dc3237f7dbdf6243f43a7a048719c092f2b_254x191.jpg?w=255
6a034c25b4b11d1a48586279,Noriko Arai,https://pi.tedcdn.com/r/pe.tedcdn.com/images/ted/565911e7a6ef0db811b6dc20fb409ec60cb0cff2_254x191.jpg?w=255
6a034c25b4b11d1a48586287,Richard Branson,https://pi.tedcdn.com/r/pe.tedcdn.com/images/ted/17630_254x191.jpg?w=255
6a034c25b4b11d1a4858629b,Theresa A. Yugar,https://tedblade-public-assets.s3.us-east-1.amazonaws.com/default-avatar.jpg
6a034c25b4b11d1a485862ac,Alastair Gray,https://pi.tedcdn.com/r/pe.tedcdn.com/images/ted/e15cd5e1aa9b852d23c8f31533049bea1002f0bc_254x191.jpg?w=255
6a034c25b4b11d1a485862df,Haaziq Kazi,https://tedblade-public-assets.s3.us-east-1.amazonaws.com/default-avatar.jpg
6a034c25b4b11d1a485862e3,Caroline Winterer,https://tedblade-public-assets.s3.us-east-1.amazonaws.com/default-avatar.jpg
6a034c25b4b11d1a4858631f,Lynn Rothschild,https://pi.tedcdn.com/r/pe.tedcdn.com/images/ted/6b0981cbae5a44106227cced11a8ea88c9f5298b_254x191.jpg?w=255
6a034c25b4b11d1a4858635e,Michael Patrick Lynch,https://tedblade-public-assets.s3.us-east-1.amazonaws.com/default-avatar.jpg
6a034c25b4b11d1a48586366,Tanya Khovanova,https://tedblade-public-assets.s3.us-east-1.amazonaws.com/default-avatar.jpg
